date,cash,positions_value,total_value,num_positions,positions,benchmark_value
2005-01-03,100000.0,0.0,100000.0,0,None,99999.99999999999
2005-01-04,100000.0,0.0,100000.0,0,None,98778.0495526393
2005-01-05,100000.0,0.0,100000.0,0,None,98096.47463197328
2005-01-06,100000.0,0.0,100000.0,0,None,98595.21395674885
2005-01-07,100000.0,0.0,100000.0,0,None,98453.89207564804
2005-01-10,100000.0,0.0,100000.0,0,None,98919.39970000075
2005-01-11,100000.0,0.0,100000.0,0,None,98237.75882472657
2005-01-12,100000.0,0.0,100000.0,0,None,98561.98225632598
2005-01-13,100000.0,0.0,100000.0,0,None,97772.29831080826
2005-01-14,100000.0,0.0,100000.0,0,None,98287.64877475181
2005-01-17,100000.0,0.0,100000.0,0,None,98287.64877475181
2005-01-18,100000.0,0.0,100000.0,0,None,99310.10537661964
2005-01-19,100000.0,0.0,100000.0,0,None,98270.99994723631
2005-01-20,100000.0,0.0,100000.0,0,None,97672.5372549315
2005-01-21,100000.0,0.0,100000.0,0,None,97074.02745219233
2005-01-24,100000.0,0.0,100000.0,0,None,96882.83446524003
2005-01-25,100000.0,0.0,100000.0,0,None,97157.10199220604
2005-01-26,100000.0,0.0,100000.0,0,None,97448.0466129482
2005-01-27,100000.0,0.0,100000.0,0,None,97614.28991384443
2005-01-28,100000.0,0.0,100000.0,0,None,97614.28991384443
2005-01-31,100000.0,0.0,100000.0,0,None,98221.14768555856
2005-02-01,100000.0,0.0,100000.0,0,None,98844.55064183255
2005-02-02,100000.0,0.0,100000.0,0,None,99143.81496528903
2005-02-03,100000.0,0.0,100000.0,0,None,98886.13973331725
2005-02-04,100000.0,0.0,100000.0,0,None,99941.85630186858
2005-02-07,100000.0,0.0,100000.0,0,None,99808.81643513458
2005-02-08,100000.0,0.0,100000.0,0,None,99925.21689643995
2005-02-09,100000.0,0.0,100000.0,0,None,99177.0843540594
2005-02-10,100000.0,0.0,100000.0,0,None,99534.51121982104
2005-02-11,100000.0,0.0,100000.0,0,None,100390.68683244514
2005-02-14,100000.0,0.0,100000.0,0,None,100315.88488471134
2005-02-15,100000.0,0.0,100000.0,0,None,100689.94173381473
2005-02-16,100000.0,0.0,100000.0,0,None,100756.48051135549
2005-02-17,100000.0,0.0,100000.0,0,None,99941.85630186858
2005-02-18,100000.0,0.0,100000.0,0,None,100074.85848025506
2005-02-21,100000.0,0.0,100000.0,0,None,100074.85848025506
2005-02-22,100000.0,0.0,100000.0,0,None,98586.88483194765
2005-02-23,100000.0,0.0,100000.0,0,None,99293.4282828435
2005-02-24,100000.0,0.0,100000.0,0,None,99950.11947206162
2005-02-25,100000.0,0.0,100000.0,0,None,100939.3443735066
2005-02-28,100000.0,0.0,100000.0,0,None,100274.35232574791
2005-03-01,100000.0,0.0,100000.0,0,None,100773.0822284366
2005-03-02,100000.0,0.0,100000.0,0,None,100723.16401215071
2005-03-03,100000.0,0.0,100000.0,0,None,100764.80021406981
2005-03-04,100000.0,0.0,100000.0,0,None,102020.00120602711
2005-03-07,100000.0,0.0,100000.0,0,None,102069.84404561797
2005-03-08,100000.0,0.0,100000.0,0,None,101687.45807171338
2005-03-09,100000.0,0.0,100000.0,0,None,100556.93955542824
2005-03-10,100000.0,0.0,100000.0,0,None,100781.4113532378
2005-03-11,100000.0,0.0,100000.0,0,None,100074.85848025506
2005-03-14,100000.0,0.0,100000.0,0,None,100698.30854696344
2005-03-15,100000.0,0.0,100000.0,0,None,99867.02608787414
2005-03-16,100000.0,0.0,100000.0,0,None,99019.17017796436
2005-03-17,100000.0,0.0,100000.0,0,None,99218.6734455441
2005-03-18,100000.0,0.0,100000.0,0,None,98924.05421091906
2005-03-21,100000.0,0.0,100000.0,0,None,98556.86606315059
2005-03-22,100000.0,0.0,100000.0,0,None,97555.4772475446
2005-03-23,100000.0,0.0,100000.0,0,None,97638.90982685973
2005-03-24,100000.0,0.0,100000.0,0,None,97755.75312624841
2005-03-25,100000.0,0.0,100000.0,0,None,97755.75312624841
2005-03-28,100000.0,0.0,100000.0,0,None,97897.57437795382
2005-03-29,100000.0,0.0,100000.0,0,None,97246.64950590576
2005-03-30,100000.0,0.0,100000.0,0,None,98623.6498149502
2005-03-31,100000.0,0.0,100000.0,0,None,98440.00391958814
2005-04-01,100000.0,0.0,100000.0,0,None,97997.71231730573
2005-04-04,100000.0,0.0,100000.0,0,None,98164.66227471789
2005-04-05,100000.0,0.0,100000.0,0,None,98631.96009557764
2005-04-06,100000.0,0.0,100000.0,0,None,98974.14202476878
2005-04-07,100000.0,0.0,100000.0,0,None,99508.1953311675
2005-04-08,100000.0,0.0,100000.0,0,None,98473.43348383546
2005-04-11,100000.0,0.0,100000.0,0,None,98548.489827915
2005-04-12,100000.0,0.0,100000.0,0,None,99057.5746040839
2005-04-13,100000.0,0.0,100000.0,0,None,97889.2546752395
2005-04-14,100000.0,0.0,100000.0,0,None,96612.40172763384
2005-04-15,100000.0,0.0,100000.0,0,None,95260.52070220928
2005-04-18,100000.0,0.0,100000.0,0,None,95552.59597337694
2005-04-19,100000.0,0.0,100000.0,0,None,96312.02559792563
2005-04-20,100000.0,0.0,100000.0,0,None,94968.44543104162
2005-04-21,100000.0,0.0,100000.0,0,None,96812.72471677206
2005-04-22,100000.0,0.0,100000.0,0,None,96445.53656900358
2005-04-25,100000.0,0.0,100000.0,0,None,97079.74665892798
2005-04-26,100000.0,0.0,100000.0,0,None,96136.72767153851
2005-04-27,100000.0,0.0,100000.0,0,None,96512.31089871633
2005-04-28,100000.0,0.0,100000.0,0,None,95302.19459247589
2005-04-29,100000.0,0.0,100000.0,0,None,96595.75290011833
2005-05-02,100000.0,0.0,100000.0,0,None,97138.15417549202
2005-05-03,100000.0,0.0,100000.0,0,None,97305.08528873042
2005-05-04,100000.0,0.0,100000.0,0,None,98056.17636639102
2005-05-05,100000.0,0.0,100000.0,0,None,98022.74680214371
2005-05-06,100000.0,0.0,100000.0,0,None,97714.01328137366
2005-05-09,100000.0,0.0,100000.0,0,None,98323.1794643732
2005-05-10,100000.0,0.0,100000.0,0,None,97305.08528873042
2005-05-11,100000.0,0.0,100000.0,0,None,97839.14801721602
2005-05-12,100000.0,0.0,100000.0,0,None,96762.64632500922
2005-05-13,100000.0,0.0,100000.0,0,None,96570.73725945411
2005-05-16,100000.0,0.0,100000.0,0,None,97472.00697988195
2005-05-17,100000.0,0.0,100000.0,0,None,98122.90358566938
2005-05-18,100000.0,0.0,100000.0,0,None,99132.71574694535
2005-05-19,100000.0,0.0,100000.0,0,None,99549.93517604226
2005-05-20,100000.0,0.0,100000.0,0,None,99408.08565807623
2005-05-23,100000.0,0.0,100000.0,0,None,99958.88201285926
2005-05-24,100000.0,0.0,100000.0,0,None,99725.185991995
2005-05-25,100000.0,0.0,100000.0,0,None,99650.0636933073
2005-05-26,100000.0,0.0,100000.0,0,None,100184.19237640106
2005-05-27,100000.0,0.0,100000.0,0,None,100351.08580129195
2005-05-30,100000.0,0.0,100000.0,0,None,100351.08580129195
2005-05-31,100000.0,0.0,100000.0,0,None,99708.49005404508
2005-06-01,100000.0,0.0,100000.0,0,None,100559.73791523137
2005-06-02,100000.0,0.0,100000.0,0,None,100776.71915397196
2005-06-03,100000.0,0.0,100000.0,0,None,100267.65322197683
2005-06-06,100000.0,0.0,100000.0,0,None,100175.86325159986
2005-06-07,100000.0,0.0,100000.0,0,None,100250.95728402691
2005-06-08,100000.0,0.0,100000.0,0,None,100067.32081075173
2005-06-09,100000.0,0.0,100000.0,0,None,100543.00428893394
2005-06-10,100000.0,0.0,100000.0,0,None,100309.30826806967
2005-06-13,100000.0,0.0,100000.0,0,None,100626.5122449441
2005-06-14,100000.0,0.0,100000.0,0,None,100860.14231120021
2005-06-15,100000.0,0.0,100000.0,0,None,101052.07022092909
2005-06-16,100000.0,0.0,100000.0,0,None,101310.75361619693
2005-06-17,100000.0,0.0,100000.0,0,None,101686.17666789782
2005-06-20,100000.0,0.0,100000.0,0,None,101719.64392049266
2005-06-21,100000.0,0.0,100000.0,0,None,101778.29641131555
2005-06-22,100000.0,0.0,100000.0,0,None,101862.09645201896
2005-06-23,100000.0,0.0,100000.0,0,None,100429.35507699728
2005-06-24,100000.0,0.0,100000.0,0,None,99691.97313574588
2005-06-27,100000.0,0.0,100000.0,0,None,99834.42566727218
2005-06-28,100000.0,0.0,100000.0,0,None,100672.33185343754
2005-06-29,100000.0,0.0,100000.0,0,None,100404.17926085612
2005-06-30,100000.0,0.0,100000.0,0,None,99859.57321715272
2005-07-01,100000.0,0.0,100000.0,0,None,100152.84509335403
2005-07-04,100000.0,0.0,100000.0,0,None,100152.84509335403
2005-07-05,100000.0,0.0,100000.0,0,None,100957.19922814264
2005-07-06,100000.0,0.0,100000.0,0,None,100110.91680674169
2005-07-07,100000.0,0.0,100000.0,0,None,100504.71292785696
2005-07-08,100000.0,0.0,100000.0,0,None,101652.63403860794
2005-07-11,100000.0,0.0,100000.0,0,None,102172.13022077833
2005-07-12,100000.0,0.0,100000.0,0,None,102440.27339127287
2005-07-13,100000.0,0.0,100000.0,0,None,102582.70707862542
2005-07-14,100000.0,0.0,100000.0,0,None,102984.88885706317
2005-07-15,100000.0,0.0,100000.0,0,None,102926.2269441534
2005-07-18,100000.0,0.0,100000.0,0,None,102515.68777465382
2005-07-19,100000.0,0.0,100000.0,0,None,103077.06513300216
2005-07-20,100000.0,0.0,100000.0,0,None,103428.9800779395
2005-07-21,100000.0,0.0,100000.0,0,None,102825.68385506568
2005-07-22,100000.0,0.0,100000.0,0,None,103512.74243029539
2005-07-25,100000.0,0.0,100000.0,0,None,103219.49882035471
2005-07-26,100000.0,0.0,100000.0,0,None,103345.1706151492
2005-07-27,100000.0,0.0,100000.0,0,None,103722.22368788018
2005-07-28,100000.0,0.0,100000.0,0,None,104375.79616634129
2005-07-29,100000.0,0.0,100000.0,0,None,103680.34251170223
2005-08-01,100000.0,0.0,100000.0,0,None,103604.9187062344
2005-08-02,100000.0,0.0,100000.0,0,None,104224.99566584003
2005-08-03,100000.0,0.0,100000.0,0,None,104501.48680530953
2005-08-04,100000.0,0.0,100000.0,0,None,103663.59946331792
2005-08-05,100000.0,0.0,100000.0,0,None,102959.75072926952
2005-08-08,100000.0,0.0,100000.0,0,None,102766.99367589528
2005-08-09,100000.0,0.0,100000.0,0,None,103387.03294715339
2005-08-10,100000.0,0.0,100000.0,0,None,103336.78495782673
2005-08-11,100000.0,0.0,100000.0,0,None,103747.3712377607
2005-08-12,100000.0,0.0,100000.0,0,None,103110.57949603141
2005-08-15,100000.0,0.0,100000.0,0,None,103747.3712377607
2005-08-16,100000.0,0.0,100000.0,0,None,102398.37337092117
2005-08-17,100000.0,0.0,100000.0,0,None,102389.9877135987
2005-08-18,100000.0,0.0,100000.0,0,None,102381.63032253688
2005-08-19,100000.0,0.0,100000.0,0,None,102616.25913000217
2005-08-22,100000.0,0.0,100000.0,0,None,102616.25913000217
2005-08-23,100000.0,0.0,100000.0,0,None,102423.5209208017
2005-08-24,100000.0,0.0,100000.0,0,None,101510.20977334227
2005-08-25,100000.0,0.0,100000.0,0,None,101878.85834457702
2005-08-26,100000.0,0.0,100000.0,0,None,101183.45180037235
2005-08-29,100000.0,0.0,100000.0,0,None,101962.66780736731
2005-08-30,100000.0,0.0,100000.0,0,None,101426.40973263886
2005-08-31,100000.0,0.0,100000.0,0,None,102708.36945133303
2005-09-01,100000.0,0.0,100000.0,0,None,102632.96449003897
2005-09-02,100000.0,0.0,100000.0,0,None,102448.66847068223
2005-09-05,100000.0,0.0,100000.0,0,None,102448.66847068223
2005-09-06,100000.0,0.0,100000.0,0,None,103646.8187265861
2005-09-07,100000.0,0.0,100000.0,0,None,103822.7667769679
2005-09-08,100000.0,0.0,100000.0,0,None,103479.27517770055
2005-09-09,100000.0,0.0,100000.0,0,None,104400.9060278743
2005-09-12,100000.0,0.0,100000.0,0,None,104191.44361446328
2005-09-13,100000.0,0.0,100000.0,0,None,103613.26667520935
2005-09-14,100000.0,0.0,100000.0,0,None,103236.27013499965
2005-09-15,100000.0,0.0,100000.0,0,None,103185.93734689108
2005-09-16,100000.0,0.0,100000.0,0,None,103919.72005095464
2005-09-19,100000.0,0.0,100000.0,0,None,103574.73976196039
2005-09-20,100000.0,0.0,100000.0,0,None,102699.64459888291
2005-09-21,100000.0,0.0,100000.0,0,None,101740.35366745309
2005-09-22,100000.0,0.0,100000.0,0,None,102102.16180361355
2005-09-23,100000.0,0.0,100000.0,0,None,102186.3575719659
2005-09-26,100000.0,0.0,100000.0,0,None,102304.16192421626
2005-09-27,100000.0,0.0,100000.0,0,None,102278.89188720631
2005-09-28,100000.0,0.0,100000.0,0,None,102379.87781437734
2005-09-29,100000.0,0.0,100000.0,0,None,103212.91278162618
2005-09-30,100000.0,0.0,100000.0,0,None,103532.67956613173
2005-10-03,100000.0,0.0,100000.0,0,None,103162.41981804065
2005-10-04,100000.0,0.0,100000.0,0,None,102001.21356479003
2005-10-05,100000.0,0.0,100000.0,0,None,100663.26780585978
2005-10-06,100000.0,0.0,100000.0,0,None,100301.49735804684
2005-10-07,100000.0,0.0,100000.0,0,None,100646.49649121484
2005-10-10,100000.0,0.0,100000.0,0,None,99796.59598845229
2005-10-11,100000.0,0.0,100000.0,0,None,99653.51217710508
2005-10-12,100000.0,0.0,100000.0,0,None,98871.03612804992
2005-10-13,100000.0,0.0,100000.0,0,None,98812.07270836002
2005-10-14,100000.0,0.0,100000.0,0,None,99855.4651872734
2005-10-17,100000.0,0.0,100000.0,0,None,100225.74377953823
2005-10-18,100000.0,0.0,100000.0,0,None,99140.29110479621
2005-10-19,100000.0,0.0,100000.0,0,None,100789.5143479539
2005-10-20,100000.0,0.0,100000.0,0,None,99014.0445627021
2005-10-21,100000.0,0.0,100000.0,0,None,99401.10389169876
2005-10-24,100000.0,0.0,100000.0,0,None,100941.00266079733
2005-10-25,100000.0,0.0,100000.0,0,None,100738.99311810774
2005-10-26,100000.0,0.0,100000.0,0,None,100444.57174730716
2005-10-27,100000.0,0.0,100000.0,0,None,99375.89980929696
2005-10-28,100000.0,0.0,100000.0,0,None,100806.33277303322
2005-10-31,100000.0,0.0,100000.0,0,None,101084.02051753638
2005-11-01,100000.0,0.0,100000.0,0,None,101386.95945487573
2005-11-02,100000.0,0.0,100000.0,0,None,102447.20804721596
2005-11-03,100000.0,0.0,100000.0,0,None,102884.7320735375
2005-11-04,100000.0,0.0,100000.0,0,None,102750.13756246843
2005-11-07,100000.0,0.0,100000.0,0,None,102851.04811294444
2005-11-08,100000.0,0.0,100000.0,0,None,102851.04811294444
2005-11-09,100000.0,0.0,100000.0,0,None,102985.66146818726
2005-11-10,100000.0,0.0,100000.0,0,None,103785.08785153805
2005-11-11,100000.0,0.0,100000.0,0,None,104138.48206411541
2005-11-14,100000.0,0.0,100000.0,0,None,104079.62228738118
2005-11-15,100000.0,0.0,100000.0,0,None,103700.9863040545
2005-11-16,100000.0,0.0,100000.0,0,None,103911.28728319777
2005-11-17,100000.0,0.0,100000.0,0,None,104879.01098238445
2005-11-18,100000.0,0.0,100000.0,0,None,105291.32150421731
2005-11-21,100000.0,0.0,100000.0,0,None,105821.46464456119
2005-11-22,100000.0,0.0,100000.0,0,None,106275.79767387519
2005-11-23,100000.0,0.0,100000.0,0,None,106890.08005005012
2005-11-24,100000.0,0.0,100000.0,0,None,106890.08005005012
2005-11-25,100000.0,0.0,100000.0,0,None,106974.20044170742
2005-11-28,100000.0,0.0,100000.0,0,None,106216.90020879344
2005-11-29,100000.0,0.0,100000.0,0,None,106099.09585654306
2005-11-30,100000.0,0.0,100000.0,0,None,105526.93963080493
2005-12-01,100000.0,0.0,100000.0,0,None,106603.97838196385
2005-12-02,0.0,99950.02498750624,99950.02498750624,1,EEM,106738.60115929357
2005-12-05,0.0,100761.66210814049,100761.66210814049,1,EEM,106511.38753420216
2005-12-06,0.0,101689.30547112359,101689.30547112359,1,EEM,106713.34996645736
2005-12-07,0.0,100726.8795477867,100726.8795477867,1,EEM,106090.7101992206
2005-12-08,0.0,99973.18964415332,99973.18964415332,1,EEM,106023.33285594759
2005-12-09,0.0,100993.57294888627,100993.57294888627,1,EEM,106301.03002253763
2005-12-12,0.0,101573.3398863555,101573.3398863555,1,EEM,106402.05363805618
2005-12-13,0.0,102906.77639866775,102906.77639866775,1,EEM,107125.6699103771
2005-12-14,0.0,102222.67194453233,102222.67194453233,1,EEM,107546.43204414059
2005-12-15,0.0,101805.22023391571,101805.22023391571,1,EEM,107235.06976113125
2005-12-16,0.0,101457.38446598263,101457.38446598263,1,EEM,106889.95756292068
2005-12-19,0.0,101225.52444721281,101225.52444721281,1,EEM,106340.08457265182
2005-12-20,0.0,102095.10878484792,102095.10878484792,1,EEM,106441.59813668809
2005-12-21,0.0,103753.22657284136,103753.22657284136,1,EEM,106610.74344034311
2005-12-22,0.0,103776.42172267401,103776.42172267401,1,EEM,107169.10573089012
2005-12-23,0.0,104395.47404756797,104395.47404756797,1,EEM,107228.31412483887
2005-12-26,0.0,104395.47404756797,104395.47404756797,1,EEM,107228.31412483887
2005-12-27,0.0,103234.72044520621,103234.72044520621,1,EEM,106137.0951329268
2005-12-28,0.0,103516.12172615145,103516.12172615145,1,EEM,106373.87217620056
2005-12-29,0.0,103527.85143820531,103527.85143820531,1,EEM,105900.23329087113
2005-12-30,0.0,103469.21304233126,103469.21304233126,1,EEM,105324.93008811535
2006-01-02,1.3666859190332405,103467.84562301636,103469.21230893538,1,EEM,105324.93008811535
2006-01-03,1.3666859190332405,107336.90201377869,107338.26869969771,1,EEM,107177.5290765601
2006-01-04,1.3666859190332405,108310.02834892273,108311.39503484176,1,EEM,107685.05920839394
2006-01-05,1.3666859190332405,108861.09391593933,108862.46060185836,1,EEM,107752.74748053396
2006-01-06,1.3666859190332405,111135.60139083862,111136.96807675765,1,EEM,108649.45691091228
2006-01-09,1.3666859190332405,112226.00296783447,112227.3696537535,1,EEM,108928.59565679483
2006-01-10,1.3666859190332405,110877.67310714722,110879.03979306624,1,EEM,109038.51372232732
2006-01-11,1.3666859190332405,112179.09490394592,112180.46158986495,1,EEM,109385.39727287117
2006-01-12,1.3666859190332405,110619.7753162384,110621.14200215743,1,EEM,108953.96933676045
2006-01-13,1.3666859190332405,110736.9692440033,110738.33592992232,1,EEM,108852.47461689793
2006-01-16,1.3666859190332405,110736.9692440033,110738.33592992232,1,EEM,108852.47461689793
2006-01-17,1.3666859190332405,108802.4359664917,108803.80265241073,1,EEM,108556.37611463288
2006-01-18,1.3666859190332405,108743.82883834839,108745.19552426742,1,EEM,108124.97644478279
2006-01-19,1.3666859190332405,112261.16114616394,112262.52783208297,1,EEM,108539.4823128585
2006-01-20,1.3666859190332405,108919.70104408264,108921.06773000167,1,EEM,106560.0149245856
2006-01-23,1.3666859190332405,112085.27877616882,112086.64546208785,1,EEM,106940.67665659131
2006-01-24,1.3666859190332405,113843.9601764679,113845.32686238692,1,EEM,107050.66067673196
2006-01-25,1.3666859190332405,113902.52664756775,113903.89333348678,1,EEM,107143.74147301137
2006-01-26,1.3666859190332405,116599.15587615967,116600.5225620787,1,EEM,107735.83483458584
2006-01-27,1.3666859190332405,117935.73585128784,117937.10253720687,1,EEM,108734.00129647915
2006-01-30,1.3666859190332405,117384.72110557556,117386.08779149459,1,EEM,108649.45691091228
2006-01-31,1.3666859190332405,118158.52628517151,118159.89297109054,1,EEM,107854.27046665711
2006-02-01,1.3666859190332405,118099.92932128906,118101.29600720809,1,EEM,108607.16116291164
2006-02-02,1.3666859190332405,115063.30556678772,115064.67225270675,1,EEM,107346.74975691015
2006-02-03,1.3666859190332405,113492.20560073853,113493.57228665755,1,EEM,106813.79883467629
2006-02-06,1.3666859190332405,116188.82466506958,116190.1913509886,1,EEM,107092.95642473259
2006-02-07,1.3666859190332405,113140.50184631348,113141.8685322325,1,EEM,106145.53732277054
2006-02-08,1.3666859190332405,113492.20560073853,113493.57228665755,1,EEM,107109.86907068072
2006-02-09,1.3666859190332405,113785.34288406372,113786.70956998275,1,EEM,106932.2156225738
2006-02-10,1.3666859190332405,113609.4910068512,113610.85769277022,1,EEM,107126.78171662884
2006-02-13,1.3666859190332405,110807.32625770569,110808.69294362472,1,EEM,106932.2156225738
2006-02-14,1.3666859190332405,113609.4910068512,113610.85769277022,1,EEM,108065.72094039964
2006-02-15,1.3666859190332405,113023.2164402008,113024.58312611983,1,EEM,108446.39209449221
2006-02-16,1.3666859190332405,115954.32500267029,115955.69168858932,1,EEM,109258.47234052175
2006-02-17,1.3666859190332405,115801.91191101074,115803.27859692977,1,EEM,108962.46805912547
2006-02-20,1.3666859190332405,115801.91191101074,115803.27859692977,1,EEM,108962.46805912547
2006-02-21,1.3666859190332405,114781.87751197815,114783.24419789718,1,EEM,108691.72439265226
2006-02-22,1.3666859190332405,115403.30009269714,115404.66677861617,1,EEM,109351.57198097491
2006-02-23,1.3666859190332405,115368.14191436768,115369.5086002867,1,EEM,109190.81233464237
2006-02-24,1.3666859190332405,115590.87136268616,115592.23804860518,1,EEM,109469.98876887243
2006-02-27,1.3666859190332405,116646.08426856995,116647.45095448897,1,EEM,109512.24682852555
2006-02-28,1.3666859190332405,113609.4910068512,113610.85769277022,1,EEM,108471.79404071848
2006-03-01,1.3666859190332405,116751.60962486267,116752.9763107817,1,EEM,109436.11636654178
2006-03-02,1.3666859190332405,116845.4155883789,116846.78227429793,1,EEM,109427.67417669804
2006-03-03,1.3666859190332405,114899.12226104736,114900.48894696639,1,EEM,108920.11577860356
2006-03-06,1.3666859190332405,113140.50184631348,113141.8685322325,1,EEM,108421.02783661347
2006-03-07,1.3666859190332405,109154.1803779602,109155.54706387923,1,EEM,108251.84484461094
2006-03-08,1.3666859190332405,109799.02141571045,109800.38810162948,1,EEM,108480.28334099663
2006-03-09,1.3666859190332405,108685.22171020508,108686.5883961241,1,EEM,107752.74748053396
2006-03-10,1.3666859190332405,110971.45874214172,110972.82542806075,1,EEM,108776.29704447978
2006-03-13,1.3666859190332405,110854.2444858551,110855.61117177413,1,EEM,108979.30532837857
2006-03-14,1.3666859190332405,114312.94933700562,114314.31602292464,1,EEM,110121.33763483005
2006-03-15,1.3666859190332405,115637.7794265747,115639.14611249373,1,EEM,110611.94569862889
2006-03-16,1.3666859190332405,114606.01547050476,114607.38215642379,1,EEM,110840.35592875394
2006-03-17,1.3666859190332405,115415.01948547363,115416.38617139266,1,EEM,110932.88082190747
2006-03-20,1.3666859190332405,116071.59008026123,116072.95676618026,1,EEM,110754.5772498059
2006-03-21,1.3666859190332405,113726.68493461609,113728.05162053512,1,EEM,110058.17196439204
2006-03-22,1.3666859190332405,114981.20883178711,114982.57551770614,1,EEM,110729.09050479771
2006-03-23,1.3666859190332405,113914.27653312683,113915.64321904586,1,EEM,110499.81344267978
2006-03-24,1.3666859190332405,114899.12226104736,114900.48894696639,1,EEM,110584.6970233743
2006-03-27,1.3666859190332405,115602.61108398438,115603.9777699034,1,EEM,110423.40031808964
2006-03-28,1.3666859190332405,113492.20560073853,113493.57228665755,1,EEM,109743.92652279767
2006-03-29,1.3666859190332405,115661.21821212769,115662.58489804671,1,EEM,110431.87077419403
2006-03-30,1.3666859190332405,116247.46228599548,116248.82897191451,1,EEM,110236.51322484114
2006-03-31,1.3666859190332405,116071.59008026123,116072.95676618026,1,EEM,110261.99054776243
2006-04-03,1.3666859190332405,119354.43288993835,119355.79957585738,1,EEM,110177.0692787204
2006-04-04,1.3666859190332405,120057.86072731018,120059.22741322921,1,EEM,110881.95444232551
2006-04-05,1.3666859190332405,121288.93567466736,121290.30236058639,1,EEM,111264.15197449252
2006-04-06,1.3666859190332405,120667.56391525269,120668.93060117171,1,EEM,111145.22639390352
2006-04-07,1.3666859190332405,118826.80610847473,118828.17279439376,1,EEM,110015.71604091446
2006-04-10,1.3666859190332405,118416.46473312378,118417.8314190428,1,EEM,110185.57742317229
2006-04-11,1.3666859190332405,117408.15989112854,117409.52657704757,1,EEM,109251.33039866733
2006-04-12,1.3666859190332405,118088.16927146912,118089.53595738814,1,EEM,109455.17724829837
2006-04-13,1.3666859190332405,118650.9542312622,118652.32091718123,1,EEM,109310.84029939622
2006-04-14,1.3666859190332405,118650.9542312622,118652.32091718123,1,EEM,109310.84029939622
2006-04-17,1.3666859190332405,120057.86072731018,120059.22741322921,1,EEM,109268.35610965801
2006-04-18,1.3666859190332405,124044.15170288086,124045.51838879989,1,EEM,111000.87060082762
2006-04-19,1.3666859190332405,124806.2984752655,124807.66516118453,1,EEM,111213.18790656303
2006-04-20,1.3666859190332405,124360.76842880249,124362.13511472152,1,EEM,111366.04242200396
2006-04-21,1.3666859190332405,125333.85410690308,125335.2207928221,1,EEM,111383.03986673399
2006-04-24,1.3666859190332405,123692.43778419495,123693.80447011397,1,EEM,111179.25897171111
2006-04-25,1.3666859190332405,121992.40416908264,121993.77085500167,1,EEM,110720.61062660646
2006-04-26,1.3666859190332405,124395.90627861023,124397.27296452926,1,EEM,110746.05968326711
2006-04-27,1.3666859190332405,122437.92405128479,122439.29073720382,1,EEM,111281.13999713567
2006-04-28,1.3666859190332405,123633.8408203125,123635.20750623153,1,EEM,111654.81054067702
2006-05-01,1.3666859190332405,123598.68264198303,123600.04932790206,1,EEM,110746.05968326711
2006-05-02,1.3666859190332405,125779.40448188782,125780.77116780684,1,EEM,111578.387994
2006-05-03,1.3666859190332405,125920.07785224915,125921.44453816817,1,EEM,111162.23326072044
2006-05-04,1.3666859190332405,127151.1324710846,127152.49915700362,1,EEM,111561.40939344373
2006-05-05,1.3666859190332405,129202.93082618713,129204.29751210616,1,EEM,112546.52626500938
2006-05-08,1.3666859190332405,130140.84816169739,130142.21484761641,1,EEM,112410.69746055914
2006-05-09,1.3666859190332405,130258.1234035492,130259.49008946822,1,EEM,112631.4946444858
2006-05-10,1.3666859190332405,128851.18641471863,128852.55310063766,1,EEM,112572.02243210444
2006-05-11,1.3666859190332405,125568.3436050415,125569.71029096053,1,EEM,111213.18790656303
2006-05-12,1.3666859190332405,122285.51095962524,122286.87764554427,1,EEM,109760.95223378835
2006-05-15,1.3666859190332405,119354.43288993835,119355.79957585738,1,EEM,109981.73999562814
2006-05-16,1.3666859190332405,119952.33537101746,119953.70205693648,1,EEM,109820.39617990909
2006-05-17,1.3666859190332405,115837.1310749054,115838.49776082442,1,EEM,107731.10494697248
2006-05-18,1.3666859190332405,113609.4910068512,113610.85769277022,1,EEM,107187.62955369458
2006-05-19,1.3666859190332405,116059.86052322388,116061.2272091429,1,EEM,107943.43167479477
2006-05-22,1.3666859190332405,110596.29587364197,110597.662559561,1,EEM,107119.64919686131
2006-05-23,1.3666859190332405,109388.69020462036,109390.05689053939,1,EEM,106304.2994866847
2006-05-24,1.3666859190332405,108626.58408927917,108627.9507751982,1,EEM,107153.61582006075
2006-05-25,1.3666859190332405,113245.99670982361,113247.36339574264,1,EEM,108478.53083283709
2006-05-26,1.3666859190332405,112906.02251243591,112907.38919835494,1,EEM,109030.54263682754
2006-05-29,1.3666859190332405,112906.02251243591,112907.38919835494,1,EEM,109030.54263682754
2006-05-30,1.3666859190332405,108040.37050819397,108041.737194113,1,EEM,107094.19071811376
2006-05-31,1.3666859190332405,109857.65903663635,109859.02572255538,1,EEM,108291.66258376234
2006-06-01,1.3666859190332405,112108.73789024353,112110.10457616256,1,EEM,109327.80005577875
2006-06-02,1.3666859190332405,113257.75675964355,113259.12344556258,1,EEM,109557.07711789668
2006-06-05,1.3666859190332405,108450.73221206665,108452.09889798568,1,EEM,107960.45738578546
2006-06-06,1.3666859190332405,107653.467918396,107654.83460431502,1,EEM,107697.12890168617
2006-06-07,1.3666859190332405,105285.16464424133,105286.53133016036,1,EEM,106890.37213474337
2006-06-08,1.3666859190332405,103409.23849487305,103410.60518079207,1,EEM,106796.88618872817
2006-06-09,1.3666859190332405,102060.92896270752,102062.29564862655,1,EEM,106457.21053464689
2006-06-12,1.3666859190332405,98262.18892860413,98263.55561452315,1,EEM,105302.20401456277
2006-06-13,1.3666859190332405,96081.46708869934,96082.83377461837,1,EEM,104079.21713764538
2006-06-14,1.3666859190332405,98836.71360969543,98838.08029561446,1,EEM,104886.04928128321
2006-06-15,1.3666859190332405,104593.41554260254,104594.78222852157,1,EEM,107111.15989658317
2006-06-16,1.3666859190332405,103995.46224021912,103996.82892613814,1,EEM,106330.61537533824
2006-06-19,1.3666859190332405,100126.41601371765,100127.78269963668,1,EEM,105494.69724950439
2006-06-20,1.3666859190332405,101357.4706325531,101358.83731847213,1,EEM,105852.93441473764
2006-06-21,1.3666859190332405,104640.2931137085,104641.65979962752,1,EEM,106637.72829716507
2006-06-22,1.3666859190332405,102764.38729286194,102765.75397878097,1,EEM,106168.57432519013
2006-06-23,1.3666859190332405,102588.52525138855,102589.89193730758,1,EEM,106151.50150376506
2006-06-26,1.3666859190332405,102588.52525138855,102589.89193730758,1,EEM,106620.66489782688
2006-06-27,1.3666859190332405,100653.97164535522,100655.33833127425,1,EEM,105699.40150904143
2006-06-28,1.3666859190332405,103807.88080596924,103809.24749188827,1,EEM,106415.90410576857
2006-06-29,1.3666859190332405,109974.8936214447,109976.26030736373,1,EEM,108565.59091560071
2006-06-30,1.3666859190332405,110092.14853477478,110093.51522069381,1,EEM,108574.15559257388
2006-07-03,1.3666859190332405,112530.82915115356,112532.19583707259,1,EEM,109017.70033241122
2006-07-04,1.3666859190332405,112530.82915115356,112532.19583707259,1,EEM,109017.70033241122
2006-07-05,1.3666859190332405,109036.92546463013,109038.29215054915,1,EEM,108394.93807804502
2006-07-06,1.3666859190332405,111264.59602546692,111265.96271138595,1,EEM,108710.54030015
2006-07-07,1.3666859190332405,109154.1803779602,109155.54706387923,1,EEM,108002.58353622226
2006-07-10,1.3666859190332405,110033.51091384888,110034.8775997679,1,EEM,108207.27837367242
2006-07-11,1.3666859190332405,110561.11736679077,110562.4840527098,1,EEM,108685.03471096806
2006-07-12,1.3666859190332405,108098.98780059814,108100.35448651717,1,EEM,107524.86488727415
2006-07-13,1.3666859190332405,103819.579870224,103820.94655614303,1,EEM,105776.19151710674
2006-07-14,1.3666859190332405,104347.19648742676,104348.56317334578,1,EEM,105366.72646551138
2006-07-17,1.3666859190332405,102705.77000045776,102707.13668637679,1,EEM,105213.14644938077
2006-07-18,1.3666859190332405,104136.15593910217,104137.5226250212,1,EEM,105750.59170705601
2006-07-19,1.3666859190332405,110561.11736679077,110562.4840527098,1,EEM,107217.78965379483
2006-07-20,1.3666859190332405,107383.81007766724,107385.17676358626,1,EEM,106484.13885894758
2006-07-21,1.3666859190332405,105296.85354423523,105298.22023015426,1,EEM,105733.52830771782
2006-07-24,1.3666859190332405,110033.51091384888,110034.8775997679,1,EEM,107661.39092615344
2006-07-25,1.3666859190332405,110326.61770439148,110327.9843903105,1,EEM,108045.24674561118
2006-07-26,1.3666859190332405,109857.65903663635,109859.02572255538,1,EEM,108190.24324059486
2006-07-27,1.3666859190332405,111370.11121749878,111371.4779034178,1,EEM,108087.88168873946
2006-07-28,1.3666859190332405,113761.88376998901,113763.25045590804,1,EEM,109171.24266019432
2006-07-31,1.3666859190332405,112671.50252151489,112672.86920743392,1,EEM,109060.34469762638
2006-08-01,1.3666859190332405,110854.2444858551,110855.61117177413,1,EEM,108522.95597247242
2006-08-02,0.0,112204.86710022578,112204.86710022578,1,EFA,109256.54081271152
2006-08-03,0.0,112018.34744162194,112018.34744162194,1,EFA,109546.60917937392
2006-08-04,0.0,112103.15918047019,112103.15918047019,1,EFA,109358.89294248003
2006-08-07,0.0,111407.98176797711,111407.98176797711,1,EFA,109102.99848492842
2006-08-08,0.0,111018.0580853732,111018.0580853732,1,EFA,108685.03471096806
2006-08-09,0.0,111560.590909655,111560.590909655,1,EFA,108318.18575832724
2006-08-10,0.0,111814.87252455512,111814.87252455512,1,EFA,108650.8984902048
2006-08-11,0.0,110848.49368523233,110848.49368523233,1,EFA,108343.80441255172
2006-08-14,0.0,111221.47392488438,111221.47392488438,1,EFA,108429.0742988083
2006-08-15,0.0,113629.02610253777,113629.02610253777,1,EFA,109725.70420677334
2006-08-16,0.0,114663.26142224584,114663.26142224584,1,EFA,110638.43118484627
2006-08-17,0.0,114239.37996067147,114239.37996067147,1,EFA,110919.94429662236
2006-08-18,0.0,114714.12719763475,114714.12719763475,1,EFA,111482.97052017457
2006-08-21,0.0,114358.04313889005,114358.04313889005,1,EFA,111005.29898166085
2006-08-22,0.0,114035.94049013802,114035.94049013802,1,EFA,110996.72488260079
2006-08-23,0.0,113629.02610253777,113629.02610253777,1,EFA,110689.61196077395
2006-08-24,0.0,113306.88800725238,113306.88800725238,1,EFA,110595.82450797861
2006-08-25,0.0,113222.14716147087,113222.14716147087,1,EFA,110732.29401433664
2006-08-28,0.0,113696.88258292303,113696.88258292303,1,EFA,111261.16517295182
2006-08-29,0.0,114612.37201583466,114612.37201583466,1,EFA,111389.12653485795
2006-08-30,0.0,114612.37201583466,114612.37201583466,1,EFA,111457.39897638447
2006-08-31,0.0,114612.37201583466,114612.37201583466,1,EFA,111440.34499913316
2006-09-01,1.4551915228366852e-11,115340.98840925592,115340.98840925594,1,EEM,112105.69508619324
2006-09-04,0.0,115340.98840925595,115340.98840925595,1,EEM,112105.69508619324
2006-09-05,0.0,115971.99367909056,115971.99367909056,1,EEM,112318.91691226905
2006-09-06,0.0,112641.78995066124,112641.78995066124,1,EEM,111329.42819239147
2006-09-07,0.0,111356.50076544,111356.50076544,1,EEM,110817.5639005932
2006-09-08,0.0,112267.93368750098,112267.93368750098,1,EEM,111133.20381104569
2006-09-11,0.0,109849.13249125592,109849.13249125592,1,EEM,111244.1111957005
2006-09-12,0.0,111730.39754843587,111730.39754843587,1,EEM,112335.99915578101
2006-09-13,0.0,113401.34439893578,113401.34439893578,1,EEM,112788.070884244
2006-09-14,0.0,112466.51127181601,112466.51127181601,1,EEM,112796.64498330405
2006-09-15,0.0,113132.58645936214,113132.58645936214,1,EEM,113061.3962025221
2006-09-18,0.0,114406.20593193067,114406.20593193067,1,EEM,113215.58865429985
2006-09-19,0.0,112641.78995066124,112641.78995066124,1,EEM,112932.91662583762
2006-09-20,0.0,114955.39152373068,114955.39152373068,1,EEM,113532.59476734982
2006-09-21,0.0,112151.06435167264,112151.06435167264,1,EEM,112984.24815515538
2006-09-22,0.0,110725.47523568758,110725.47523568758,1,EEM,112641.57627744653
2006-09-25,0.0,112010.83533062112,112010.83533062112,1,EEM,113506.89131434342
2006-09-26,0.0,113331.23495338947,113331.23495338947,1,EEM,114449.3638206939
2006-09-27,0.0,113074.16698638632,113074.16698638632,1,EEM,114586.4834510466
2006-09-28,0.0,113985.5695185706,113985.5695185706,1,EEM,114543.59411157257
2006-09-29,0.0,113074.16698638632,113074.16698638632,1,EEM,114449.3638206939
2006-10-02,0.0,112770.37147567049,112770.37147567049,1,VNQ,114021.02632907957
2006-10-03,0.0,113868.85987626686,113868.85987626686,1,VNQ,114260.92208311033
2006-10-04,0.0,115187.07478077352,115187.07478077352,1,VNQ,115597.47337318247
2006-10-05,0.0,115940.3639701169,115940.3639701169,1,VNQ,115820.22092909314
2006-10-06,0.0,115218.38290804462,115218.38290804462,1,VNQ,115674.55546594103
2006-10-09,0.0,115877.55555696806,115877.55555696806,1,VNQ,115743.0823038133
2006-10-10,0.0,115893.25766025526,115893.25766025526,1,VNQ,115897.3501322861
2006-10-11,0.0,115453.88700612329,115453.88700612329,1,VNQ,115760.2305019334
2006-10-12,0.0,116505.25537124326,116505.25537124326,1,VNQ,116762.66516918298
2006-10-13,0.0,117839.17924184451,117839.17924184451,1,VNQ,117062.57019454724
2006-10-16,0.0,118090.2756382923,118090.2756382923,1,VNQ,117242.48494350516
2006-10-17,0.0,117697.95639156291,117697.95639156291,1,VNQ,116874.10019070303
2006-10-18,0.0,118294.30690172274,118294.30690172274,1,VNQ,117028.32090874143
2006-10-19,0.0,118011.83374993004,118011.83374993004,1,VNQ,117216.79091258564
2006-10-20,0.0,117854.922521976,117854.922521976,1,VNQ,117242.48494350516
2006-10-23,0.0,118561.14657830204,118561.14657830204,1,VNQ,117782.24803455267
2006-10-24,0.0,117949.093964855,117949.093964855,1,VNQ,118133.54112175596
2006-10-25,0.0,118545.43074940007,118545.43074940007,1,VNQ,118536.23169288518
2006-10-26,0.0,119722.37476397346,119722.37476397346,1,VNQ,118904.63528986108
2006-10-27,0.0,118922.03416722748,118922.03416722748,1,VNQ,118159.21630850172
2006-10-30,0.0,119596.81284013481,119596.81284013481,1,VNQ,118073.61664920438
2006-10-31,0.0,119800.83037795048,119800.83037795048,1,VNQ,118056.43076273677
2006-11-01,2.891166811812021,118872.00769805908,118874.89886487089,1,VNQ,117259.59545327774
2006-11-02,2.891166811812021,116612.30492401123,116615.19609082304,1,VNQ,117191.07803749236
2006-11-03,2.891166811812021,115325.50495147705,115328.39611828886,1,VNQ,116985.48810178868
2006-11-06,2.891166811812021,116392.61808013916,116395.50924695097,1,VNQ,118304.92888208822
2006-11-07,2.891166811812021,115121.4786529541,115124.36981976591,1,VNQ,118759.02635923025
2006-11-08,2.891166811812021,115513.85697937012,115516.74814618193,1,VNQ,119016.079733468
2006-11-09,2.891166811812021,115686.41120910645,115689.30237591825,1,VNQ,118390.52854138556
2006-11-10,2.891166811812021,116157.2569656372,116160.14813244902,1,VNQ,118441.99197991964
2006-11-13,2.891166811812021,116439.70951843262,116442.60068524443,1,VNQ,118733.31348413696
2006-11-14,2.891166811812021,117914.7791671753,117917.6703339871,1,VNQ,119624.3602403009
2006-11-15,2.891166811812021,118056.05348205566,118058.94464886747,1,VNQ,119967.0980726179
2006-11-16,2.891166811812021,118856.36087799072,118859.25204480253,1,VNQ,120275.52066452094
2006-11-17,2.891166811812021,118401.29919433594,118404.19036114775,1,VNQ,120309.751106153
2006-11-20,2.891166811812021,122497.06022644043,122499.95139325224,1,VNQ,120378.2590998515
2006-11-21,2.891166811812021,124474.3378982544,124477.2290650662,1,VNQ,120498.29648669224
2006-11-22,2.891166811812021,125023.54128265381,125026.43244946562,1,VNQ,120738.18281863612
2006-11-23,2.891166811812021,125023.54128265381,125026.43244946562,1,VNQ,120738.18281863612
2006-11-24,2.891166811812021,125557.11157226562,125560.00273907743,1,VNQ,120249.80778942765
2006-11-27,2.891166811812021,122167.57113647461,122170.46230328642,1,VNQ,118596.19385378428
2006-11-28,2.891166811812021,122497.06022644043,122499.95139325224,1,VNQ,119110.28175808603
2006-11-29,2.891166811812021,124223.23388671875,124226.12505353056,1,VNQ,120352.66871188764
2006-11-30,2.891166811812021,125525.80420684814,125528.69537365995,1,VNQ,120404.01908537917
2006-12-01,0.0,125290.30583953857,125290.30583953857,1,VNQ,120138.42930042888
2006-12-04,0.0,126749.82474517822,126749.82474517822,1,VNQ,121055.19835377297
2006-12-05,0.0,125776.85331726074,125776.85331726074,1,VNQ,121577.8038246135
2006-12-06,0.0,125070.64644622803,125070.64644622803,1,VNQ,121475.00885676166
2006-12-07,0.0,124301.74249267578,124301.74249267578,1,VNQ,120943.81044268732
2006-12-08,0.0,124709.68528747559,124709.68528747559,1,VNQ,121166.54857651111
2006-12-11,0.0,124992.16529083252,124992.16529083252,1,VNQ,121517.86992997504
2006-12-12,0.0,124427.2601852417,124427.2601852417,1,VNQ,121423.57368448822
2006-12-13,0.0,123783.84647369385,123783.84647369385,1,VNQ,121552.10979369398
2006-12-14,0.0,123878.04307556152,123878.04307556152,1,VNQ,122623.10898716334
2006-12-15,0.0,122952.12191009521,122952.12191009521,1,VNQ,122634.26473802829
2006-12-18,0.0,122183.23168182373,122183.23168182373,1,VNQ,122298.31080826429
2006-12-19,0.0,121147.50827026367,121147.50827026367,1,VNQ,122530.89502287682
2006-12-20,0.0,122418.60652160645,122418.60652160645,1,VNQ,122462.01014570314
2006-12-21,0.0,121414.25910186768,121414.25910186768,1,VNQ,122013.97107042444
2006-12-22,0.0,120348.55967712402,120348.55967712402,1,VNQ,121264.39694875138
2006-12-25,0.0,120348.55967712402,120348.55967712402,1,VNQ,121264.39694875138
2006-12-26,0.0,121212.63472747803,121212.63472747803,1,VNQ,121979.51449870729
2006-12-27,0.0,122300.74753570557,122300.74753570557,1,VNQ,122780.75934482575
2006-12-28,0.0,122636.79730987549,122636.79730987549,1,VNQ,122522.302079643
2006-12-29,0.0,123212.86106872559,123212.86106872559,1,VNQ,122013.97107042444
2007-01-01,0.0,123212.86106872559,123212.86106872559,1,VNQ,122013.97107042444
2007-01-02,0.0,123212.86106872559,123212.86106872559,1,VNQ,122013.97107042444
2007-01-03,0.0,123404.87774658203,123404.87774658203,1,VNQ,121798.60100854016
2007-01-04,0.0,123564.92824554443,123564.92824554443,1,VNQ,122057.03942954916
2007-01-05,0.0,121276.63571166992,121276.63571166992,1,VNQ,121083.51172484491
2007-01-08,0.0,121452.66243743896,121452.66243743896,1,VNQ,121643.49461433513
2007-01-09,0.0,122988.83703613281,122988.83703613281,1,VNQ,121540.12489918366
2007-01-10,0.0,124573.00894165039,124573.00894165039,1,VNQ,121945.02966072949
2007-01-11,0.0,126189.16075134277,126189.16075134277,1,VNQ,122479.23372051828
2007-01-12,0.0,126589.22523498535,126589.22523498535,1,VNQ,123409.73075444534
2007-01-15,0.0,126589.22523498535,126589.22523498535,1,VNQ,123409.73075444534
2007-01-16,0.0,128381.44494628906,128381.44494628906,1,VNQ,123168.44053155644
2007-01-17,0.0,128333.37901306152,128333.37901306152,1,VNQ,123220.10183391497
2007-01-18,0.0,128173.3696899414,128173.3696899414,1,VNQ,122806.55701870094
2007-01-19,0.0,129453.48545074463,129453.48545074463,1,VNQ,123047.84724158983
2007-01-22,0.0,128365.38636779785,128365.38636779785,1,VNQ,122668.80610852735
2007-01-23,0.0,128973.45748138428,128973.45748138428,1,VNQ,123030.60482260094
2007-01-24,0.0,130653.58282470703,130653.58282470703,1,VNQ,124021.39379046786
2007-01-25,0.0,131453.69806671143,131453.69806671143,1,VNQ,122565.3798608546
2007-01-26,0.0,131885.72872924805,131885.72872924805,1,VNQ,122453.4266245562
2007-01-29,0.0,132317.77311706543,132317.77311706543,1,VNQ,122384.47579277438
2007-01-30,0.0,132973.8689880371,132973.8689880371,1,VNQ,123022.021301454
2007-01-31,0.0,134030.0156173706,134030.0156173706,1,VNQ,123849.0543993608
2007-02-01,0.0,134558.0408935547,134558.0408935547,1,VNQ,124589.99788945253
2007-02-02,0.0,134798.02742767334,134798.02742767334,1,VNQ,124762.35612473334
2007-02-05,0.0,134798.02742767334,134798.02742767334,1,VNQ,124796.79385227674
2007-02-06,0.0,136782.2226409912,136782.2226409912,1,VNQ,124831.30695651518
2007-02-07,0.0,139646.56520843506,139646.56520843506,1,VNQ,125106.95953025242
2007-02-08,0.0,138574.40117645264,138574.40117645264,1,VNQ,124943.26961490046
2007-02-09,0.0,136974.28049468994,136974.28049468994,1,VNQ,124012.79142514717
2007-02-12,0.0,134493.9987335205,134493.9987335205,1,VNQ,123590.62540043869
2007-02-13,0.0,137102.24128723145,137102.24128723145,1,VNQ,124633.12278109853
2007-02-14,0.0,136126.18167114258,136126.18167114258,1,VNQ,125451.61004620591
2007-02-15,0.0,137134.28981781006,137134.28981781006,1,VNQ,125615.290539471
2007-02-16,0.0,136782.2226409912,136782.2226409912,1,VNQ,125554.94207300985
2007-02-19,0.0,136782.2226409912,136782.2226409912,1,VNQ,125554.94207300985
2007-02-20,0.0,137838.42417144775,137838.42417144775,1,VNQ,125822.07708020833
2007-02-21,0.0,137390.34865570068,137390.34865570068,1,VNQ,125770.37808950228
2007-02-22,0.0,136654.27557373047,136654.27557373047,1,VNQ,125675.60131758462
2007-02-23,0.0,134269.96097564697,134269.96097564697,1,VNQ,125184.55983778935
2007-02-26,0.0,133597.98495483398,133597.98495483398,1,VNQ,125072.50295853527
2007-02-27,0.0,129453.48545074463,129453.48545074463,1,VNQ,120187.47126263501
2007-02-28,0.0,130413.58256530762,130413.58256530762,1,VNQ,121419.52218713018
2007-03-01,0.0,129101.47317504883,129101.47317504883,1,VNQ,121057.65751844844
2007-03-02,0.0,127053.23580169678,127053.23580169678,1,VNQ,119472.38197893974
2007-03-05,0.0,122108.73085784912,122108.73085784912,1,VNQ,118335.09840427536
2007-03-06,0.0,126589.22523498535,126589.22523498535,1,VNQ,120359.7070107864
2007-03-07,0.0,124813.05037689209,124813.05037689209,1,VNQ,120239.13256499355
2007-03-08,0.0,126813.27671813965,126813.27671813965,1,VNQ,121255.75689508316
2007-03-09,0.0,128493.44323730469,128493.44323730469,1,VNQ,121290.27942140849
2007-03-12,0.0,129133.45307922363,129133.45307922363,1,VNQ,121471.20233366247
2007-03-13,0.0,126093.17986297607,126093.17986297607,1,VNQ,119110.47962191049
2007-03-14,0.0,126701.19607543945,126701.19607543945,1,VNQ,119997.84234210466
2007-03-15,0.0,127837.31991577148,127837.31991577148,1,VNQ,120161.63590041231
2007-03-16,0.0,126413.21223449707,126413.21223449707,1,VNQ,119825.11664543556
2007-03-19,0.0,127677.31059265137,127677.31059265137,1,VNQ,121269.64505114307
2007-03-20,0.0,128189.37336730957,128189.37336730957,1,VNQ,121935.7017947191
2007-03-21,0.0,129741.59281921387,129741.59281921387,1,VNQ,123942.38959198594
2007-03-22,0.0,129869.56733703613,129869.56733703613,1,VNQ,123847.31131328814
2007-03-23,0.0,129949.54454803467,129949.54454803467,1,VNQ,124028.9314599712
2007-03-26,0.0,127868.55865478516,127868.55865478516,1,VNQ,123864.60084271144
2007-03-27,0.0,126532.7045288086,126532.7045288086,1,VNQ,123570.51866703852
2007-03-28,0.0,125695.84671020508,125695.84671020508,1,VNQ,122670.88838972765
2007-03-29,0.0,125905.10234069824,125905.10234069824,1,VNQ,122800.65879231459
2007-03-30,0.0,127707.61601257324,127707.61601257324,1,VNQ,122826.64490792736
2007-04-02,0.0,128512.34294891357,128512.34294891357,1,VNQ,122965.00825374809
2007-04-03,0.0,129638.94144439697,129638.94144439697,1,VNQ,124288.42515471065
2007-04-04,0.0,128995.17087554932,128995.17087554932,1,VNQ,124426.85445513955
2007-04-05,0.0,128866.45519256592,128866.45519256592,1,VNQ,124764.17458750102
2007-04-06,0.0,128866.45519256592,128866.45519256592,1,VNQ,124764.17458750102
2007-04-09,0.0,129107.81425476074,129107.81425476074,1,VNQ,124937.15468051587
2007-04-10,0.0,129638.94144439697,129638.94144439697,1,VNQ,125084.18634626546
2007-04-11,0.0,127707.61601257324,127707.61601257324,1,VNQ,124573.86727671538
2007-04-12,0.0,126838.53123474121,126838.53123474121,1,VNQ,125127.49025756215
2007-04-13,0.0,128270.91526031494,128270.91526031494,1,VNQ,125698.33681322407
2007-04-16,0.0,128431.8441772461,128431.8441772461,1,VNQ,126892.04926620786
2007-04-17,0.0,130105.69706726074,130105.69706726074,1,VNQ,127229.30344396118
2007-04-18,0.0,129300.94268035889,129300.94268035889,1,VNQ,127385.05054007401
2007-04-19,0.0,128431.8441772461,128431.8441772461,1,VNQ,127350.50916957494
2007-04-20,0.0,129397.5274810791,129397.5274810791,1,VNQ,128552.72034492374
2007-04-23,0.0,130846.06616210938,130846.06616210938,1,VNQ,128068.3591247258
2007-04-24,0.0,129960.79927825928,129960.79927825928,1,VNQ,128120.28424551696
2007-04-25,0.0,129880.3691329956,129880.3691329956,1,VNQ,129296.63179238242
2007-04-26,0.0,129960.79927825928,129960.79927825928,1,VNQ,129443.66345813201
2007-04-27,0.0,129638.94144439697,129638.94144439697,1,VNQ,129339.88859324473
2007-04-30,0.0,127546.68709564209,127546.68709564209,1,VNQ,128267.29706709279
2007-05-01,0.0,126436.18835449219,126436.18835449219,1,VNQ,128595.98656787294
2007-05-02,0.0,127434.07116699219,127434.07116699219,1,VNQ,129348.52864691294
2007-05-03,0.0,127771.96012878418,127771.96012878418,1,VNQ,130049.20213768307
2007-05-04,0.0,126661.53001403809,126661.53001403809,1,VNQ,130542.20341154921
2007-05-07,0.0,127015.60108184814,127015.60108184814,1,VNQ,130568.1329946407
2007-05-08,0.0,126178.63346099854,126178.63346099854,1,VNQ,130395.12463536522
2007-05-09,0.0,127546.68709564209,127546.68709564209,1,VNQ,130749.83794010567
2007-05-10,0.0,125840.6895980835,125840.6895980835,1,VNQ,129383.10770575952
2007-05-11,0.0,127546.68709564209,127546.68709564209,1,VNQ,130490.30655701869
2007-05-14,0.0,126822.44520568848,126822.44520568848,1,VNQ,130204.83616875333
2007-05-15,0.0,124891.13349914551,124891.13349914551,1,VNQ,130239.47176012119
2007-05-16,0.0,123346.14727020264,123346.14727020264,1,VNQ,131130.38660706882
2007-05-17,0.0,121205.52503204346,121205.52503204346,1,VNQ,130870.81753563433
2007-05-18,0.0,119982.43781280518,119982.43781280518,1,VNQ,132012.65197826136
2007-05-21,0.0,120465.18338775635,120465.18338775635,1,VNQ,131943.4467501338
2007-05-22,0.0,122251.73455810547,122251.73455810547,1,VNQ,131839.634196899
2007-05-23,0.0,121318.22331237793,121318.22331237793,1,VNQ,131857.0085251042
2007-05-24,0.0,119290.34053039551,119290.34053039551,1,VNQ,130663.24896168601
2007-05-25,0.0,119966.32433319092,119966.32433319092,1,VNQ,131208.22246677772
2007-05-28,0.0,119966.32433319092,119966.32433319092,1,VNQ,131208.22246677772
2007-05-29,0.0,124247.39038085938,124247.39038085938,1,VNQ,131683.9624774812
2007-05-30,0.0,127578.94150543213,127578.94150543213,1,VNQ,132756.5351594594
2007-05-31,0.0,127063.88661956787,127063.88661956787,1,VNQ,132618.16239155177
2007-06-01,-1.4551915228366852e-11,127109.662077499,127109.66207749899,1,EEM,133275.5319710252
2007-06-04,-1.4551915228366852e-11,126543.08851851388,126543.08851851386,1,EEM,133292.859188796
2007-06-05,-1.4551915228366852e-11,126103.49075765494,126103.49075765493,1,EEM,132765.15636895385
2007-06-06,-1.4551915228366852e-11,122928.96221607478,122928.96221607477,1,EEM,131337.94575893023
2007-06-07,-1.4551915228366852e-11,121033.97700790048,121033.97700790047,1,EEM,128967.97997994979
2007-06-08,-1.4551915228366852e-11,123173.16185728961,123173.1618572896,1,EEM,130645.9688543496
2007-06-11,-1.4551915228366852e-11,124228.1013015981,124228.10130159809,1,EEM,130870.81753563433
2007-06-12,-1.4551915228366852e-11,122069.37079575095,122069.37079575093,1,EEM,129443.66345813201
2007-06-13,-1.4551915228366852e-11,124511.33381079293,124511.33381079292,1,EEM,131381.24024814006
2007-06-14,-1.4551915228366852e-11,126464.93928978812,126464.9392897881,1,EEM,132220.21113012277
2007-06-15,-1.4551915228366852e-11,129346.43327147645,129346.43327147643,1,EEM,132972.60245577272
2007-06-18,-1.4551915228366852e-11,129463.74895660738,129463.74895660736,1,EEM,132816.13928105708
2007-06-19,-1.4551915228366852e-11,129610.22031553215,129610.22031553213,1,EEM,133146.2892053035
2007-06-20,-1.4551915228366852e-11,128506.43760327007,128506.43760327005,1,EEM,131296.00805023103
2007-06-21,-1.4551915228366852e-11,130108.43834721197,130108.43834721195,1,EEM,132025.6638802415
2007-06-22,-1.4551915228366852e-11,128389.18036307514,128389.18036307512,1,EEM,130783.43710191682
2007-06-25,-1.4551915228366852e-11,127412.43189387527,127412.43189387525,1,EEM,130157.96128652942
2007-06-26,-1.4551915228366852e-11,126298.91392512877,126298.91392512876,1,EEM,128820.1380147286
2007-06-27,-1.4551915228366852e-11,128096.19589884274,128096.19589884272,1,EEM,130653.14848455154
2007-06-28,-1.4551915228366852e-11,128125.47681178518,128125.47681178516,1,EEM,130635.70820173818
2007-06-29,-1.4551915228366852e-11,128574.79313057537,128574.79313057536,1,EEM,130679.19113268559
2007-07-02,12.745079485622004,131170.09642410278,131182.8415035884,1,EEM,131860.6360285527
2007-07-03,12.745079485622004,132215.11552619934,132227.86060568495,1,EEM,132338.35467750079
2007-07-04,12.745079485622004,132215.11552619934,132227.86060568495,1,EEM,132338.35467750079
2007-07-05,12.745079485622004,132801.15272140503,132813.89780089064,1,EEM,132199.39774020668
2007-07-06,12.745079485622004,135076.860786438,135089.6058659236,1,EEM,132894.38971258866
2007-07-09,12.745079485622004,136385.64129066467,136398.38637015029,1,EEM,132998.60741555924
2007-07-10,12.745079485622004,133699.7147026062,133712.4597820918,1,EEM,131104.8715958
2007-07-11,12.745079485622004,134803.40681648254,134816.15189596816,1,EEM,132034.36046643098
2007-07-12,12.745079485622004,137762.74563217163,137775.49071165724,1,EEM,134119.22331853438
2007-07-13,12.745079485622004,139471.97695541382,139484.72203489943,1,EEM,134518.86113351473
2007-07-16,12.745079485622004,138104.62362098694,138117.36870047255,1,EEM,134501.45853904888
2007-07-17,12.745079485622004,137997.15383148193,138009.89891096755,1,EEM,134432.01775874934
2007-07-18,12.745079485622004,136307.50800704956,136320.25308653517,1,EEM,134188.7583197027
2007-07-19,12.745079485622004,137665.1019859314,137677.847065417,1,EEM,134709.98816585887
2007-07-20,12.745079485622004,136717.68478775024,136730.42986723586,1,EEM,133346.0751354896
2007-07-23,12.745079485622004,140673.30436706543,140686.04944655104,1,EEM,133754.41895874633
2007-07-24,12.745079485622004,135858.22701644897,135870.9720959346,1,EEM,131434.899032917
2007-07-25,12.745079485622004,136639.584897995,136652.3299774806,1,EEM,131704.28591887958
2007-07-26,12.745079485622004,129675.77128601074,129688.51636549637,1,EEM,128585.61285021895
2007-07-27,12.745079485622004,127995.81802940369,128008.56310888931,1,EEM,126057.66694053532
2007-07-30,12.745079485622004,132185.8124141693,132198.55749365492,1,EEM,128029.69088017366
2007-07-31,12.745079485622004,129480.36711502075,129493.11219450638,1,EEM,126587.58395079408
2007-08-01,12.745079485622004,128972.504945755,128985.25002524063,1,EEM,127204.35375790512
2007-08-02,12.745079485622004,130398.4978981018,130411.24297758743,1,EEM,128220.69542538837
2007-08-03,12.745079485622004,124772.76790237427,124785.5129818599,1,EEM,124919.6295989206
2007-08-06,12.745079485622004,126999.60405349731,127012.34913298294,1,EEM,127013.23614764785
2007-08-07,12.745079485622004,127946.99620628357,127959.7412857692,1,EEM,128368.42432556702
2007-08-08,12.745079485622004,132244.4353351593,132257.1804146449,1,EEM,130157.96128652942
2007-08-09,12.745079485622004,126774.96355819702,126787.70863768265,1,EEM,126300.93580166883
2007-08-10,12.745079485622004,124577.38877677917,124590.1338562648,1,EEM,125710.19922060496
2007-08-13,12.745079485622004,125808.01095199585,125820.75603148148,1,EEM,126161.95059811407
2007-08-14,12.745079485622004,122555.62431907654,122568.36939856216,1,EEM,124233.37190107562
2007-08-15,12.745079485622004,117740.51357460022,117753.25865408585,1,EEM,122522.03826121039
2007-08-16,12.745079485622004,115738.27617645264,115751.02125593826,1,EEM,123442.87765608628
2007-08-17,12.745079485622004,119400.92307472229,119413.66815420792,1,EEM,125710.19922060496
2007-08-20,12.745079485622004,119645.09062957764,119657.83570906326,1,EEM,125649.39849397363
2007-08-21,12.745079485622004,119205.60238838196,119218.34746786758,1,EEM,125901.25087625407
2007-08-22,12.745079485622004,124333.2045249939,124345.94960447952,1,EEM,127395.4619460755
2007-08-23,12.745079485622004,124968.1136341095,124980.85871359512,1,EEM,127282.5193906548
2007-08-24,12.745079485622004,127946.99620628357,127959.7412857692,1,EEM,128854.92435948653
2007-08-27,12.745079485622004,128533.01670455933,128545.76178404495,1,EEM,127656.10513541423
2007-08-28,12.745079485622004,123307.6373462677,123320.38242575333,1,EEM,124850.22650696857
2007-08-29,12.745079485622004,128191.14706420898,128203.89214369461,1,EEM,127299.92198512063
2007-08-30,12.745079485622004,127536.76098632812,127549.50606581375,1,EEM,126961.12258511913
2007-08-31,12.745079485622004,130828.21008682251,130840.95516630814,1,EEM,128212.01768337264
2007-09-03,12.745079485622004,130828.21008682251,130840.95516630814,1,EEM,128212.01768337264
2007-09-04,12.745079485622004,133035.5442237854,133048.289303271,1,EEM,129506.44282300798
2007-09-05,12.745079485622004,131023.6142578125,131036.35933729813,1,EEM,128385.8080758591
2007-09-06,12.745079485622004,132049.11464881897,132061.85972830458,1,EEM,128681.16223326071
2007-09-07,12.745079485622004,129070.1819858551,129082.92706534073,1,EEM,126891.63469438518
2007-09-10,12.745079485622004,129167.87572288513,129180.62080237076,1,EEM,126648.36583325166
2007-09-11,12.745079485622004,131775.63563346863,131788.38071295424,1,EEM,128125.20257486789
2007-09-12,12.745079485622004,132244.4353351593,132257.1804146449,1,EEM,128455.35249911432
2007-09-13,12.745079485622004,133709.49075508118,133722.2358345668,1,EEM,129358.79872161124
2007-09-14,12.745079485622004,133973.16867256165,133985.91375204726,1,EEM,129350.07386916112
2007-09-17,12.745079485622004,133123.48695373535,133136.23203322096,1,EEM,128655.09131886602
2007-09-18,12.745079485622004,139569.65399551392,139582.39907499953,1,EEM,132442.6666013402
2007-09-19,12.745079485622004,140204.50466537476,140217.24974486037,1,EEM,133224.50194848757
2007-09-20,12.745079485622004,139764.94963645935,139777.69471594496,1,EEM,132286.28822540646
2007-09-21,12.745079485622004,141620.68817138672,141633.43325087233,1,EEM,132643.27225308478
2007-09-24,12.745079485622004,143378.79140853882,143391.53648802443,1,EEM,132398.84447526513
2007-09-25,12.745079485622004,142841.55099105835,142854.29607054396,1,EEM,132137.0800575878
2007-09-26,12.745079485622004,144746.18648529053,144758.93156477614,1,EEM,132835.24727324804
2007-09-27,12.745079485622004,146894.8810043335,146907.6260838191,1,EEM,133620.8420330602
2007-09-28,12.745079485622004,145966.99921417236,145979.74429365798,1,EEM,133175.7049605403
2007-10-01,12.745079485622004,150557.45276641846,150570.19784590407,1,EEM,134676.95432926048
2007-10-02,12.745079485622004,151582.99489974976,151595.73997923537,1,EEM,134493.65705111294
2007-10-03,12.745079485622004,146992.5079536438,147005.2530331294,1,EEM,134223.08298220354
2007-10-04,12.745079485622004,148457.61346435547,148470.35854384108,1,EEM,134432.5830839621
2007-10-05,12.745079485622004,153409.42197418213,153422.16705366774,1,EEM,136029.82467380734
2007-10-08,12.745079485622004,151778.34897994995,151791.09405943556,1,EEM,135305.36041366728
2007-10-09,12.745079485622004,154141.93298721313,154154.67806669875,1,EEM,136579.68824198932
2007-10-10,12.745079485622004,154347.07146835327,154359.81654783888,1,EEM,136352.77612367808
2007-10-11,12.745079485622004,152989.4107017517,153002.15578123732,1,EEM,135698.22374818154
2007-10-12,12.745079485622004,155782.8070793152,155795.5521588008,1,EEM,136448.7966110638
2007-10-15,12.745079485622004,153878.23837280273,153890.98345228835,1,EEM,135296.63556121718
2007-10-16,12.745079485622004,151026.25246810913,151038.99754759474,1,EEM,134223.08298220354
2007-10-17,12.745079485622004,154513.08904266357,154525.8341221492,1,EEM,134633.33948909675
2007-10-18,12.745079485622004,155294.4218788147,155307.1669583003,1,EEM,134144.51219971807
2007-10-19,12.745079485622004,148652.86736297607,148665.6124424617,1,EEM,130635.72704591193
2007-10-22,12.745079485622004,149727.29810714722,149740.04318663283,1,EEM,131395.10013793933
2007-10-23,12.745079485622004,153878.23837280273,153890.98345228835,1,EEM,132459.9561307635
2007-10-24,12.745079485622004,152872.26504135132,152885.01012083693,1,EEM,132215.59430755198
2007-10-25,12.745079485622004,154815.9045639038,154828.64964338942,1,EEM,132529.82090497258
2007-10-26,12.745079485622004,159201.21963500977,159213.96471449538,1,EEM,134083.33458961156
2007-10-29,12.745079485622004,162863.8247909546,162876.5698704402,1,EEM,134528.6035713478
2007-10-30,12.745079485622004,159787.21508789062,159799.96016737624,1,EEM,133594.6392094492
2007-10-31,12.745079485622004,163293.60376739502,163306.34884688063,1,EEM,134982.46549631783
2007-11-01,12.745079485622004,156700.8710746765,156713.61615416213,1,EEM,131822.81577181965
2007-11-02,12.745079485622004,157589.66535186768,157602.4104313533,1,EEM,131971.2136401667
2007-11-05,12.745079485622004,152110.43421936035,152123.17929884596,1,EEM,130967.45045866718
2007-11-06,12.745079485622004,157882.74656295776,157895.49164244338,1,EEM,132730.58673219412
2007-11-07,12.745079485622004,152852.7296333313,152865.4747128169,1,EEM,129099.63479991256
2007-11-08,12.745079485622004,153634.07916641235,153646.82424589797,1,EEM,128444.9505151997
2007-11-09,12.745079485622004,150020.31253051758,150033.0576100032,1,EEM,126681.89904045466
2007-11-12,12.745079485622004,141718.36521148682,141731.11029097243,1,EEM,125425.06802746726
2007-11-13,12.745079485622004,151729.4603691101,151742.20544859572,1,EEM,129248.00440199897
2007-11-14,12.745079485622004,151875.97592926025,151888.72100874587,1,EEM,128890.11585398026
2007-11-15,12.745079485622004,148379.4217414856,148392.1668209712,1,EEM,127030.98735932824
2007-11-16,12.745079485622004,150215.6332168579,150228.37829634352,1,EEM,127249.15578101561
2007-11-19,12.745079485622004,143290.84867858887,143303.59375807448,1,EEM,125477.37945382045
2007-11-20,12.745079485622004,147226.9161529541,147239.6612324397,1,EEM,126245.45855412423
2007-11-21,12.745079485622004,139813.87164115906,139826.61672064467,1,EEM,123661.93175394031
2007-11-22,12.745079485622004,139813.87164115906,139826.61672064467,1,EEM,123661.93175394031
2007-11-23,12.745079485622004,143945.2180595398,143957.9631390254,1,EEM,125800.33090369118
2007-11-26,12.745079485622004,138231.57872772217,138244.32380720778,1,EEM,123024.71601830145
2007-11-27,12.745079485622004,143525.2735748291,143538.0186543147,1,EEM,124438.66975208605
2007-11-28,12.745079485622004,151387.62412261963,151400.36920210524,1,EEM,128418.75711367559
2007-11-29,12.745079485622004,149531.94402694702,149544.68910643263,1,EEM,128462.40964218682
2007-11-30,12.745079485622004,150801.62866973877,150814.37374922438,1,EEM,129754.20601958285
2007-12-03,0.0,149492.83981704712,149492.83981704712,1,EEM,128898.90666103853
2007-12-04,0.0,149102.19844436646,149102.19844436646,1,EEM,127746.74561119192
2007-12-05,0.0,155724.21755218506,155724.21755218506,1,EEM,129885.15418302968
2007-12-06,0.0,158175.6941986084,158175.6941986084,1,EEM,131744.27325559483
2007-12-07,0.0,156300.41190719604,156300.41190719604,1,EEM,131718.08927615758
2007-12-10,0.0,156349.26712417603,156349.26712417603,1,EEM,132739.30216255737
2007-12-11,0.0,149727.29810714722,149727.29810714722,1,EEM,129099.63479991256
2007-12-12,0.0,154220.05792236328,154220.05792236328,1,EEM,130373.94378406083
2007-12-13,0.0,149981.20832061768,149981.20832061768,1,EEM,130103.34144889082
2007-12-14,0.0,146406.51250076294,146406.51250076294,1,EEM,128453.67536764982
2007-12-17,0.0,140165.38375854492,140165.38375854492,1,EEM,126620.79680704318
2007-12-18,0.0,144013.62538146973,144013.62538146973,1,EEM,127327.79251810924
2007-12-19,0.0,144951.2915725708,144951.2915725708,1,EEM,127327.79251810924
2007-12-20,0.0,145742.35871887207,145742.35871887207,1,EEM,128130.88409325604
2007-12-21,0.0,150137.54167556763,150137.54167556763,1,EEM,129977.8204074864
2007-12-24,0.0,152676.82747650146,152676.82747650146,1,EEM,130943.0472536501
2007-12-25,0.0,152676.82747650146,152676.82747650146,1,EEM,130943.0472536501
2007-12-26,0.0,153468.22856140137,153468.22856140137,1,EEM,131223.80659847587
2007-12-27,0.0,149926.74293518066,149926.74293518066,1,EEM,129574.15936140863
2007-12-28,0.0,150490.6650466919,150490.6650466919,1,EEM,129249.52135798652
2007-12-31,0.0,148680.3171157837,148680.3171157837,1,EEM,128293.10416305486
2008-01-01,0.0,148680.3171157837,148680.3171157837,1,EEM,128293.10416305486
2008-01-02,0.0,146227.05389785767,146227.05389785767,1,EEM,127169.91603036172
2008-01-03,0.0,147542.75527954102,147542.75527954102,1,EEM,127108.55940060451
2008-01-04,0.0,143111.03944015503,143111.03944015503,1,EEM,123993.55152373988
2008-01-07,0.0,144159.60663986206,144159.60663986206,1,EEM,123888.25970286506
2008-01-08,0.0,143041.81396865845,143041.81396865845,1,EEM,121887.66799580904
2008-01-09,0.0,147730.7126197815,147730.7126197815,1,EEM,123168.74203833658
2008-01-10,0.0,149471.73489761353,149471.73489761353,1,EEM,123975.97933171022
2008-01-11,0.0,145267.53142547607,145267.53142547607,1,EEM,122975.70232235597
2008-01-14,0.0,147404.25424575806,147404.25424575806,1,EEM,123967.21679091257
2008-01-15,0.0,140736.90297317505,140736.90297317505,1,EEM,121238.29776809605
2008-01-16,0.0,134880.68020820618,134880.68020820618,1,EEM,120194.20805475362
2008-01-17,0.0,130953.43706130981,130953.43706130981,1,EEM,117079.200177889
2008-01-18,0.0,133940.90185546875,133940.90185546875,1,EEM,115877.06437923522
2008-01-21,0.0,133940.90185546875,133940.90185546875,1,EEM,115877.06437923522
2008-01-22,0.0,130577.58082008362,130577.58082008362,1,EEM,114701.26331340875
2008-01-23,0.0,131408.51188659668,131408.51188659668,1,EEM,117456.5076469657
2008-01-24,0.0,133960.70441436768,133960.70441436768,1,EEM,118447.9844271748
2008-01-25,0.0,131922.88585853577,131922.88585853577,1,EEM,116736.97113826346
2008-01-28,0.0,135187.34437179565,135187.34437179565,1,EEM,118667.35887598271
2008-01-29,0.0,134524.6265258789,134524.6265258789,1,EEM,119255.30651933035
2008-01-30,132683.04975593011,0.0,132683.04975593011,0,None,118377.7993020118
2008-01-31,132683.04975593011,0.0,132683.04975593011,0,None,120536.35229559724
2008-02-01,132683.04975593011,0.0,132683.04975593011,0,None,122475.59679498292
2008-02-04,132683.04975593011,0.0,132683.04975593011,0,None,120931.2413787905
2008-02-05,132683.04975593011,0.0,132683.04975593011,0,None,117693.4448657164
2008-02-06,132683.04975593011,0.0,132683.04975593011,0,None,116745.76194532173
2008-02-07,132683.04975593011,0.0,132683.04975593011,0,None,117517.89254298355
2008-02-08,132683.04975593011,0.0,132683.04975593011,0,None,116763.34355943829
2008-02-11,132683.04975593011,0.0,132683.04975593011,0,None,117359.9877889754
2008-02-12,132683.04975593011,0.0,132683.04975593011,0,None,118447.9844271748
2008-02-13,132683.04975593011,0.0,132683.04975593011,0,None,119658.91103288684
2008-02-14,132683.04975593011,0.0,132683.04975593011,0,None,118605.99282413862
2008-02-15,132683.04975593011,0.0,132683.04975593011,0,None,118579.64866922444
2008-02-18,132683.04975593011,0.0,132683.04975593011,0,None,118579.64866922444
2008-02-19,132683.04975593011,0.0,132683.04975593011,0,None,118913.09632387858
2008-02-20,132683.04975593011,0.0,132683.04975593011,0,None,119264.0596380411
2008-02-21,132683.04975593011,0.0,132683.04975593011,0,None,118272.49805905009
2008-02-22,132683.04975593011,0.0,132683.04975593011,0,None,119000.80653063685
2008-02-25,132683.04975593011,0.0,132683.04975593011,0,None,120501.28328823294
2008-02-26,132683.04975593011,0.0,132683.04975593011,0,None,121405.05928377064
2008-02-27,132683.04975593011,0.0,132683.04975593011,0,None,121282.17642669239
2008-02-28,132683.04975593011,0.0,132683.04975593011,0,None,120097.67877467643
2008-02-29,132683.04975593011,0.0,132683.04975593011,0,None,117421.41037334077
2008-03-03,132683.04975593011,0.0,132683.04975593011,0,None,117140.62276225435
2008-03-04,132683.04975593011,0.0,132683.04975593011,0,None,116693.06421340648
2008-03-05,132683.04975593011,0.0,132683.04975593011,0,None,117430.20118039903
2008-03-06,132683.04975593011,0.0,132683.04975593011,0,None,114999.61369443794
2008-03-07,132683.04975593011,0.0,132683.04975593011,0,None,113815.0689319876
2008-03-10,132683.04975593011,0.0,132683.04975593011,0,None,112314.61101856527
2008-03-11,132683.04975593011,0.0,132683.04975593011,0,None,116350.85401795471
2008-03-12,132683.04975593011,0.0,132683.04975593011,0,None,115262.85737975531
2008-03-13,132683.04975593011,0.0,132683.04975593011,0,None,115517.28199175379
2008-03-14,132683.04975593011,0.0,132683.04975593011,0,None,113727.32103688181
2008-03-17,132683.04975593011,0.0,132683.04975593011,0,None,112577.826437622
2008-03-18,132683.04975593011,0.0,132683.04975593011,0,None,117254.68654601369
2008-03-19,132683.04975593011,0.0,132683.04975593011,0,None,114350.28115507247
2008-03-20,132683.04975593011,0.0,132683.04975593011,0,None,116468.3851296856
2008-03-21,132683.04975593011,0.0,132683.04975593011,0,None,116468.3851296856
2008-03-24,132683.04975593011,0.0,132683.04975593011,0,None,118796.34724535867
2008-03-25,132683.04975593011,0.0,132683.04975593011,0,None,118910.97635433076
2008-03-26,132683.04975593011,0.0,132683.04975593011,0,None,117455.98943218734
2008-03-27,132683.04975593011,0.0,132683.04975593011,0,None,117085.65430740123
2008-03-28,132683.04975593011,0.0,132683.04975593011,0,None,115965.77332720268
2008-03-31,132683.04975593011,0.0,132683.04975593011,0,None,116371.37532317758
2008-04-01,132683.04975593011,0.0,132683.04975593011,0,None,120462.94481672156
2008-04-02,132683.04975593011,0.0,132683.04975593011,0,None,120542.2505219836
2008-04-03,132683.04975593011,0.0,132683.04975593011,0,None,120842.12728108722
2008-04-04,132683.04975593011,0.0,132683.04975593011,0,None,120709.87886965107
2008-04-07,132683.04975593011,0.0,132683.04975593011,0,None,120771.53700618842
2008-04-08,132683.04975593011,0.0,132683.04975593011,0,None,120648.10766807117
2008-04-09,132683.04975593011,0.0,132683.04975593011,0,None,119775.12305245463
2008-04-10,132683.04975593011,0.0,132683.04975593011,0,None,119942.67602342706
2008-04-11,132683.04975593011,0.0,132683.04975593011,0,None,117614.73275192775
2008-04-14,132683.04975593011,0.0,132683.04975593011,0,None,117217.88387466362
2008-04-15,132683.04975593011,0.0,132683.04975593011,0,None,117491.27514754987
2008-04-16,132683.04975593011,0.0,132683.04975593011,0,None,120674.60257637543
2008-04-17,132683.04975593011,0.0,132683.04975593011,0,None,120850.97462066678
2008-04-18,132683.04975593011,0.0,132683.04975593011,0,None,122111.90424144662
2008-04-21,132683.04975593011,0.0,132683.04975593011,0,None,122173.60006633148
2008-04-22,132683.04975593011,0.0,132683.04975593011,0,None,121635.76850309421
2008-04-23,132683.04975593011,0.0,132683.04975593011,0,None,121441.74889007816
2008-04-24,132683.04975593011,0.0,132683.04975593011,0,None,121970.85560086531
2008-04-25,132683.04975593011,0.0,132683.04975593011,0,None,123099.49912186149
2008-04-28,132683.04975593011,0.0,132683.04975593011,0,None,123126.00345225263
2008-04-29,132683.04975593011,0.0,132683.04975593011,0,None,122640.99210806002
2008-04-30,132683.04975593011,0.0,132683.04975593011,0,None,121917.91289469121
2008-05-01,132683.04975593011,0.0,132683.04975593011,0,None,124439.8663571197
2008-05-02,132683.04975593011,0.0,132683.04975593011,0,None,124783.74426194908
2008-05-05,132683.04975593011,0.0,132683.04975593011,0,None,124184.15091921878
2008-05-06,132683.04975593011,0.0,132683.04975593011,0,None,125259.95537699653
2008-05-07,132683.04975593011,0.0,132683.04975593011,0,None,123029.00306783148
2008-05-08,132683.04975593011,0.0,132683.04975593011,0,None,122711.51642835067
2008-05-09,132683.04975593011,0.0,132683.04975593011,0,None,122482.27705458025
2008-05-12,132683.04975593011,0.0,132683.04975593011,0,None,123857.88289476659
2008-05-13,132683.04975593011,0.0,132683.04975593011,0,None,123875.53046349129
2008-05-14,132683.04975593011,0.0,132683.04975593011,0,None,124131.20821304468
2008-05-15,132683.04975593011,0.0,132683.04975593011,0,None,125683.19551960923
2008-05-16,132683.04975593011,0.0,132683.04975593011,0,None,125797.85289484197
2008-05-19,132683.04975593011,0.0,132683.04975593011,0,None,126141.73079967135
2008-05-20,132683.04975593011,0.0,132683.04975593011,0,None,125118.81251554644
2008-05-21,132683.04975593011,0.0,132683.04975593011,0,None,123002.50815952722
2008-05-22,132683.04975593011,0.0,132683.04975593011,0,None,123020.11803990441
2008-05-23,132683.04975593011,0.0,132683.04975593011,0,None,121371.19630352687
2008-05-26,132683.04975593011,0.0,132683.04975593011,0,None,121371.19630352687
2008-05-27,132683.04975593011,0.0,132683.04975593011,0,None,122270.63813910015
2008-05-28,132683.04975593011,0.0,132683.04975593011,0,None,122834.97403272855
2008-05-29,132683.04975593011,0.0,132683.04975593011,0,None,123452.24321044418
2008-05-30,132683.04975593011,0.0,132683.04975593011,0,None,123760.88251034544
2008-06-02,132683.04975593011,0.0,132683.04975593011,0,None,122482.27705458025
2008-06-03,132683.04975593011,0.0,132683.04975593011,0,None,121768.02633661723
2008-06-04,132683.04975593011,0.0,132683.04975593011,0,None,121706.3210896455
2008-06-05,132683.04975593011,0.0,132683.04975593011,0,None,124140.03670845047
2008-06-06,132683.04975593011,0.0,132683.04975593011,0,None,120180.76273677703
2008-06-09,132683.04975593011,0.0,132683.04975593011,0,None,120471.73562377982
2008-06-10,132683.04975593011,0.0,132683.04975593011,0,None,119872.09517061514
2008-06-11,132683.04975593011,0.0,132683.04975593011,0,None,118108.54432526551
2008-06-12,132683.04975593011,0.0,132683.04975593011,0,None,118558.28879826934
2008-06-13,132683.04975593011,0.0,132683.04975593011,0,None,120057.33339865979
2008-06-16,132683.04975593011,0.0,132683.04975593011,0,None,120127.82945268981
2008-06-17,132683.04975593011,0.0,132683.04975593011,0,None,119545.89310077109
2008-06-18,132683.04975593011,0.0,132683.04975593011,0,None,118381.88848771736
2008-06-19,132683.04975593011,0.0,132683.04975593011,0,None,118531.77504579134
2008-06-20,132683.04975593011,0.0,132683.04975593011,0,None,116607.82259341056
2008-06-23,132683.04975593011,0.0,132683.04975593011,0,None,116492.59989296508
2008-06-24,132683.04975593011,0.0,132683.04975593011,0,None,116262.22044668229
2008-06-25,132683.04975593011,0.0,132683.04975593011,0,None,116811.68828721535
2008-06-26,132683.04975593011,0.0,132683.04975593011,0,None,113638.99839447638
2008-06-27,132683.04975593011,0.0,132683.04975593011,0,None,113018.68588269877
2008-06-30,132683.04975593011,0.0,132683.04975593011,0,None,113417.46628777313
2008-07-01,132683.04975593011,0.0,132683.04975593011,0,None,113771.95346242847
2008-07-02,132683.04975593011,0.0,132683.04975593011,0,None,111822.27871286754
2008-07-03,132683.04975593011,0.0,132683.04975593011,0,None,111937.52025748679
2008-07-04,132683.04975593011,0.0,132683.04975593011,0,None,111937.52025748679
2008-07-07,132683.04975593011,0.0,132683.04975593011,0,None,110794.25365765412
2008-07-08,132683.04975593011,0.0,132683.04975593011,0,None,112761.69846306917
2008-07-09,132683.04975593011,0.0,132683.04975593011,0,None,110590.43507428373
2008-07-10,132683.04975593011,0.0,132683.04975593011,0,None,111042.40315979105
2008-07-11,132683.04975593011,0.0,132683.04975593011,0,None,109748.52450119471
2008-07-14,132683.04975593011,0.0,132683.04975593011,0,None,108756.03013560266
2008-07-15,132683.04975593011,0.0,132683.04975593011,0,None,107222.81162610144
2008-07-16,132683.04975593011,0.0,132683.04975593011,0,None,109854.89986206064
2008-07-17,132683.04975593011,0.0,132683.04975593011,0,None,110953.79785477924
2008-07-18,132683.04975593011,0.0,132683.04975593011,0,None,111645.0492586702
2008-07-21,132683.04975593011,0.0,132683.04975593011,0,None,111707.07485659583
2008-07-22,132683.04975593011,0.0,132683.04975593011,0,None,112974.34554184537
2008-07-23,132683.04975593011,0.0,132683.04975593011,0,None,113585.83898030406
2008-07-24,132683.04975593011,0.0,132683.04975593011,0,None,111228.53648608922
2008-07-25,132683.04975593011,0.0,132683.04975593011,0,None,111201.91909065555
2008-07-28,132683.04975593011,0.0,132683.04975593011,0,None,109571.35157951864
2008-07-29,132683.04975593011,0.0,132683.04975593011,0,None,111910.9028620531
2008-07-30,132683.04975593011,0.0,132683.04975593011,0,None,113904.88026411993
2008-07-31,132683.04975593011,0.0,132683.04975593011,0,None,112398.27915005237
2008-08-01,132683.04975593011,0.0,132683.04975593011,0,None,111804.5651895347
2008-08-04,132683.04975593011,0.0,132683.04975593011,0,None,110767.72106100235
2008-08-05,132683.04975593011,0.0,132683.04975593011,0,None,113754.23051700875
2008-08-06,132683.04975593011,0.0,132683.04975593011,0,None,114259.33917251464
2008-08-07,132683.04975593011,0.0,132683.04975593011,0,None,112557.85161343815
2008-08-08,132683.04975593011,0.0,132683.04975593011,0,None,114649.30992635696
2008-08-11,132683.04975593011,0.0,132683.04975593011,0,None,115836.841490348
2008-08-12,132683.04975593011,0.0,132683.04975593011,0,None,114631.56813676347
2008-08-13,132683.04975593011,0.0,132683.04975593011,0,None,113940.34499913316
2008-08-14,132683.04975593011,0.0,132683.04975593011,0,None,114799.95967346815
2008-08-15,132683.04975593011,0.0,132683.04975593011,0,None,115358.24658732013
2008-08-18,132683.04975593011,0.0,132683.04975593011,0,None,113780.81964618179
2008-08-19,132683.04975593011,0.0,132683.04975593011,0,None,112540.12866801841
2008-08-20,132683.04975593011,0.0,132683.04975593011,0,None,113062.95084685716
2008-08-21,132683.04975593011,0.0,132683.04975593011,0,None,113257.94093482176
2008-08-22,132683.04975593011,0.0,132683.04975593011,0,None,114897.43116223325
2008-08-25,132683.04975593011,0.0,132683.04975593011,0,None,112566.68953093082
2008-08-26,132683.04975593011,0.0,132683.04975593011,0,None,112894.62526476063
2008-08-27,132683.04975593011,0.0,132683.04975593011,0,None,113993.49499121861
2008-08-28,132683.04975593011,0.0,132683.04975593011,0,None,115375.96011065297
2008-08-29,132683.04975593011,0.0,132683.04975593011,0,None,114135.32566501088
2008-09-01,132683.04975593011,0.0,132683.04975593011,0,None,114135.32566501088
2008-09-02,132683.04975593011,0.0,132683.04975593011,0,None,113426.32304943957
2008-09-03,132683.04975593011,0.0,132683.04975593011,0,None,113328.8327165007
2008-09-04,132683.04975593011,0.0,132683.04975593011,0,None,109916.94430416003
2008-09-05,132683.04975593011,0.0,132683.04975593011,0,None,110262.55587297518
2008-09-08,132683.04975593011,0.0,132683.04975593011,0,None,112540.12866801841
2008-09-09,132683.04975593011,0.0,132683.04975593011,0,None,109199.0755048354
2008-09-10,132683.04975593011,0.0,132683.04975593011,0,None,109642.19625076318
2008-09-11,132683.04975593011,0.0,132683.04975593011,0,None,111228.53648608922
2008-09-12,132683.04975593011,0.0,132683.04975593011,0,None,111742.4736370009
2008-09-15,132683.04975593011,0.0,132683.04975593011,0,None,106425.22254969207
2008-09-16,132683.04975593011,0.0,132683.04975593011,0,None,108206.51518463521
2008-09-17,132683.04975593011,0.0,132683.04975593011,0,None,103341.20391657307
2008-09-18,132683.04975593011,0.0,132683.04975593011,0,None,106407.50902635923
2008-09-19,132683.04975593011,0.0,132683.04975593011,0,None,110633.38094627902
2008-09-22,132683.04975593011,0.0,132683.04975593011,0,None,108128.70759118695
2008-09-23,132683.04975593011,0.0,132683.04975593011,0,None,105668.57244077275
2008-09-24,132683.04975593011,0.0,132683.04975593011,0,None,106007.29646407923
2008-09-25,132683.04975593011,0.0,132683.04975593011,0,None,107665.20687133951
2008-09-26,132683.04975593011,0.0,132683.04975593011,0,None,107718.69605855261
2008-09-29,132683.04975593011,0.0,132683.04975593011,0,None,99277.72166401592
2008-09-30,132683.04975593011,0.0,132683.04975593011,0,None,103386.75028454702
2008-10-01,132683.04975593011,0.0,132683.04975593011,0,None,103449.1621880347
2008-10-02,132683.04975593011,0.0,132683.04975593011,0,None,99696.5805362298
2008-10-03,132683.04975593011,0.0,132683.04975593011,0,None,98350.67311388665
2008-10-06,132683.04975593011,0.0,132683.04975593011,0,None,93341.30755952874
2008-10-07,132683.04975593011,0.0,132683.04975593011,0,None,89160.94431923536
2008-10-08,132683.04975593011,0.0,132683.04975593011,0,None,86914.76591767356
2008-10-09,132683.04975593011,0.0,132683.04975593011,0,None,80844.73719915276
2008-10-10,132683.04975593011,0.0,132683.04975593011,0,None,78883.76065638025
2008-10-13,132683.04975593011,0.0,132683.04975593011,0,None,90337.5368403597
2008-10-14,132683.04975593011,0.0,132683.04975593011,0,None,89000.49560176984
2008-10-15,132683.04975593011,0.0,132683.04975593011,0,None,80238.60492812832
2008-10-16,132683.04975593011,0.0,132683.04975593011,0,None,83581.14678103823
2008-10-17,132683.04975593011,0.0,132683.04975593011,0,None,83081.95519609247
2008-10-20,132683.04975593011,0.0,132683.04975593011,0,None,88073.54127250936
2008-10-21,132683.04975593011,0.0,132683.04975593011,0,None,85444.05353252881
2008-10-22,132683.04975593011,0.0,132683.04975593011,0,None,80791.24801193966
2008-10-23,132683.04975593011,0.0,132683.04975593011,0,None,81727.1344795616
2008-10-24,132683.04975593011,0.0,132683.04975593011,0,None,77582.42441601904
2008-10-27,132683.04975593011,0.0,132683.04975593011,0,None,74828.15055741066
2008-10-28,132683.04975593011,0.0,132683.04975593011,0,None,83572.22406476365
2008-10-29,132683.04975593011,0.0,132683.04975593011,0,None,82966.10121582609
2008-10-30,132683.04975593011,0.0,132683.04975593011,0,None,85836.21963261398
2008-10-31,132683.04975593011,0.0,132683.04975593011,0,None,86308.65249082287
2008-11-03,132683.04975593011,0.0,132683.04975593011,0,None,86558.22472807857
2008-11-04,132683.04975593011,0.0,132683.04975593011,0,None,89499.65892045497
2008-11-05,132683.04975593011,0.0,132683.04975593011,0,None,85738.18281863612
2008-11-06,132683.04975593011,0.0,132683.04975593011,0,None,80987.35932824289
2008-11-07,132683.04975593011,0.0,132683.04975593011,0,None,83661.3475845538
2008-11-10,132683.04975593011,0.0,132683.04975593011,0,None,82565.00297737945
2008-11-11,132683.04975593011,0.0,132683.04975593011,0,None,80015.76315134886
2008-11-12,132683.04975593011,0.0,132683.04975593011,0,None,76494.9931030324
2008-11-13,132683.04975593011,0.0,132683.04975593011,0,None,81263.6620259748
2008-11-14,132683.04975593011,0.0,132683.04975593011,0,None,77208.04250491832
2008-11-17,132683.04975593011,0.0,132683.04975593011,0,None,76182.98069602839
2008-11-18,132683.04975593011,0.0,132683.04975593011,0,None,77618.05403755266
2008-11-19,132683.04975593011,0.0,132683.04975593011,0,None,72644.36050411934
2008-11-20,132683.04975593011,0.0,132683.04975593011,0,None,67251.75627699427
2008-11-21,132683.04975593011,0.0,132683.04975593011,0,None,70879.51883286725
2008-11-24,132683.04975593011,0.0,132683.04975593011,0,None,75790.81459594321
2008-11-25,132683.04975593011,0.0,132683.04975593011,0,None,76352.38039602916
2008-11-26,132683.04975593011,0.0,132683.04975593011,0,None,79302.68077215886
2008-11-27,132683.04975593011,0.0,132683.04975593011,0,None,79302.68077215886
2008-11-28,132683.04975593011,0.0,132683.04975593011,0,None,80301.00740952912
2008-12-01,131301.39719158094,0.0,131301.39719158094,0,None,73188.0808716561
2008-12-02,129919.74462723176,0.0,129919.74462723176,0,None,76004.7101012309
2008-12-03,128538.09206288258,0.0,128538.09206288258,0,None,77832.02020849193
2008-12-04,127156.43949853341,0.0,127156.43949853341,0,None,76031.42171753336
2008-12-05,125774.78693418423,0.0,125774.78693418423,0,None,78375.68404350743
2008-12-08,124393.13436983505,0.0,124393.13436983505,0,None,81112.14544687072
2008-12-09,123011.48180548588,0.0,123011.48180548588,0,None,79775.07594202024
2008-12-10,121629.8292411367,0.0,121629.8292411367,0,None,80318.796309557
2008-12-11,120248.17667678752,0.0,120248.17667678752,0,None,78384.63502604264
2008-12-12,118866.52411243835,0.0,118866.52411243835,0,None,79320.55447096867
2008-12-15,117484.87154808917,0.0,117484.87154808917,0,None,78215.2730143894
2008-12-16,116103.21898374,0.0,116103.21898374,0,None,81896.49649121484
2008-12-17,114721.56641939082,0.0,114721.56641939082,0,None,81103.22273059614
2008-12-18,113339.91385504164,0.0,113339.91385504164,0,None,79587.92503033912
2008-12-19,111958.26129069246,0.0,111958.26129069246,0,None,79245.56408149727
2008-12-22,110576.60872634329,0.0,110576.60872634329,0,None,78230.21173313634
2008-12-23,109194.95616199411,0.0,109194.95616199411,0,None,77421.4621948186
2008-12-24,107813.30359764493,0.0,107813.30359764493,0,None,77870.76854078255
2008-12-25,106431.65103329576,0.0,106431.65103329576,0,None,77870.76854078255
2008-12-26,105049.99846894658,0.0,105049.99846894658,0,None,78320.07017570308
2008-12-29,103668.3459045974,0.0,103668.3459045974,0,None,78095.40051406906
2008-12-30,102286.69334024822,0.0,102286.69334024822,0,None,79946.43543609187
2008-12-31,100905.04077589905,0.0,100905.04077589905,0,None,81087.63859889799
2009-01-01,100905.04077589905,0.0,100905.04077589905,0,None,81087.63859889799
2009-01-02,100905.04077589905,0.0,100905.04077589905,0,None,83531.77504579134
2009-01-05,100905.04077589905,0.0,100905.04077589905,0,None,83432.95619860251
2009-01-06,100905.04077589905,0.0,100905.04077589905,0,None,83990.07477368147
2009-01-07,100905.04077589905,0.0,100905.04077589905,0,None,81474.04780389999
2009-01-08,100905.04077589905,0.0,100905.04077589905,0,None,81806.5532498662
2009-01-09,100905.04077589905,0.0,100905.04077589905,0,None,80054.2994866847
2009-01-12,100905.04077589905,0.0,100905.04077589905,0,None,78131.32222029593
2009-01-13,100905.04077589905,0.0,100905.04077589905,0,None,78275.12211024595
2009-01-14,100905.04077589905,0.0,100905.04077589905,0,None,75813.01303263057
2009-01-15,100905.04077589905,0.0,100905.04077589905,0,None,75839.95077901814
2009-01-16,100905.04077589905,0.0,100905.04077589905,0,None,76433.03817075836
2009-01-19,100905.04077589905,0.0,100905.04077589905,0,None,76433.03817075836
2009-01-20,100905.04077589905,0.0,100905.04077589905,0,None,72398.41577031213
2009-01-21,100905.04077589905,0.0,100905.04077589905,0,None,75525.45094107803
2009-01-22,100905.04077589905,0.0,100905.04077589905,0,None,74357.3053208409
2009-01-23,100905.04077589905,0.0,100905.04077589905,0,None,74680.82209592438
2009-01-26,100905.04077589905,0.0,100905.04077589905,0,None,75192.99260554621
2009-01-27,100905.04077589905,0.0,100905.04077589905,0,None,75956.77994527652
2009-01-28,100905.04077589905,0.0,100905.04077589905,0,None,78526.72009618065
2009-01-29,100905.04077589905,0.0,100905.04077589905,0,None,75974.75257599854
2009-01-30,100905.04077589905,0.0,100905.04077589905,0,None,74429.18642164215
2009-02-02,100905.04077589905,0.0,100905.04077589905,0,None,74204.54031522533
2009-02-03,100905.04077589905,0.0,100905.04077589905,0,None,75246.8728093648
2009-02-04,100905.04077589905,0.0,100905.04077589905,0,None,74878.46450134547
2009-02-05,100905.04077589905,0.0,100905.04077589905,0,None,75992.73462880746
2009-02-06,100905.04077589905,0.0,100905.04077589905,0,None,78158.30707711789
2009-02-09,100905.04077589905,0.0,100905.04077589905,0,None,78266.11459518946
2009-02-10,100905.04077589905,0.0,100905.04077589905,0,None,74680.82209592438
2009-02-11,100905.04077589905,0.0,100905.04077589905,0,None,75121.13034891871
2009-02-12,100905.04077589905,0.0,100905.04077589905,0,None,75175.0341079545
2009-02-13,100905.04077589905,0.0,100905.04077589905,0,None,74366.30341381051
2009-02-16,100905.04077589905,0.0,100905.04077589905,0,None,74366.30341381051
2009-02-17,100905.04077589905,0.0,100905.04077589905,0,None,71185.30324044412
2009-02-18,100905.04077589905,0.0,100905.04077589905,0,None,71014.60800349747
2009-02-19,100905.04077589905,0.0,100905.04077589905,0,None,70250.83950794092
2009-02-20,100905.04077589905,0.0,100905.04077589905,0,None,69567.89838467742
2009-02-23,100905.04077589905,0.0,100905.04077589905,0,None,67078.84684963102
2009-02-24,100905.04077589905,0.0,100905.04077589905,0,None,69621.83040997385
2009-02-25,100905.04077589905,0.0,100905.04077589905,0,None,69073.69579473417
2009-02-26,100905.04077589905,0.0,100905.04077589905,0,None,67950.43228534602
2009-02-27,100905.04077589905,0.0,100905.04077589905,0,None,66431.84627676815
2009-03-02,100905.04077589905,0.0,100905.04077589905,0,None,63439.58934776545
2009-03-03,100905.04077589905,0.0,100905.04077589905,0,None,62963.35467750081
2009-03-04,100905.04077589905,0.0,100905.04077589905,0,None,64454.974673430464
2009-03-05,100905.04077589905,0.0,100905.04077589905,0,None,61822.146803651245
2009-03-06,100905.04077589905,0.0,100905.04077589905,0,None,61929.96374380968
2009-03-09,100905.04077589905,0.0,100905.04077589905,0,None,61202.126376566885
2009-03-10,100905.04077589905,0.0,100905.04077589905,0,None,64850.37726035864
2009-03-11,100905.04077589905,0.0,100905.04077589905,0,None,65272.67519428342
2009-03-12,100905.04077589905,0.0,100905.04077589905,0,None,67842.60121205726
2009-03-13,100905.04077589905,0.0,100905.04077589905,0,None,68372.76319657487
2009-03-16,100905.04077589905,0.0,100905.04077589905,0,None,68166.10856505384
2009-03-17,100905.04077589905,0.0,100905.04077589905,0,None,70250.83950794092
2009-03-18,100905.04077589905,0.0,100905.04077589905,0,None,71823.33869764146
2009-03-19,100905.04077589905,0.0,100905.04077589905,0,None,70933.71467659628
2009-03-20,100905.04077589905,0.0,100905.04077589905,0,None,69423.25521795171
2009-03-23,100905.04077589905,0.0,100905.04077589905,0,None,74409.87114353983
2009-03-24,100905.04077589905,0.0,100905.04077589905,0,None,72943.7426036618
2009-03-25,100905.04077589905,0.0,100905.04077589905,0,None,73712.99475378203
2009-03-26,100905.04077589905,0.0,100905.04077589905,0,None,75215.31824040643
2009-03-27,100905.04077589905,0.0,100905.04077589905,0,None,73857.80280702811
2009-03-30,100905.04077589905,0.0,100905.04077589905,0,None,71305.69395554283
2009-03-31,100905.04077589905,0.0,100905.04077589905,0,None,71966.3329991633
2009-04-01,100905.04077589905,0.0,100905.04077589905,0,None,73360.06222346175
2009-04-02,100905.04077589905,0.0,100905.04077589905,0,None,75504.91550272486
2009-04-03,100905.04077589905,0.0,100905.04077589905,0,None,76256.05840186331
2009-04-06,100905.04077589905,0.0,100905.04077589905,0,None,75658.80644772248
2009-04-07,100905.04077589905,0.0,100905.04077589905,0,None,73894.00246481792
2009-04-08,100905.04077589905,0.0,100905.04077589905,0,None,74690.4279134977
2009-04-09,100905.04077589905,0.0,100905.04077589905,0,None,77658.84696269607
2009-04-10,100905.04077589905,0.0,100905.04077589905,0,None,77658.84696269607
2009-04-13,100905.04077589905,0.0,100905.04077589905,0,None,77676.9609247213
2009-04-14,100905.04077589905,0.0,100905.04077589905,0,None,76337.57358649852
2009-04-15,100905.04077589905,0.0,100905.04077589905,0,None,77152.02348737816
2009-04-16,100905.04077589905,0.0,100905.04077589905,0,None,78283.31932583083
2009-04-17,100905.04077589905,0.0,100905.04077589905,0,None,78808.23320795676
2009-04-20,100905.04077589905,0.0,100905.04077589905,0,None,75504.91550272486
2009-04-21,100905.04077589905,0.0,100905.04077589905,0,None,76980.07982392004
2009-04-22,100905.04077589905,0.0,100905.04077589905,0,None,76509.47485056569
2009-04-23,100905.04077589905,0.0,100905.04077589905,0,None,77260.65072700822
2009-04-24,100905.04077589905,0.0,100905.04077589905,0,None,78428.10853490318
2009-04-27,100905.04077589905,0.0,100905.04077589905,0,None,77685.97315082123
2009-04-28,100905.04077589905,0.0,100905.04077589905,0,None,77441.62074969661
2009-04-29,100905.04077589905,0.0,100905.04077589905,0,None,79088.76171165399
2009-04-30,100905.04077589905,0.0,100905.04077589905,0,None,79115.92558812666
2009-05-01,100905.04077589905,0.0,100905.04077589905,0,None,79541.25743402654
2009-05-04,100905.04077589905,0.0,100905.04077589905,0,None,82247.27136363978
2009-05-05,100905.04077589905,0.0,100905.04077589905,0,None,81966.67219429096
2009-05-06,100905.04077589905,0.0,100905.04077589905,0,None,83387.53231775798
2009-05-07,100905.04077589905,0.0,100905.04077589905,0,None,82229.18095683175
2009-05-08,100905.04077589905,0.0,100905.04077589905,0,None,84147.77224177828
2009-05-11,100905.04077589905,0.0,100905.04077589905,0,None,82573.0305954005
2009-05-12,100905.04077589905,0.0,100905.04077589905,0,None,82328.71588262341
2009-05-13,100905.04077589905,0.0,100905.04077589905,0,None,80256.17712015798
2009-05-14,100905.04077589905,0.0,100905.04077589905,0,None,80944.0459948593
2009-05-15,100905.04077589905,0.0,100905.04077589905,0,None,80283.38810706505
2009-05-18,100905.04077589905,0.0,100905.04077589905,0,None,82563.97596990962
2009-05-19,100905.04077589905,0.0,100905.04077589905,0,None,82464.47873246549
2009-05-20,100905.04077589905,0.0,100905.04077589905,0,None,81912.39155178002
2009-05-21,100905.04077589905,0.0,100905.04077589905,0,None,80735.85556317697
2009-05-22,100905.04077589905,0.0,100905.04077589905,0,None,80563.89305554508
2009-05-25,100905.04077589905,0.0,100905.04077589905,0,None,80563.89305554508
2009-05-26,100905.04077589905,0.0,100905.04077589905,0,None,82627.31123791146
2009-05-27,100905.04077589905,0.0,100905.04077589905,0,None,81152.18931610724
2009-05-28,100905.04077589905,0.0,100905.04077589905,0,None,82283.45217725584
2009-05-29,100905.04077589905,0.0,100905.04077589905,0,None,83740.50253642577
2009-06-01,100905.04077589905,0.0,100905.04077589905,0,None,85767.72106100235
2009-06-02,100905.04077589905,0.0,100905.04077589905,0,None,85840.11095449509
2009-06-03,100905.04077589905,0.0,100905.04077589905,0,None,84754.14948706159
2009-06-04,100905.04077589905,0.0,100905.04077589905,0,None,85550.51369217664
2009-06-05,100905.04077589905,0.0,100905.04077589905,0,None,85568.62294315842
2009-06-08,100905.04077589905,0.0,100905.04077589905,0,None,85215.65272449063
2009-06-09,100905.04077589905,0.0,100905.04077589905,0,None,85650.05804005517
2009-06-10,100905.04077589905,0.0,100905.04077589905,0,None,85432.89778166387
2009-06-11,100905.04077589905,0.0,100905.04077589905,0,None,85812.98476636993
2009-06-12,100905.04077589905,0.0,100905.04077589905,0,None,86048.24485365614
2009-06-15,100905.04077589905,0.0,100905.04077589905,0,None,84075.35408202492
2009-06-16,100905.04077589905,0.0,100905.04077589905,0,None,82935.02717329856
2009-06-17,100905.04077589905,0.0,100905.04077589905,0,None,82853.59207640181
2009-06-18,100905.04077589905,0.0,100905.04077589905,0,None,83459.96932168512
2009-06-19,100905.04077589905,0.0,100905.04077589905,0,None,83767.57219202966
2009-06-22,100905.04077589905,0.0,100905.04077589905,0,None,81255.65325212751
2009-06-23,100905.04077589905,0.0,100905.04077589905,0,None,81319.34655943075
2009-06-24,100905.04077589905,0.0,100905.04077589905,0,None,82020.12369315654
2009-06-25,100905.04077589905,0.0,100905.04077589905,0,None,83804.01682407832
2009-06-26,100905.04077589905,0.0,100905.04077589905,0,None,83585.56573978456
2009-06-29,100905.04077589905,0.0,100905.04077589905,0,None,84368.23965266418
2009-06-30,100905.04077589905,0.0,100905.04077589905,0,None,83685.6471466152
2009-07-01,100905.04077589905,0.0,100905.04077589905,0,None,84031.53195594985
2009-07-02,100905.04077589905,0.0,100905.04077589905,0,None,81738.02641199394
2009-07-03,100905.04077589905,0.0,100905.04077589905,0,None,81738.02641199394
2009-07-06,100905.04077589905,0.0,100905.04077589905,0,None,81728.95294232928
2009-07-07,100905.04077589905,0.0,100905.04077589905,0,None,80145.27915759005
2009-07-08,100905.04077589905,0.0,100905.04077589905,0,None,80090.69700829897
2009-07-09,100905.04077589905,0.0,100905.04077589905,0,None,80245.41709694196
2009-07-10,100905.04077589905,0.0,100905.04077589905,0,None,80054.29006459782
2009-07-13,100905.04077589905,0.0,100905.04077589905,0,None,82001.95790965349
2009-07-14,100905.04077589905,0.0,100905.04077589905,0,None,82466.09933140871
2009-07-15,100905.04077589905,0.0,100905.04077589905,0,None,84877.93686448023
2009-07-16,100905.04077589905,0.0,100905.04077589905,0,None,84741.39198142718
2009-07-17,100905.04077589905,0.0,100905.04077589905,0,None,85669.71251328514
2009-07-20,100905.04077589905,0.0,100905.04077589905,0,None,86579.86726164004
2009-07-21,100905.04077589905,0.0,100905.04077589905,0,None,86980.29653191825
2009-07-22,100905.04077589905,0.0,100905.04077589905,0,None,86962.11190424144
2009-07-23,100905.04077589905,0.0,100905.04077589905,0,None,88882.46511943436
2009-07-24,100905.04077589905,0.0,100905.04077589905,0,None,89246.50629018519
2009-07-27,100905.04077589905,0.0,100905.04077589905,0,None,89510.42836575786
2009-07-28,100905.04077589905,0.0,100905.04077589905,0,None,89091.79562362908
2009-07-29,100905.04077589905,0.0,100905.04077589905,0,None,88873.3539614222
2009-07-30,100905.04077589905,0.0,100905.04077589905,0,None,89801.67449328017
2009-07-31,100905.04077589905,0.0,100905.04077589905,0,None,89929.09879623418
2009-08-03,100905.04077589905,0.0,100905.04077589905,0,None,91412.59695327398
2009-08-04,100905.04077589905,0.0,100905.04077589905,0,None,91649.22324315767
2009-08-05,100905.04077589905,0.0,100905.04077589905,0,None,91385.32001175875
2009-08-06,100905.04077589905,0.0,100905.04077589905,0,None,90912.03916573073
2009-08-07,100905.04077589905,0.0,100905.04077589905,0,None,92104.29119524824
2009-08-10,100905.04077589905,0.0,100905.04077589905,0,None,91913.13589664346
2009-08-11,100905.04077589905,0.0,100905.04077589905,0,None,90766.42081301303
2009-08-12,100905.04077589905,0.0,100905.04077589905,0,None,91740.25002449742
2009-08-13,100905.04077589905,0.0,100905.04077589905,0,None,92441.05542448386
2009-08-14,100905.04077589905,0.0,100905.04077589905,0,None,91731.14828857213
2009-08-17,100905.04077589905,0.0,100905.04077589905,0,None,89474.04968831736
2009-08-18,100905.04077589905,0.0,100905.04077589905,0,None,90183.91913588156
2009-08-19,100905.04077589905,0.0,100905.04077589905,0,None,90975.76073929462
2009-08-20,100905.04077589905,0.0,100905.04077589905,0,None,91913.13589664346
2009-08-21,100905.04077589905,0.0,100905.04077589905,0,None,93715.2419215027
2009-08-24,100905.04077589905,0.0,100905.04077589905,0,None,93706.1024972299
2009-08-25,100905.04077589905,0.0,100905.04077589905,0,None,93888.16548199627
2009-08-26,100905.04077589905,0.0,100905.04077589905,0,None,93897.22010748716
2009-08-27,100905.04077589905,0.0,100905.04077589905,0,None,94106.53176750812
2009-08-28,100905.04077589905,0.0,100905.04077589905,0,None,94088.35656191818
2009-08-31,100905.04077589905,0.0,100905.04077589905,0,None,93251.0439672262
2009-09-01,100905.04077589905,0.0,100905.04077589905,0,None,91194.18355732773
2009-09-02,100905.04077589905,0.0,100905.04077589905,0,None,90848.35528051437
2009-09-03,100905.04077589905,0.0,100905.04077589905,0,None,91603.72398561813
2009-09-04,100905.04077589905,0.0,100905.04077589905,0,None,92886.98395230163
2009-09-07,100905.04077589905,0.0,100905.04077589905,0,None,92886.98395230163
2009-09-08,100905.04077589905,0.0,100905.04077589905,0,None,93687.88960329245
2009-09-09,100905.04077589905,0.0,100905.04077589905,0,None,94406.9173193032
2009-09-10,100905.04077589905,0.0,100905.04077589905,0,None,95371.6542169492
2009-09-11,100905.04077589905,0.0,100905.04077589905,0,None,95353.42247883798
2009-09-14,100905.04077589905,0.0,100905.04077589905,0,None,95817.59216685385
2009-09-15,100905.04077589905,0.0,100905.04077589905,0,None,96218.05912547957
2009-09-16,100905.04077589905,0.0,100905.04077589905,0,None,97674.25207474352
2009-09-17,100905.04077589905,0.0,100905.04077589905,0,None,97528.63372202581
2009-09-18,100905.04077589905,0.0,100905.04077589905,0,None,97590.79122916776
2009-09-21,100905.04077589905,0.0,100905.04077589905,0,None,97343.89486458576
2009-09-22,100905.04077589905,0.0,100905.04077589905,0,None,97910.86894254034
2009-09-23,100905.04077589905,0.0,100905.04077589905,0,None,97097.00792209063
2009-09-24,100905.04077589905,0.0,100905.04077589905,0,None,96027.09226861238
2009-09-25,100905.04077589905,0.0,100905.04077589905,0,None,95514.99242464214
2009-09-28,100905.04077589905,0.0,100905.04077589905,0,None,97224.99755025741
2009-09-29,100905.04077589905,0.0,100905.04077589905,0,None,96932.38522013763
2009-09-30,100905.04077589905,0.0,100905.04077589905,0,None,96557.4426948676
2009-10-01,100905.04077589905,0.0,100905.04077589905,0,None,94161.57559905628
2009-10-02,100905.04077589905,0.0,100905.04077589905,0,None,93722.65710387661
2009-10-05,100905.04077589905,0.0,100905.04077589905,0,None,95121.79931708713
2009-10-06,100905.04077589905,0.0,100905.04077589905,0,None,96484.28019025076
2009-10-07,100905.04077589905,0.0,100905.04077589905,0,None,96749.49309172589
2009-10-08,100905.04077589905,0.0,100905.04077589905,0,None,97490.2198738194
2009-10-09,100905.04077589905,0.0,100905.04077589905,0,None,98084.60280250551
2009-10-12,100905.04077589905,0.0,100905.04077589905,0,None,98468.6659078746
2009-10-13,100905.04077589905,0.0,100905.04077589905,0,None,98267.48550883037
2009-10-14,100905.04077589905,0.0,100905.04077589905,0,None,99959.24947424754
2009-10-15,100905.04077589905,0.0,100905.04077589905,0,None,100325.05257524477
2009-10-16,100905.04077589905,0.0,100905.04077589905,0,None,99575.19579096534
2009-10-19,100905.04077589905,0.0,100905.04077589905,0,None,100398.17739151408
2009-10-20,100905.04077589905,0.0,100905.04077589905,0,None,99867.79869899823
2009-10-21,100905.04077589905,0.0,100905.04077589905,0,None,98971.5980613114
2009-10-22,100905.04077589905,0.0,100905.04077589905,0,None,99977.5094786194
2009-10-23,100905.04077589905,0.0,100905.04077589905,0,None,98834.45958678496
2009-10-26,100905.04077589905,0.0,100905.04077589905,0,None,97764.58162165422
2009-10-27,100905.04077589905,0.0,100905.04077589905,0,None,97316.47659176735
2009-10-28,0.0,100854.61346916445,100854.61346916445,1,EEM,95478.41588337717
2009-10-29,0.0,105317.41659810534,105317.41659810534,1,EEM,97526.76814882374
2009-10-30,0.0,100400.31488217632,100400.31488217632,1,EEM,94701.14082627933
2009-11-02,0.0,101896.81461723306,101896.81461723306,1,EEM,95396.10453240067
2009-11-03,0.0,102057.18009911414,102057.18009911414,1,EEM,95697.90339722764
2009-11-04,0.0,103954.52083714091,103954.52083714091,1,EEM,95944.79976180964
2009-11-05,0.0,106092.37344712298,106092.37344712298,1,EEM,97709.697965583
2009-11-06,0.0,105958.78401337718,105958.78401337718,1,EEM,97965.72433235092
2009-11-09,0.0,109860.44608902636,109860.44608902636,1,EEM,100197.00641455674
2009-11-10,0.0,109352.68264784683,109352.68264784683,1,EEM,100215.30410727611
2009-11-11,0.0,110288.00497874554,110288.00497874554,1,EEM,100727.3756849857
2009-11-12,0.0,107829.40686465481,107829.40686465481,1,EEM,99703.20426330586
2009-11-13,0.0,109673.37726074265,109673.37726074265,1,EEM,100242.71295800763
2009-11-16,0.0,112425.89393959392,112425.89393959392,1,EEM,101696.70113894185
2009-11-17,0.0,112025.07474714369,112025.07474714369,1,EEM,101815.60787535709
2009-11-18,0.0,111143.1881897433,111143.1881897433,1,EEM,101751.53768457867
2009-11-19,0.0,109085.43834879587,109085.43834879587,1,EEM,100425.60508641937
2009-11-20,0.0,108631.16157232752,108631.16157232752,1,EEM,100068.96967595558
2009-11-23,0.0,110902.63996692169,110902.63996692169,1,EEM,101340.06572847806
2009-11-24,0.0,110288.00497874554,110288.00497874554,1,EEM,101495.52073989763
2009-11-25,0.0,111570.7470794625,111570.7470794625,1,EEM,101852.1655724483
2009-11-26,0.0,111570.7470794625,111570.7470794625,1,EEM,101852.1655724483
2009-11-27,18.68862534072856,107222.83477973938,107241.52340508011,1,EEM,100197.00641455674
2009-11-30,18.68862534072856,108264.86147880554,108283.55010414627,1,EEM,100535.35355438804
2009-12-01,18.414755385310297,111364.2428855896,111382.65764097491,1,EEM,101779.04075617899
2009-12-02,18.140885429892034,111818.46226119995,111836.60314662984,1,EEM,101733.32479064121
2009-12-03,17.86701547447377,110776.41375541687,110794.28077089135,1,EEM,100937.70493038962
2009-12-04,17.593145519055508,111791.7417640686,111809.33490958766,1,EEM,101513.79958844323
2009-12-07,17.319275563637245,110829.85474967957,110847.1740252432,1,EEM,101358.3351549368
2009-12-08,17.04540560821898,108772.52911758423,108789.57452319245,1,EEM,100233.57353373483
2009-12-09,16.77153565280072,109440.46885681152,109457.24039246433,1,EEM,100608.53490317863
2009-12-10,16.497665697382455,110081.8044013977,110098.3020670951,1,EEM,101175.45244861193
2009-12-11,16.223795741964192,110482.51009368896,110498.73388943094,1,EEM,101605.26920786631
2009-12-14,15.949925786545931,111230.67674446106,111246.6266702476,1,EEM,102300.28002442204
2009-12-15,15.67605583112767,110081.8044013977,110097.48045722883,1,EEM,101824.75672171677
2009-12-16,15.402185875709408,110723.00183677673,110738.40402265244,1,EEM,101980.21173313634
2009-12-17,15.128315920291147,107543.45893859863,107558.58725451892,1,EEM,100754.85049032539
2009-12-18,14.854445964872886,107837.34806251526,107852.20250848013,1,EEM,101324.84905816818
2009-12-21,14.580576009454624,107703.7601146698,107718.34069067925,1,EEM,102354.55124484611
2009-12-22,14.306706054036363,108789.21125602722,108803.51796208126,1,EEM,102722.30471782734
2009-12-23,14.032836098618102,109866.60844993591,109880.64128603453,1,EEM,102924.58750103643
2009-12-24,13.75896614319984,110970.96601486206,110984.72498100526,1,EEM,103411.8318798194
2009-12-25,13.48509618778158,110970.96601486206,110984.45111104984,1,EEM,103411.8318798194
2009-12-28,13.211226232363318,111348.04049491882,111361.25172115119,1,EEM,103632.49715452976
2009-12-29,12.937356276945057,110949.28286933899,110962.22022561594,1,EEM,103485.38068999826
2009-12-30,12.663486321526795,111434.2206401825,111446.88412650402,1,EEM,103448.60628490882
2009-12-31,12.389616366108534,111811.44049835205,111823.83011471816,1,EEM,102455.66908123346
2010-01-01,12.389616366108534,111811.44049835205,111823.83011471816,1,EEM,102455.66908123346
2010-01-04,12.389616366108534,115071.47198867798,115083.86160504409,1,EEM,104193.30918766535
2010-01-05,12.389616366108534,115906.70559120178,115919.0952075679,1,EEM,104469.13135896642
2010-01-06,12.389616366108534,116149.18901443481,116161.57863080093,1,EEM,104542.68959123218
2010-01-07,12.389616366108534,115475.62314224243,115488.01275860854,1,EEM,104984.01071856603
2010-01-08,12.389616366108534,116391.67243766785,116404.06205403396,1,EEM,105333.34401169846
2010-01-11,12.389616366108534,116149.18901443481,116161.57863080093,1,EEM,105480.45105414306
2010-01-12,12.389616366108534,114290.13005256653,114302.51966893264,1,EEM,104496.7003851749
2010-01-13,12.389616366108534,114640.38227081299,114652.7718871791,1,EEM,105379.2955294082
2010-01-14,12.389616366108534,114344.01445007324,114356.40406643935,1,EEM,105664.33250167713
2010-01-15,12.389616366108534,113023.89395904541,113036.28357541152,1,EEM,104478.29904949987
2010-01-18,12.389616366108534,113023.89395904541,113036.28357541152,1,EEM,104478.29904949987
2010-01-19,12.389616366108534,115313.96268081665,115326.35229718276,1,EEM,105783.80456330511
2010-01-20,12.389616366108534,112538.91257476807,112551.30219113418,1,EEM,104708.15085891743
2010-01-21,12.389616366108534,109144.10830497742,109156.49792134353,1,EEM,102694.70742535823
2010-01-22,12.389616366108534,106719.3104171753,106731.7000335414,1,EEM,100405.44182049793
2010-01-25,12.389616366108534,107500.65962219238,107513.0492385585,1,EEM,100920.3306021844
2010-01-26,12.389616366108534,105264.39533996582,105276.78495633193,1,EEM,100497.34485591744
2010-01-27,12.389616366108534,104995.01696586609,105007.4065822322,1,EEM,100975.46865460137
2010-01-28,12.389616366108534,104267.53762054443,104279.92723691055,1,EEM,99817.02307280635
2010-01-29,12.389616366108534,103135.9580039978,103148.34762036391,1,EEM,98732.19225579835
2010-02-01,12.389616366108534,105911.0299167633,105923.41953312942,1,EEM,100267.53073484739
2010-02-02,12.389616366108534,106773.16573905945,106785.55535542556,1,EEM,101481.16147949376
2010-02-03,12.389616366108534,106153.51333999634,106165.90295636245,1,EEM,100975.46865460137
2010-02-04,12.389616366108534,101357.72200393677,101370.11162030288,1,EEM,97858.78364627223
2010-02-05,12.389616366108534,100226.20053863525,100238.59015500137,1,EEM,98061.0287411338
2010-02-08,12.389616366108534,99229.27013015747,99241.65974652358,1,EEM,97353.10024346672
2010-02-09,12.389616366108534,102462.37759399414,102474.76721036025,1,EEM,98575.87983447277
2010-02-10,12.389616366108534,102192.98468208313,102205.37429844924,1,EEM,98382.83069640528
2010-02-11,12.389616366108534,104887.19001960754,104899.57963597366,1,EEM,99412.5328830832
2010-02-12,12.389616366108534,103567.01864624023,103579.40826260635,1,EEM,99329.77869402338
2010-02-15,12.389616366108534,103567.01864624023,103579.40826260635,1,EEM,99329.77869402338
2010-02-16,12.389616366108534,106234.34357070923,106246.73318707534,1,EEM,100892.73330971529
2010-02-17,12.389616366108534,106611.55615997314,106623.94577633926,1,EEM,101370.80999796483
2010-02-18,12.389616366108534,107015.68550682068,107028.07512318679,1,EEM,101968.39643618985
2010-02-19,12.389616366108534,106099.6071357727,106111.99675213882,1,EEM,102179.84690993238
2010-02-22,12.389616366108534,106234.34357070923,106246.73318707534,1,EEM,102198.2576676943
2010-02-23,12.389616366108534,103782.59258079529,103794.9821971614,1,EEM,100957.07674101321
2010-02-24,12.389616366108534,104779.44303131104,104791.83264767715,1,EEM,101885.61398086938
2010-02-25,12.389616366108534,103917.2708644867,103929.6604808528,1,EEM,101747.75000565324
2010-02-26,-1.4551915228366852e-11,104871.94060834976,104871.94060834975,1,VNQ,101812.10285903803
2010-03-01,-1.4551915228366852e-11,105764.83599195808,105764.83599195807,1,VNQ,102869.3929160982
2010-03-02,-1.4551915228366852e-11,105811.8745985925,105811.87459859249,1,VNQ,103154.42046628022
2010-03-03,-1.4551915228366852e-11,105529.92519042584,105529.92519042583,1,VNQ,103246.33292378661
2010-03-04,-1.4551915228366852e-11,106187.84135271046,106187.84135271044,1,VNQ,103558.938922264
2010-03-05,-1.4551915228366852e-11,109078.08149875524,109078.08149875523,1,VNQ,105039.12050472235
2010-03-08,-1.4551915228366852e-11,110182.5394300573,110182.53943005728,1,VNQ,105057.52184039737
2010-03-09,-1.4551915228366852e-11,110440.98663985461,110440.9866398546,1,VNQ,105232.19790905048
2010-03-10,-1.4551915228366852e-11,111427.91647436211,111427.9164743621,1,VNQ,105701.0880625928
2010-03-11,-1.4551915228366852e-11,112085.86684654246,112085.86684654244,1,VNQ,106142.41861201353
2010-03-12,-1.4551915228366852e-11,112978.7878875726,112978.78788757259,1,VNQ,106151.59572463385
2010-03-15,-1.4551915228366852e-11,112720.33212530134,112720.33212530133,1,VNQ,106179.18359501609
2010-03-16,-1.4551915228366852e-11,115446.08254018256,115446.08254018254,1,VNQ,107025.01375624683
2010-03-17,-1.4551915228366852e-11,117161.43513208268,117161.43513208267,1,VNQ,107659.36517747442
2010-03-18,-1.4551915228366852e-11,116526.98695827168,116526.98695827166,1,VNQ,107604.21770297059
2010-03-19,-1.4551915228366852e-11,115258.08205817571,115258.0820581757,1,VNQ,107059.54570465903
2010-03-22,-1.4551915228366852e-11,116714.98744027852,116714.9874402785,1,VNQ,107631.89979422161
2010-03-23,-1.4551915228366852e-11,116385.95666310778,116385.95666310776,1,VNQ,108388.90794244234
2010-03-24,-1.4551915228366852e-11,117020.45615176238,117020.45615176237,1,VNQ,107862.67496815334
2010-03-25,-1.4551915228366852e-11,117306.86995132235,117306.86995132234,1,VNQ,107687.26397672367
2010-03-26,-1.4551915228366852e-11,116691.34840232624,116691.34840232623,1,VNQ,107622.64730490626
2010-03-29,25.031606069755643,117021.45345115662,117046.48505722637,1,VNQ,108305.84282451551
2010-03-30,25.031606069755643,116855.73342132568,116880.76502739544,1,VNQ,108379.68371938763
2010-03-31,25.031606069755643,115530.26390457153,115555.29551064128,1,VNQ,108010.3944462451
2010-04-01,25.031606069755643,116122.01121711731,116147.04282318706,1,VNQ,108748.93530418264
2010-04-02,25.031606069755643,116122.01121711731,116147.04282318706,1,VNQ,108748.93530418264
2010-04-05,25.031606069755643,118678.27752113342,118703.30912720317,1,VNQ,109635.18621812508
2010-04-06,25.031606069755643,121400.25530433655,121425.2869104063,1,VNQ,109893.6529053947
2010-04-07,25.031606069755643,118725.63953781128,118750.67114388103,1,VNQ,109265.87810080878
2010-04-08,25.031606069755643,118867.69138526917,118892.72299133892,1,VNQ,109644.38217491916
2010-04-09,25.031606069755643,120548.1750869751,120573.20669304485,1,VNQ,110364.43689839974
2010-04-12,25.031606069755643,119790.76759910583,119815.79920517559,1,VNQ,110539.82904565566
2010-04-13,25.031606069755643,122725.77612495422,122750.80773102398,1,VNQ,110622.93185193001
2010-04-14,25.031606069755643,122915.11303329468,122940.14463936443,1,VNQ,111878.4531948412
2010-04-15,25.031606069755643,119554.0601234436,119579.09172951335,1,VNQ,111970.79906834404
2010-04-16,25.031606069755643,116808.46546173096,116833.49706780071,1,VNQ,110189.0635953176
2010-04-19,25.031606069755643,117329.16547393799,117354.19708000774,1,VNQ,110604.44571747306
2010-04-20,25.031606069755643,119317.37829971313,119342.40990578289,1,VNQ,111592.30441632055
2010-04-21,25.031606069755643,121400.25530433655,121425.2869104063,1,VNQ,111389.1453790317
2010-04-22,25.031606069755643,123270.11866760254,123295.15027367229,1,VNQ,111721.57544830289
2010-04-23,25.031606069755643,124903.33440971375,124928.3660157835,1,VNQ,112450.81670649067
2010-04-26,25.031606069755643,125897.46647453308,125922.49808060283,1,VNQ,112026.17267293297
2010-04-27,25.031606069755643,121873.67880630493,121898.71041237468,1,VNQ,109376.68184250793
2010-04-28,25.031606069755643,122252.40392684937,122277.43553291912,1,VNQ,110207.48377516639
2010-04-29,25.031606069755643,127767.32983779907,127792.36144386882,1,VNQ,111573.82770395049
2010-04-30,25.031606069755643,123790.86143302917,123815.89303909893,1,VNQ,109681.34502174617
2010-05-03,25.031606069755643,127909.41588783264,127934.4474939024,1,VNQ,111103.0154446848
2010-05-04,25.031606069755643,124998.05844306946,125023.09004913921,1,VNQ,108490.4309285655
2010-05-05,25.031606069755643,123317.5234375,123342.55504356975,1,VNQ,107844.23594413078
2010-05-06,25.031606069755643,118252.29299163818,118277.32459770794,1,VNQ,104262.32597405533
2010-05-07,25.031606069755643,116264.02031135559,116289.05191742534,1,VNQ,102711.40336330813
2010-05-10,25.031606069755643,123932.93893241882,123957.97053848857,1,VNQ,107234.9095856543
2010-05-11,25.031606069755643,124666.65258598328,124691.68419205303,1,VNQ,106930.28409476357
2010-05-12,25.031606069755643,126678.55924606323,126703.59085213298,1,VNQ,108425.79541257433
2010-05-13,25.031606069755643,124619.29056930542,124644.32217537517,1,VNQ,107077.98472868158
2010-05-14,25.031606069755643,120666.5416507721,120691.57325684185,1,VNQ,105139.34324285616
2010-05-17,25.031606069755643,120832.22747802734,120857.2590840971,1,VNQ,105194.73569161886
2010-05-18,25.031606069755643,117778.89514160156,117803.92674767131,1,VNQ,103763.85046771239
2010-05-19,25.031606069755643,116690.0732460022,116715.10485207195,1,VNQ,103173.0290878666
2010-05-20,25.031606069755643,110701.73238372803,110726.76398979778,1,VNQ,99277.24113758508
2010-05-21,25.031606069755643,114417.85078239441,114442.88238846416,1,VNQ,100726.64076220914
2010-05-24,25.031606069755643,111861.54172515869,111886.57333122844,1,VNQ,99434.15657247092
2010-05-25,25.031606069755643,112760.96685791016,112785.99846397991,1,VNQ,99535.73609111534
2010-05-26,25.031606069755643,112524.25938224792,112549.29098831768,1,VNQ,98935.68106612796
2010-05-27,25.031606069755643,118702.00555801392,118727.03716408367,1,VNQ,102249.86243753156
2010-05-28,25.031606069755643,117187.14782905579,117212.17943512554,1,VNQ,100966.67784754309
2010-05-31,25.031606069755643,117187.14782905579,117212.17943512554,1,VNQ,100966.67784754309
2010-06-01,25.031606069755643,114749.21388626099,114774.24549233074,1,VNQ,99267.9980703566
2010-06-02,25.031606069755643,116997.80237007141,117022.83397614116,1,VNQ,101852.85338479048
2010-06-03,25.031606069755643,116666.37941169739,116691.41101776714,1,VNQ,102203.66594556294
2010-06-04,25.031606069755643,110062.65725708008,110087.68886314983,1,VNQ,98612.5694407803
2010-06-07,25.031606069755643,109470.90139389038,109495.93299996013,1,VNQ,97384.74903329388
2010-06-08,25.031606069755643,111435.54864501953,111460.58025108928,1,VNQ,98427.93422629591
2010-06-09,25.031606069755643,112098.240650177,112123.27225624675,1,VNQ,97901.72009618065
2010-06-10,25.031606069755643,116950.43180274963,116975.46340881939,1,VNQ,100763.54707651488
2010-06-11,25.031606069755643,118346.94861984253,118371.98022591228,1,VNQ,101252.79835980311
2010-06-14,25.031606069755643,119814.41012954712,119839.44173561687,1,VNQ,101095.90176909103
2010-06-15,25.031606069755643,122489.06864929199,122514.10025536174,1,VNQ,103394.56119456985
2010-06-16,25.031606069755643,121376.60422325134,121401.6358293211,1,VNQ,103357.6171919166
2010-06-17,25.031606069755643,121636.97988128662,121662.01148735637,1,VNQ,103523.7851161178
2010-06-18,25.031606069755643,121258.23765945435,121283.2692655241,1,VNQ,103636.04928128321
2010-06-21,25.031606069755643,120311.48471260071,120336.51631867046,1,VNQ,103339.1970120678
2010-06-22,25.031606069755643,116737.39250946045,116762.4241155302,1,VNQ,101632.54614938152
2010-06-23,25.031606069755643,117045.1387348175,117070.17034088726,1,VNQ,101317.1512131879
2010-06-24,25.031606069755643,114567.42719650269,114592.45880257244,1,VNQ,99638.26724053457
2010-06-25,25.031606069755643,117458.4597606659,117483.49136673564,1,VNQ,100055.66568928218
2010-06-28,25.031606069755643,116072.6654510498,116097.69705711956,1,VNQ,99740.28017517543
2010-06-29,25.031606069755643,112273.682762146,112298.71436821575,1,VNQ,96660.77472167155
2010-06-30,25.031606069755643,111079.00389480591,111104.03550087566,1,VNQ,95742.54524486119
2010-07-01,25.031606069755643,110696.73880767822,110721.77041374797,1,VNQ,95315.88488471134
2010-07-02,25.031606069755643,108570.22786712646,108595.25947319622,1,VNQ,94796.43581297534
2010-07-05,25.031606069755643,108570.22786712646,108595.25947319622,1,VNQ,94796.43581297534
2010-07-06,25.031606069755643,106157.06513977051,106182.09674584026,1,VNQ,95417.86955309157
2010-07-07,25.031606069755643,111317.9430885315,111342.97469460125,1,VNQ,98423.15722824816
2010-07-08,25.031606069755643,112703.7459487915,112728.77755486126,1,VNQ,99397.13719312262
2010-07-09,25.031606069755643,114137.3298072815,114162.36141335125,1,VNQ,100139.12653485795
2010-07-12,25.031606069755643,114495.75569915771,114520.78730522747,1,VNQ,100204.09182388989
2010-07-13,25.031606069755643,117315.08256340027,117340.11416947002,1,VNQ,101716.02583913105
2010-07-14,25.031606069755643,116622.24953842163,116647.28114449138,1,VNQ,101706.7262393813
2010-07-15,25.031606069755643,116239.9245967865,116264.95620285625,1,VNQ,101734.52139567488
2010-07-16,25.031606069755643,112464.81530570984,112489.84691177959,1,VNQ,98933.32554440817
2010-07-19,25.031606069755643,113850.601064682,113875.63267075176,1,VNQ,99517.67395056796
2010-07-20,25.031606069755643,115977.086353302,116002.11795937175,1,VNQ,100621.48085055062
2010-07-21,25.031606069755643,113563.88087272644,113588.91247879619,1,VNQ,99313.59154876495
2010-07-22,25.031606069755643,117816.9198551178,117841.95146118755,1,VNQ,101530.45783804562
2010-07-23,25.031606069755643,119322.10680580139,119347.13841187114,1,VNQ,102411.65851342081
2010-07-26,25.031606069755643,122308.7184677124,122333.75007378215,1,VNQ,103478.36123527327
2010-07-27,25.031606069755643,122284.87072181702,122309.90232788677,1,VNQ,103469.08047969728
2010-07-28,25.031606069755643,122045.92297744751,122070.95458351726,1,VNQ,102801.2429617011
2010-07-29,25.031606069755643,121018.52035713196,121043.55196320171,1,VNQ,102300.36482320396
2010-07-30,25.031606069755643,121735.33793830872,121760.36954437847,1,VNQ,102281.8410003995
2010-08-02,25.031606069755643,125821.07502174377,125846.10662781353,1,VNQ,104591.42062457128
2010-08-03,25.031606069755643,124602.5056552887,124627.53726135845,1,VNQ,104090.57075233478
2010-08-04,25.031606069755643,125486.53962898254,125511.5712350523,1,VNQ,104786.21284871142
2010-08-05,25.031606069755643,123909.62132644653,123934.65293251628,1,VNQ,104674.89089223393
2010-08-06,25.031606069755643,123336.1809425354,123361.21254860515,1,VNQ,104248.24937625784
2010-08-09,25.031606069755643,124745.8743019104,124770.90590798015,1,VNQ,104804.78378195029
2010-08-10,25.031606069755643,123527.32203674316,123552.35364281292,1,VNQ,104238.96862068184
2010-08-11,25.031606069755643,120445.12272644043,120470.15433251018,1,VNQ,101382.06939178544
2010-08-12,25.031606069755643,118939.87592124939,118964.90752731914,1,VNQ,100760.59796332169
2010-08-13,25.031606069755643,118939.87592124939,118964.90752731914,1,VNQ,100463.80222662757
2010-08-16,25.031606069755643,118844.29682350159,118869.32842957134,1,VNQ,100417.43613709512
2010-08-17,25.031606069755643,121568.1129951477,121593.14460121746,1,VNQ,101651.06055009911
2010-08-18,25.031606069755643,121687.5825920105,121712.61419808025,1,VNQ,101836.60970701078
2010-08-19,25.031606069755643,118581.46713066101,118606.49873673076,1,VNQ,100064.94644485817
2010-08-20,25.031606069755643,118199.14218902588,118224.17379509563,1,VNQ,99740.28017517543
2010-08-23,25.031606069755643,117577.96356010437,117602.99516617412,1,VNQ,99359.9953266449
2010-08-24,25.031606069755643,117100.05952072144,117125.09112679119,1,VNQ,97885.22202205521
2010-08-25,25.031606069755643,118963.72366714478,118988.75527321453,1,VNQ,98265.48802641199
2010-08-26,25.031606069755643,118246.94883918762,118271.98044525737,1,VNQ,97606.93126399179
2010-08-27,25.031606069755643,120206.21773529053,120231.24934136028,1,VNQ,99118.83701297232
2010-08-30,25.031606069755643,119274.35145950317,119299.38306557293,1,VNQ,97681.10193190469
2010-08-31,25.031606069755643,120182.25883102417,120207.29043709392,1,VNQ,97681.10193190469
2010-09-01,25.031606069755643,124100.72821807861,124125.75982414836,1,VNQ,100602.91933939864
2010-09-02,25.031606069755643,125677.69782447815,125702.7294305479,1,VNQ,101539.77628196913
2010-09-03,25.031606069755643,127517.45437049866,127542.48597656841,1,VNQ,102856.88038472264
2010-09-06,25.031606069755643,127517.45437049866,127542.48597656841,1,VNQ,102856.88038472264
2010-09-07,25.031606069755643,125558.23677825928,125583.26838432903,1,VNQ,101697.42663963155
2010-09-08,25.031606069755643,125821.07502174377,125846.10662781353,1,VNQ,102411.65851342081
2010-09-09,25.031606069755643,124363.53225898743,124388.56386505718,1,VNQ,102884.72265145062
2010-09-10,25.031606069755643,125032.60304450989,125057.63465057964,1,VNQ,103404.15287901287
2010-09-13,25.031606069755643,127087.43393707275,127112.4655431425,1,VNQ,104554.31644644108
2010-09-14,25.031606069755643,126609.51279640198,126634.54440247173,1,VNQ,104489.39826784354
2010-09-15,25.031606069755643,127708.6296672821,127733.66127335186,1,VNQ,104888.24462752606
2010-09-16,25.031606069755643,127039.56743240356,127064.59903847332,1,VNQ,104860.42120497183
2010-09-17,25.031606069755643,127421.85817146301,127446.88977753276,1,VNQ,104899.59824221546
2010-09-20,25.031606069755643,130527.96508216858,130552.99668823833,1,VNQ,106503.5389358318
2010-09-21,25.031606069755643,128616.59689331055,128641.6284993803,1,VNQ,106289.05455011419
2010-09-22,25.031606069755643,126872.30828666687,126897.33989273662,1,VNQ,105766.84480692259
2010-09-23,25.031606069755643,123742.36218070984,123767.39378677959,1,VNQ,104908.94495239962
2010-09-24,25.031606069755643,127242.91029548645,127267.9419015562,1,VNQ,107072.3597428147
2010-09-27,25.031606069755643,125675.8337841034,125700.86539017314,1,VNQ,106559.46844354662
2010-09-28,25.031606069755643,126182.0832080841,126207.11481415386,1,VNQ,106932.47001891954
2010-09-29,25.031606069755643,125193.67152404785,125218.7031301176,1,VNQ,106745.97865331995
2010-09-30,25.031606069755643,125555.35521125793,125580.38681732769,1,VNQ,106428.91600774872
2010-10-01,25.031606069755643,126182.0832080841,126207.11481415386,1,VNQ,106876.57819955226
2010-10-04,25.031606069755643,127339.31880569458,127364.35041176433,1,VNQ,106074.54189813593
2010-10-05,25.031606069755643,129364.3849067688,129389.41651283855,1,VNQ,108210.05788930178
2010-10-06,25.031606069755643,128665.27570915222,128690.30731522197,1,VNQ,108200.70175703075
2010-10-07,25.031606069755643,129026.88244056702,129051.91404663677,1,VNQ,108070.18700958038
2010-10-08,25.031606069755643,129388.49772262573,129413.52932869548,1,VNQ,108676.30985851794
2010-10-11,25.031606069755643,129364.3849067688,129389.41651283855,1,VNQ,108778.87869628468
2010-10-12,25.031606069755643,130280.5179977417,130305.54960381145,1,VNQ,109114.6347622242
2010-10-13,25.031606069755643,131630.53641319275,131655.56801926252,1,VNQ,109963.21617282368
2010-10-14,25.031606069755643,131293.03394699097,131318.06555306073,1,VNQ,109534.21913512779
2010-10-15,25.031606069755643,131124.26133728027,131149.29294335004,1,VNQ,109758.02196476892
2010-10-18,25.031606069755643,132811.8249721527,132836.85657822248,1,VNQ,110298.87801789441
2010-10-19,25.031606069755643,131172.45276641846,131197.48437248822,1,VNQ,108853.46393602026
2010-10-20,25.031606069755643,134041.34771347046,134066.37931954022,1,VNQ,109916.54857651111
2010-10-21,25.031606069755643,133896.67936897278,133921.71097504254,1,VNQ,110159.03540443364
2010-10-22,25.031606069755643,133969.03491783142,133994.0665239012,1,VNQ,110364.19192414089
2010-10-25,25.031606069755643,134210.0604686737,134235.09207474347,1,VNQ,110690.53532528812
2010-10-26,25.031606069755643,133245.78725242615,133270.8188584959,1,VNQ,110709.20047939577
2010-10-27,25.031606069755643,132305.5327949524,132330.56440102216,1,VNQ,110392.1472559114
2010-10-28,25.031606069755643,131485.94502449036,131510.97663056012,1,VNQ,110410.82183210594
2010-10-29,25.031606069755643,131510.0150871277,131535.04669319745,1,VNQ,110494.72551576502
2010-11-01,25.031606069755643,132643.09511566162,132668.1267217314,1,VNQ,110532.04640189346
2010-11-02,25.031606069755643,133559.21110534668,133584.24271141645,1,VNQ,111408.61141052408
2010-11-03,25.031606069755643,133559.21110534668,133584.24271141645,1,VNQ,111856.24533606699
2010-11-04,25.031606069755643,136645.07009124756,136670.10169731732,1,VNQ,114010.36052673233
2010-11-05,25.031606069755643,138115.60983276367,138140.64143883344,1,VNQ,114439.30103190694
2010-11-08,25.031606069755643,137368.24935150146,137393.28095757123,1,VNQ,114224.8260682762
2010-11-09,25.031606069755643,131799.25771903992,131824.28932510968,1,VNQ,113404.1811452735
2010-11-10,25.031606069755643,133438.6812286377,133463.71283470746,1,VNQ,113861.12409265303
2010-11-11,25.031606069755643,132377.9139957428,132402.94560181256,1,VNQ,113432.21185373905
2010-11-12,25.031606069755643,131148.39980506897,131173.43141113874,1,VNQ,112089.37603171851
2010-11-15,25.031606069755643,129894.7300453186,129919.76165138835,1,VNQ,111930.80230954193
2010-11-16,25.031606069755643,125434.7227268219,125459.75433289165,1,VNQ,110186.98131411729
2010-11-17,25.031606069755643,126399.09855079651,126424.13015686626,1,VNQ,110242.93908809274
2010-11-18,25.031606069755643,127532.14437675476,127557.17598282451,1,VNQ,111865.52609164298
2010-11-19,25.031606069755643,128207.18351173401,128232.21511780376,1,VNQ,112173.25144911696
2010-11-22,25.031606069755643,128544.68597793579,128569.71758400554,1,VNQ,112080.02932153436
2010-11-23,25.031606069755643,127532.14437675476,127557.17598282451,1,VNQ,110457.46116215788
2010-11-24,25.031606069755643,129991.18985939026,130016.22146546001,1,VNQ,112089.37603171851
2010-11-25,25.031606069755643,129991.18985939026,130016.22146546001,1,VNQ,112089.37603171851
2010-11-26,25.031606069755643,129726.01729011536,129751.04889618511,1,VNQ,110783.84225165262
2010-11-29,25.031606069755643,129653.64463996887,129678.67624603862,1,VNQ,111119.51351881024
2010-11-30,25.031606069755643,129075.09952163696,129100.13112770671,1,VNQ,110494.72551576502
2010-12-01,0.0,129822.4343509674,129822.4343509674,1,VNQ,112844.6787822141
2010-12-02,0.0,131823.3876361847,131823.3876361847,1,VNQ,114290.09286408828
2010-12-03,0.0,131799.25771903992,131799.25771903992,1,VNQ,114597.82764364913
2010-12-06,0.0,132064.47304153442,132064.47304153442,1,VNQ,114476.57480760098
2010-12-07,0.0,132353.80973052979,132353.80973052979,1,VNQ,114541.86986967368
2010-12-08,0.0,130401.03932380676,130401.03932380676,1,VNQ,114961.51077509855
2010-12-09,0.0,129243.89778327942,129243.89778327942,1,VNQ,115409.1164343808
2010-12-10,0.0,130087.64967346191,130087.64967346191,1,VNQ,116080.53434539108
2010-12-13,0.0,130304.62226295471,130304.62226295471,1,VNQ,116155.11958512667
2010-12-14,0.0,129026.88244056702,129026.88244056702,1,VNQ,116257.67900080651
2010-12-15,0.0,127797.34259796143,127797.34259796143,1,VNQ,115726.17907995205
2010-12-16,0.0,128014.28098487854,128014.28098487854,1,VNQ,116397.6064130492
2010-12-17,0.0,129075.09952163696,129075.09952163696,1,VNQ,116522.28888872138
2010-12-20,0.0,130617.97771072388,130617.97771072388,1,VNQ,116803.50049371734
2010-12-21,0.0,131992.1687965393,131992.1687965393,1,VNQ,117544.07652242079
2010-12-22,0.0,133004.71039772034,133004.71039772034,1,VNQ,117909.63464915917
2010-12-23,0.0,132401.96695709229,132401.96695709229,1,VNQ,117740.9227615006
2010-12-24,0.0,132401.96695709229,132401.96695709229,1,VNQ,117740.9227615006
2010-12-27,0.0,134047.1364994049,134047.1364994049,1,VNQ,117787.82590998514
2010-12-28,0.0,134583.33882904053,134583.33882904053,1,VNQ,117956.55664181747
2010-12-29,0.0,134851.43571853638,134851.43571853638,1,VNQ,118040.93142982051
2010-12-30,0.0,135217.0184993744,135217.0184993744,1,VNQ,117853.45074509863
2010-12-31,0.0,134948.92160987854,134948.92160987854,1,VNQ,117881.57567443297
2011-01-03,0.0,137459.2624053955,137459.2624053955,1,VNQ,119100.20012512531
2011-01-04,0.0,134826.98942756653,134826.98942756653,1,VNQ,119034.59413418558
2011-01-05,0.0,135314.49584007263,135314.49584007263,1,VNQ,119653.27662493309
2011-01-06,0.0,134047.1364994049,134047.1364994049,1,VNQ,119418.94932424792
2011-01-07,0.0,134095.88372039795,134095.88372039795,1,VNQ,119184.61260147586
2011-01-10,0.0,134071.49728393555,134071.49728393555,1,VNQ,119034.59413418558
2011-01-11,0.0,133779.06526184082,133779.06526184082,1,VNQ,119456.42096376642
2011-01-12,0.0,134339.5941734314,134339.5941734314,1,VNQ,120534.45845613453
2011-01-13,0.0,134778.31916236877,134778.31916236877,1,VNQ,120337.61221705472
2011-01-14,0.0,135680.0957221985,135680.0957221985,1,VNQ,121209.45676015888
2011-01-17,0.0,135680.0957221985,135680.0957221985,1,VNQ,121209.45676015888
2011-01-18,0.0,136849.93496894836,136849.93496894836,1,VNQ,121415.63086524907
2011-01-19,0.0,135046.41605186462,135046.41605186462,1,VNQ,120225.15018806484
2011-01-20,0.0,135070.74263381958,135070.74263381958,1,VNQ,120065.76616641665
2011-01-21,0.0,135168.27127838135,135168.27127838135,1,VNQ,120337.61221705472
2011-01-24,0.0,135850.6725177765,135850.6725177765,1,VNQ,121021.94780917634
2011-01-25,0.0,137434.90162086487,137434.90162086487,1,VNQ,121087.56322220295
2011-01-26,0.0,137654.13158035278,137654.13158035278,1,VNQ,121556.23666774706
2011-01-27,0.0,139823.3444366455,139823.3444366455,1,VNQ,121856.25475815387
2011-01-28,0.0,137508.0267276764,137508.0267276764,1,VNQ,119728.28585857824
2011-01-31,0.0,139335.85512542725,139335.85512542725,1,VNQ,120628.21764266923
2011-02-01,0.0,139677.1113243103,139677.1113243103,1,VNQ,122559.3214589913
2011-02-02,0.0,139677.1113243103,139677.1113243103,1,VNQ,122324.97531413236
2011-02-03,0.0,140067.0719909668,140067.0719909668,1,VNQ,122596.81194268355
2011-02-04,0.0,139043.4145526886,139043.4145526886,1,VNQ,122943.67664905364
2011-02-07,0.0,140408.27688598633,140408.27688598633,1,VNQ,123712.37760709143
2011-02-08,0.0,141017.58722114563,141017.58722114563,1,VNQ,124274.81966125712
2011-02-09,0.0,141115.0731124878,141115.0731124878,1,VNQ,123993.60805626116
2011-02-10,0.0,141700.01411247253,141700.01411247253,1,VNQ,124040.4735163982
2011-02-11,0.0,142626.12580490112,142626.12580490112,1,VNQ,124781.00243466724
2011-02-14,0.0,142650.5378932953,142650.5378932953,1,VNQ,125081.01110298716
2011-02-15,0.0,142114.3526649475,142114.3526649475,1,VNQ,124687.29035856693
2011-02-16,0.0,142431.22242736816,142431.22242736816,1,VNQ,125474.76953575492
2011-02-17,0.0,142577.387134552,142577.387134552,1,VNQ,125849.6932168512
2011-02-18,0.0,143138.0015525818,143138.0015525818,1,VNQ,126112.16429104448
2011-02-21,0.0,143138.0015525818,143138.0015525818,1,VNQ,126112.16429104448
2011-02-22,0.0,141894.96879386902,141894.96879386902,1,VNQ,123581.13735895135
2011-02-23,0.0,140700.76021194458,140700.76021194458,1,VNQ,122821.82079944522
2011-02-24,0.0,139628.32990074158,139628.32990074158,1,VNQ,122737.42716726841
2011-02-25,0.0,142358.07166862488,142358.07166862488,1,VNQ,124049.87675910362
2011-02-28,0.0,145892.0955543518,145892.0955543518,1,VNQ,124818.51176253325
2011-03-01,0.0,141553.7724494934,141553.7724494934,1,VNQ,122737.42716726841
2011-03-02,0.0,140262.0779762268,140262.0779762268,1,VNQ,122999.93592980922
2011-03-03,0.0,142284.93801116943,142284.93801116943,1,VNQ,125118.48274250566
2011-03-04,0.0,140920.1184310913,140920.1184310913,1,VNQ,124181.05105263554
2011-03-07,0.0,139896.4951953888,139896.4951953888,1,VNQ,123206.11945698629
2011-03-08,0.0,141870.63366127014,141870.63366127014,1,VNQ,124284.18521561503
2011-03-09,0.0,141724.40909957886,141724.40909957886,1,VNQ,124106.06066316416
2011-03-10,0.0,139555.27319908142,139555.27319908142,1,VNQ,121809.39872010371
2011-03-11,0.0,140968.79724693298,140968.79724693298,1,VNQ,122653.07122343912
2011-03-14,0.0,139555.27319908142,139555.27319908142,1,VNQ,121912.4857726488
2011-03-15,0.0,138824.13328933716,138824.13328933716,1,VNQ,120515.7367695056
2011-03-16,0.0,136776.8355140686,136776.8355140686,1,VNQ,118284.67139529799
2011-03-17,0.0,137824.84518623352,137824.84518623352,1,VNQ,119850.16055236041
2011-03-18,0.0,139214.05120277405,139214.05120277405,1,VNQ,120286.09224599937
2011-03-21,0.0,140725.12954711914,140725.12954711914,1,VNQ,122150.26155713176
2011-03-22,0.0,139823.3444366455,139823.3444366455,1,VNQ,121726.54088808822
2011-03-23,0.0,138287.8283519745,138287.8283519745,1,VNQ,122074.96023879336
2011-03-24,0.0,138872.82920646667,138872.82920646667,1,VNQ,123242.36622521048
2011-03-25,0.0,139957.9059200287,139957.9059200287,1,VNQ,123618.93877151061
2011-03-28,0.0,139786.0294265747,139786.0294265747,1,VNQ,123317.72407607015
2011-03-29,0.0,140350.7738056183,140350.7738056183,1,VNQ,124146.18933118257
2011-03-30,0.0,142388.40935325623,142388.40935325623,1,VNQ,125002.99622362758
2011-03-31,0.0,143542.13918685913,143542.13918685913,1,VNQ,124833.51172484491
2011-04-01,0.0,143763.08782577515,143763.08782577515,1,VNQ,125360.76228451687
2011-04-04,0.0,143664.96063613892,143664.96063613892,1,VNQ,125464.30159723216
2011-04-05,0.0,143812.21982574463,143812.21982574463,1,VNQ,125445.48568973444
2011-04-06,0.0,143885.90927505493,143885.90927505493,1,VNQ,125840.90240979294
2011-04-07,0.0,142290.17100524902,142290.17100524902,1,VNQ,125520.84354059411
2011-04-08,0.0,141259.04885482788,141259.04885482788,1,VNQ,125087.73847301891
2011-04-11,0.0,141357.28720283508,141357.28720283508,1,VNQ,124711.14708254501
2011-04-12,0.0,141111.7640132904,141111.7640132904,1,VNQ,123779.01060550098
2011-04-13,0.0,140890.8239250183,140890.8239250183,1,VNQ,123769.62620696932
2011-04-14,0.0,142928.4423713684,142928.4423713684,1,VNQ,123863.77169906607
2011-04-15,0.0,144769.65252685547,144769.65252685547,1,VNQ,124315.68325205213
2011-04-18,0.0,143468.53524398804,143468.53524398804,1,VNQ,122922.27908975103
2011-04-19,0.0,144597.7845840454,144597.7845840454,1,VNQ,123628.38912465044
2011-04-20,0.0,146291.70134735107,146291.70134735107,1,VNQ,125313.69896055537
2011-04-21,0.0,147273.70859909058,147273.70859909058,1,VNQ,125953.8638093874
2011-04-22,0.0,147273.70859909058,147273.70859909058,1,VNQ,125953.8638093874
2011-04-25,0.0,148255.71585083008,148255.71585083008,1,VNQ,125822.10534646898
2011-04-26,0.0,149556.8673362732,149556.8673362732,1,VNQ,126904.77850558163
2011-04-27,0.0,150661.59342956543,150661.59342956543,1,VNQ,127733.31913738909
2011-04-28,0.0,152674.67152786255,152674.67152786255,1,VNQ,128147.61771955345
2011-04-29,0.0,151790.8427696228,151790.8427696228,1,VNQ,128448.87010334144
2011-05-02,0.0,152011.79140853882,152011.79140853882,1,VNQ,128251.16645435563
2011-05-03,0.0,150710.69122695923,150710.69122695923,1,VNQ,127789.83281449041
2011-05-04,0.0,149851.47122192383,149851.47122192383,1,VNQ,126942.45743101147
2011-05-05,0.0,149753.29272842407,149753.29272842407,1,VNQ,125793.84850791832
2011-05-06,0.0,148427.54959106445,148427.54959106445,1,VNQ,126349.32763988028
2011-05-09,0.0,149188.60820388794,149188.60820388794,1,VNQ,126838.89927412242
2011-05-10,0.0,151545.33668136597,151545.33668136597,1,VNQ,127921.64780993012
2011-05-11,0.0,149949.66681671143,149949.66681671143,1,VNQ,126575.31639367739
2011-05-12,0.0,150195.20710754395,150195.20710754395,1,VNQ,127177.85884960087
2011-05-13,0.0,148599.43463516235,148599.43463516235,1,VNQ,126198.66847068223
2011-05-16,0.0,148820.3490715027,148820.3490715027,1,VNQ,125398.41294368607
2011-05-17,0.0,148771.31967926025,148771.31967926025,1,VNQ,125379.58761410146
2011-05-18,0.0,150219.74745559692,150219.74745559692,1,VNQ,126500.00565325211
2011-05-19,0.0,150857.95041656494,150857.95041656494,1,VNQ,126801.22977077946
2011-05-20,0.0,149016.77446365356,149016.77446365356,1,VNQ,125793.84850791832
2011-05-23,0.0,147494.6230354309,147494.6230354309,1,VNQ,124334.52742581048
2011-05-24,0.0,147936.5887184143,147936.5887184143,1,VNQ,124230.95984683455
2011-05-25,0.0,148623.99208450317,148623.99208450317,1,VNQ,124645.22074065139
2011-05-26,0.0,150612.5298347473,150612.5298347473,1,VNQ,125219.50635802421
2011-05-27,0.0,151471.73273849487,151471.73273849487,1,VNQ,125699.69359373469
2011-05-30,0.0,151471.73273849487,151471.73273849487,1,VNQ,125699.69359373469
2011-05-31,0.0,153877.62741851807,153877.62741851807,1,VNQ,127008.38377290509
2011-06-01,0.0,149458.60333633423,149458.60333633423,1,VNQ,124155.62084014864
2011-06-02,0.0,148378.45179367065,148378.45179367065,1,VNQ,124023.82468888268
2011-06-03,0.0,148967.6937675476,148967.6937675476,1,VNQ,122790.4735163982
2011-06-06,0.0,146782.7819290161,146782.7819290161,1,VNQ,121491.15831367257
2011-06-07,0.0,148329.31979370117,148329.31979370117,1,VNQ,121415.83815116041
2011-06-08,0.0,147912.06547164917,147912.06547164917,1,VNQ,120907.46945359433
2011-06-09,0.0,146316.29299926758,146316.29299926758,1,VNQ,121830.10846706414
2011-06-10,0.0,142633.85558700562,142633.85558700562,1,VNQ,120135.4330768013
2011-06-13,0.0,143223.02060508728,143223.02060508728,1,VNQ,120229.5597247243
2011-06-14,0.0,145358.82609558105,145358.82609558105,1,VNQ,121754.7788824651
2011-06-15,0.0,143026.64651679993,143026.64651679993,1,VNQ,119589.35718754475
2011-06-16,0.0,144155.90440750122,144155.90440750122,1,VNQ,119852.98717842417
2011-06-17,0.0,145530.71113967896,145530.71113967896,1,VNQ,120210.62133009716
2011-06-20,0.0,147298.31735229492,147298.31735229492,1,VNQ,120825.62920696178
2011-06-21,0.0,148452.14124298096,148452.14124298096,1,VNQ,122481.40080050049
2011-06-22,0.0,148010.26106643677,148010.26106643677,1,VNQ,121743.38757942818
2011-06-23,0.0,145015.17571640015,145015.17571640015,1,VNQ,121393.39474021421
2011-06-24,0.0,145037.458694458,145037.458694458,1,VNQ,119983.55845839583
2011-06-27,0.0,145656.43980789185,145656.43980789185,1,VNQ,121052.74861118439
2011-06-28,0.0,146869.57096481323,146869.57096481323,1,VNQ,122632.8137366489
2011-06-29,0.0,148404.6167640686,148404.6167640686,1,VNQ,123683.09376107094
2011-06-30,0.0,148800.8365020752,148800.8365020752,1,VNQ,124865.80121657984
2011-07-01,0.0,151350.9634437561,151350.9634437561,1,VNQ,126710.82484717375
2011-07-04,0.0,151350.9634437561,151350.9634437561,1,VNQ,126710.82484717375
2011-07-05,0.0,152514.62057495117,152514.62057495117,1,VNQ,126606.71078715882
2011-07-06,0.0,153653.53214263916,153653.53214263916,1,VNQ,126758.0860349597
2011-07-07,0.0,155584.7463760376,155584.7463760376,1,VNQ,128073.31514242425
2011-07-08,0.0,155386.64505767822,155386.64505767822,1,VNQ,127164.9505905764
2011-07-11,0.0,152687.9079246521,152687.9079246521,1,VNQ,124865.80121657984
2011-07-12,0.0,153207.83837890625,153207.83837890625,1,VNQ,124326.44327526815
2011-07-13,0.0,151697.53814315796,151697.53814315796,1,VNQ,124742.75818402466
2011-07-14,0.0,150286.32276916504,150286.32276916504,1,VNQ,123881.75846291843
2011-07-15,0.0,151945.16479110718,151945.16479110718,1,VNQ,124600.88039979798
2011-07-18,0.0,150880.48991394043,150880.48991394043,1,VNQ,123578.97970105601
2011-07-19,0.0,153306.90613937378,153306.90613937378,1,VNQ,125584.86662093813
2011-07-20,0.0,154421.0721435547,154421.0721435547,1,VNQ,125509.1695749508
2011-07-21,0.0,155659.00016784668,155659.00016784668,1,VNQ,127250.1074117904
2011-07-22,0.0,156426.5401687622,156426.5401687622,1,VNQ,127335.27365509131
2011-07-25,0.0,154965.76526260376,154965.76526260376,1,VNQ,126625.66802595972
2011-07-26,0.0,155312.42546844482,155312.42546844482,1,VNQ,126152.5661995824
2011-07-27,0.0,150954.84631347656,150954.84631347656,1,VNQ,123569.51050374244
2011-07-28,0.0,151103.40520095825,151103.40520095825,1,VNQ,123210.03904512801
2011-07-29,0.0,151128.1336631775,151128.1336631775,1,VNQ,122367.87407569327
2011-08-01,0.0,148850.29342651367,148850.29342651367,1,VNQ,121847.51106153
2011-08-02,0.0,144096.6142425537,144096.6142425537,1,VNQ,118734.56662169189
2011-08-03,0.0,142908.22009849548,142908.22009849548,1,VNQ,119378.02920093165
2011-08-04,0.0,135926.19180488586,135926.19180488586,1,VNQ,113786.14312526851
2011-08-05,0.0,132534.2112159729,132534.2112159729,1,VNQ,113615.80121657984
2011-08-08,0.0,121021.33351898193,121021.33351898193,1,VNQ,106216.80598792464
2011-08-09,0.0,132039.04342651367,132039.04342651367,1,VNQ,111155.80739746885
2011-08-10,0.0,128993.67173957825,128993.67173957825,1,VNQ,106245.18531360473
2011-08-11,0.0,135678.5822582245,135678.5822582245,1,VNQ,111013.90134698153
2011-08-12,0.0,135653.81959342957,135653.81959342957,1,VNQ,111761.3460770199
2011-08-15,0.0,140605.63429832458,140605.63429832458,1,VNQ,114126.76098803771
2011-08-16,0.0,140184.77160453796,140184.77160453796,1,VNQ,113152.22512003737
2011-08-17,0.0,140580.85453224182,140580.85453224182,1,VNQ,113227.93158811158
2011-08-18,0.0,134316.81525802612,134316.81525802612,1,VNQ,108345.68882992756
2011-08-19,0.0,131741.95130348206,131741.95130348206,1,VNQ,106576.3528232341
2011-08-22,0.0,131890.5358428955,131890.5358428955,1,VNQ,106661.50964444812
2011-08-23,0.0,135133.9660949707,135133.9660949707,1,VNQ,110171.76464380742
2011-08-24,0.0,136916.50173187256,136916.50173187256,1,VNQ,111723.49755402624
2011-08-25,0.0,134366.3918914795,134366.3918914795,1,VNQ,110020.39881809341
2011-08-26,0.0,136000.44559669495,136000.44559669495,1,VNQ,111619.4306044457
2011-08-29,0.0,140655.1938304901,140655.1938304901,1,VNQ,114826.92568611636
2011-08-30,0.0,141051.2511062622,141051.2511062622,1,VNQ,115129.69502589188
2011-08-31,0.0,142635.79658317566,142635.79658317566,1,VNQ,115640.6736415235
2011-09-01,0.0,140580.85453224182,140580.85453224182,1,VNQ,114429.57743824764
2011-09-02,0.0,137263.17048835754,137263.17048835754,1,VNQ,111505.87561337785
2011-09-05,0.0,137263.17048835754,137263.17048835754,1,VNQ,111505.87561337785
2011-09-06,0.0,136668.9862422943,136668.9862422943,1,VNQ,110692.20303466573
2011-09-07,0.0,141818.80820846558,141818.80820846558,1,VNQ,113814.55071720925
2011-09-08,0.0,140729.4476222992,140729.4476222992,1,VNQ,112631.82441752659
2011-09-09,0.0,136322.33458709717,136322.33458709717,1,VNQ,109679.7903774111
2011-09-12,0.0,136768.00269889832,136768.00269889832,1,VNQ,110389.40542862957
2011-09-13,0.0,137089.84893608093,137089.84893608093,1,VNQ,111401.83693005795
2011-09-14,0.0,137981.1766090393,137981.1766090393,1,VNQ,112944.05353252881
2011-09-15,0.0,140258.98264312744,140258.98264312744,1,VNQ,114893.19122313762
2011-09-16,0.0,141620.72399139404,141620.72399139404,1,VNQ,115573.17381112107
2011-09-19,0.0,138525.89538002014,138525.89538002014,1,VNQ,114422.38838595882
2011-09-20,0.0,138451.5731830597,138451.5731830597,1,VNQ,114289.23545418227
2011-09-21,0.0,131147.6730003357,131147.6730003357,1,VNQ,110922.51652634038
2011-09-22,0.0,127953.84503364563,127953.84503364563,1,VNQ,107336.9507865558
2011-09-23,0.0,128896.33975982666,128896.33975982666,1,VNQ,107983.6922520295
2011-09-26,0.0,130696.2588558197,130696.2588558197,1,VNQ,110551.55012173335
2011-09-27,0.0,131996.15339660645,131996.15339660645,1,VNQ,111787.94462827982
2011-09-28,0.0,128646.31893157959,128646.31893157959,1,VNQ,109505.37812719063
2011-09-29,0.0,130646.25469017029,130646.25469017029,1,VNQ,110370.86276165134
2011-09-30,0.0,127171.33285522461,127171.33285522461,1,VNQ,107612.82006829127
2011-10-03,0.0,121171.5597820282,121171.5597820282,1,VNQ,104550.37801412558
2011-10-04,0.0,125946.38470840454,125946.38470840454,1,VNQ,106842.441978789
2011-10-05,0.0,124871.39775466919,124871.39775466919,1,VNQ,108820.61854115943
2011-10-06,0.0,128296.30687332153,128296.30687332153,1,VNQ,110789.32590621631
2011-10-07,0.0,124721.39380836487,124721.39380836487,1,VNQ,110047.52500621857
2011-10-10,0.0,130946.21982955933,130946.21982955933,1,VNQ,113728.11249217966
2011-10-11,0.0,128346.32814025879,128346.32814025879,1,VNQ,113842.24223054716
2011-10-12,0.0,130446.28078079224,130446.28078079224,1,VNQ,114840.87979678441
2011-10-13,0.0,129596.24416732788,129596.24416732788,1,VNQ,114612.5920537888
2011-10-14,0.0,132596.18628311157,132596.18628311157,1,VNQ,116571.7831110977
2011-10-17,0.0,129721.29733467102,129721.29733467102,1,VNQ,114346.3238785832
2011-10-18,0.0,134296.16545295715,134296.16545295715,1,VNQ,116581.30884093256
2011-10-19,0.0,132746.18167877197,132746.18167877197,1,VNQ,115202.26393903531
2011-10-20,0.0,133496.1672077179,133496.1672077179,1,VNQ,115706.3361649845
2011-10-21,0.0,137896.06349945068,137896.06349945068,1,VNQ,117903.2370521682
2011-10-24,0.0,141320.98116874695,141320.98116874695,1,VNQ,119348.89610830123
2011-10-25,0.0,139021.0289669037,139021.0289669037,1,VNQ,117028.3303308283
2011-10-26,0.0,139901.37691177597,139901.37691177597,1,SPY,118217.13387654803
2011-10-27,0.0,144774.89571942194,144774.89571942194,1,SPY,122335.27365509131
2011-10-28,0.0,144741.07669481143,144741.07669481143,1,SPY,122306.69646558676
2011-10-31,0.0,141251.97472746106,141251.97472746106,1,SPY,119358.39357187544
2011-11-01,0.0,137312.71065606334,137312.71065606334,1,SPY,116029.70218667791
2011-11-02,0.0,139552.43772411972,139552.43772411972,1,SPY,117922.27908975103
2011-11-03,0.0,142096.1123002071,142096.1123002071,1,SPY,120071.69265906366
2011-11-04,0.0,141229.49561317987,141229.49561317987,1,SPY,119339.39864472701
2011-11-07,0.0,142107.3741580563,142107.3741580563,1,SPY,120081.20896681164
2011-11-08,0.0,143930.70239490437,143930.70239490437,1,SPY,121621.92745746869
2011-11-09,0.0,138618.27219070593,138618.27219070593,1,SPY,117132.90607310031
2011-11-10,0.0,139923.88947712007,139923.88947712007,1,SPY,118236.1570699571
2011-11-11,0.0,142557.58086352088,142557.58086352088,1,SPY,120461.63514664535
2011-11-14,0.0,141206.9830478358,141206.9830478358,1,SPY,119320.37545131796
2011-11-15,0.0,141904.78337066813,141904.78337066813,1,SPY,119910.01907030384
2011-11-16,0.0,139653.7721440539,139653.7721440539,1,SPY,118007.907015309
2011-11-17,0.0,137436.52419027867,137436.52419027867,1,SPY,116134.32503938432
2011-11-18,0.0,137290.18694036495,137290.18694036495,1,SPY,116010.66957118198
2011-11-21,0.0,134678.98581859958,134678.98581859958,1,SPY,113804.19584372903
2011-11-22,0.0,134150.0353110251,134150.0353110251,1,SPY,113357.23088635455
2011-11-23,0.0,131189.91730231213,131189.91730231213,1,SPY,110855.92121627834
2011-11-24,0.0,131189.91730231213,131189.91730231213,1,SPY,110855.92121627834
2011-11-25,130872.98268219728,0.0,130872.98268219728,0,None,110646.71319921306
2011-11-28,130872.98268219728,0.0,130872.98268219728,0,None,113851.767960382
2011-11-29,130872.98268219728,0.0,130872.98268219728,0,None,114175.08687164102
2011-11-30,130872.98268219728,0.0,130872.98268219728,0,None,118873.3539614222
2011-12-01,124378.08924321401,0.0,124378.08924321401,0,None,118854.33076801314
2011-12-02,117883.19580423074,0.0,117883.19580423074,0,None,118749.71733739361
2011-12-05,111388.30236524747,0.0,111388.30236524747,0,None,120043.2096904279
2011-12-06,104893.4089262642,0.0,104893.4089262642,0,None,120081.20896681164
2011-12-07,98398.51548728092,0.0,98398.51548728092,0,None,120528.22103462051
2011-12-08,91903.62204829765,0.0,91903.62204829765,0,None,117884.26096919354
2011-12-09,85408.72860931438,0.0,85408.72860931438,0,None,119881.50783540744
2011-12-12,78913.8351703311,0.0,78913.8351703311,0,None,118131.51537307694
2011-12-13,72418.94173134783,0.0,72418.94173134783,0,None,117028.3303308283
2011-12-14,65924.04829236456,0.0,65924.04829236456,0,None,115782.4006723601
2011-12-15,59429.15485338129,0.0,59429.15485338129,0,None,116200.84497275132
2011-12-16,52934.26141439802,0.0,52934.26141439802,0,None,116373.14667551086
2011-12-19,46439.367975414745,0.0,46439.367975414745,0,None,115128.94125894154
2011-12-20,39944.47453643147,0.0,39944.47453643147,0,None,118612.73903834411
2011-12-21,33449.5810974482,0.0,33449.5810974482,0,None,118842.4495164585
2011-12-22,26954.687658464925,0.0,26954.687658464925,0,None,119895.27350433792
2011-12-23,20459.79421948165,0.0,20459.79421948165,0,None,120967.18664023456
2011-12-26,0.0,20436.52891921997,20436.52891921997,1,VNQ,120967.18664023456
2011-12-27,0.0,20527.85760498047,20527.85760498047,1,VNQ,121062.91504292702
2011-12-28,0.0,20281.979080200195,20281.979080200195,1,VNQ,119474.14390918615
2011-12-29,0.0,20461.116771697998,20461.116771697998,1,VNQ,120708.7764854862
2011-12-30,0.0,20373.305389404297,20373.305389404297,1,VNQ,120115.37345383553
2012-01-02,0.0,20373.305389404297,20373.305389404297,1,VNQ,120115.37345383553
2012-01-03,0.0,20545.429862976074,20545.429862976074,1,VNQ,122029.59289047011
2012-01-04,0.0,20194.165321350098,20194.165321350098,1,VNQ,122220.99316333375
2012-01-05,0.0,20383.838287353516,20383.838287353516,1,VNQ,122546.41319996683
2012-01-06,0.0,20317.111713409424,20317.111713409424,1,VNQ,122230.58484777676
2012-01-09,0.0,20246.853576660156,20246.853576660156,1,VNQ,122527.24867525458
2012-01-10,0.0,20471.6615524292,20471.6615524292,1,VNQ,123589.65492549013
2012-01-11,0.0,20615.678493499756,20615.678493499756,1,VNQ,123656.67422946173
2012-01-12,0.0,20464.626945495605,20464.626945495605,1,VNQ,123953.34747902643
2012-01-13,0.0,20510.29485321045,20510.29485321045,1,VNQ,123312.05197976889
2012-01-16,0.0,20510.29485321045,20510.29485321045,1,VNQ,123312.05197976889
2012-01-17,0.0,20678.899646759033,20678.899646759033,1,VNQ,123790.59977236237
2012-01-18,0.0,20822.918964385986,20822.918964385986,1,VNQ,125159.31806704002
2012-01-19,0.0,20903.714752197266,20903.714752197266,1,VNQ,125819.6932922279
2012-01-20,0.0,21033.681491851807,21033.681491851807,1,VNQ,126288.6399782915
2012-01-23,0.0,21135.547828674316,21135.547828674316,1,VNQ,125963.24820791907
2012-01-24,0.0,21297.134651184082,21297.134651184082,1,VNQ,125819.6932922279
2012-01-25,0.0,21571.113578796387,21571.113578796387,1,VNQ,126872.47016967293
2012-01-26,0.0,21722.157997131348,21722.157997131348,1,VNQ,126221.63951849366
2012-01-27,0.0,21729.185474395752,21729.185474395752,1,VNQ,126164.2872756601
2012-01-30,0.0,21567.608158111572,21567.608158111572,1,VNQ,125733.51888563093
2012-01-31,0.0,21672.98466873169,21672.98466873169,1,VNQ,125685.68295054534
2012-02-01,0.0,21887.252616882324,21887.252616882324,1,VNQ,126786.34287351035
2012-02-02,0.0,21936.430698394775,21936.430698394775,1,VNQ,126987.334830817
2012-02-03,0.0,22242.02733230591,22242.02733230591,1,VNQ,128767.52508159526
2012-02-06,0.0,22171.781078338623,22171.781078338623,1,VNQ,128681.37894125892
2012-02-07,0.0,22115.57314300537,22115.57314300537,1,VNQ,129006.798977892
2012-02-08,0.0,22154.211196899414,22154.211196899414,1,VNQ,129389.64663405367
2012-02-09,0.0,21992.638633728027,21992.638633728027,1,VNQ,129552.38491863085
2012-02-10,0.0,21788.901206970215,21788.901206970215,1,VNQ,128595.25164509636
2012-02-13,0.0,22010.196632385254,22010.196632385254,1,VNQ,129552.38491863085
2012-02-14,0.0,21785.386280059814,21785.386280059814,1,VNQ,129389.64663405367
2012-02-15,0.0,21655.419540405273,21655.419540405273,1,VNQ,128786.63307378623
2012-02-16,0.0,21883.737689971924,21883.737689971924,1,VNQ,130212.74129964497
2012-02-17,0.0,21901.307571411133,21901.307571411133,1,VNQ,130557.33528307716
2012-02-20,0.0,21901.307571411133,21901.307571411133,1,VNQ,130557.33528307716
2012-02-21,0.0,21560.580680847168,21560.580680847168,1,VNQ,130614.75348051888
2012-02-22,0.0,21377.91855621338,21377.91855621338,1,VNQ,130193.59561910648
2012-02-23,0.0,21644.886642456055,21644.886642456055,1,VNQ,130767.85297021866
2012-02-24,0.0,21672.98466873169,21672.98466873169,1,VNQ,131054.99106786163
2012-02-27,0.0,21637.85916519165,21637.85916519165,1,VNQ,131275.10043944613
2012-02-28,0.0,21511.40022277832,21511.40022277832,1,VNQ,131657.9386735209
2012-02-29,0.0,21423.58884048462,21423.58884048462,1,VNQ,131141.1277861111
2012-03-01,0.0,21553.550827026367,21553.550827026367,1,VNQ,131820.6675360112
2012-03-02,0.0,21521.93312072754,21521.93312072754,1,VNQ,131418.67419931103
2012-03-05,0.0,21739.723125457764,21739.723125457764,1,VNQ,130882.75531971024
2012-03-06,0.0,21451.693996429443,21451.693996429443,1,VNQ,128968.53588307566
2012-03-07,0.0,21567.608158111572,21567.608158111572,1,VNQ,129868.14731621277
2012-03-08,0.0,21455.199417114258,21455.199417114258,1,VNQ,131160.27346664958
2012-03-09,0.0,21560.580680847168,21560.580680847168,1,VNQ,131667.55862422456
2012-03-12,0.0,21718.650199890137,21718.650199890137,1,VNQ,131677.1408865807
2012-03-13,0.0,22157.72137069702,22157.72137069702,1,VNQ,134050.70590274897
2012-03-14,0.0,22098.015144348145,22098.015144348145,1,VNQ,133907.14156497092
2012-03-15,0.0,22066.397438049316,22066.397438049316,1,VNQ,134682.39087338976
2012-03-16,0.0,22192.851627349854,22192.851627349854,1,VNQ,134868.87281690247
2012-03-19,0.0,22347.415725708008,22347.415725708008,1,VNQ,135397.5743779538
2012-03-20,0.0,22315.79088973999,22315.79088973999,1,VNQ,135003.45790588466
2012-03-21,0.0,22284.18031311035,22284.18031311035,1,VNQ,134782.3686372647
2012-03-22,0.0,21978.57654953003,21978.57654953003,1,VNQ,133811.43200645223
2012-03-23,0.0,22115.57314300537,22115.57314300537,1,VNQ,134244.0659696835
2012-03-26,0.0,22374.76513671875,22374.76513671875,1,VNQ,136128.16299456533
2012-03-27,0.0,22378.3133354187,22378.3133354187,1,VNQ,135705.17724829837
2012-03-28,0.0,22342.89789199829,22342.89789199829,1,VNQ,135032.28006964806
2012-03-29,0.0,22353.521099090576,22353.521099090576,1,VNQ,134801.58027241137
2012-03-30,0.0,22537.6471824646,22537.6471824646,1,VNQ,135359.14168557365
2012-04-02,0.0,22696.981029510498,22696.981029510498,1,VNQ,136349.22399692461
2012-04-03,0.0,22608.466186523438,22608.466186523438,1,VNQ,135791.75680463112
2012-04-04,0.0,22360.600860595703,22360.600860595703,1,VNQ,134445.8776485486
2012-04-05,0.0,22275.631839752197,22275.631839752197,1,VNQ,134378.61337031814
2012-04-06,0.0,22275.631839752197,22275.631839752197,1,VNQ,134378.61337031814
2012-04-09,0.0,22038.384967803955,22038.384967803955,1,VNQ,132869.40233818506
2012-04-10,0.0,21563.900730133057,21563.900730133057,1,VNQ,130639.19437388347
2012-04-11,0.0,21840.101737976074,21840.101737976074,1,VNQ,131696.60691807306
2012-04-12,0.0,22141.071216583252,22141.071216583252,1,VNQ,133417.2966902093
2012-04-13,0.0,22049.005798339844,22049.005798339844,1,VNQ,131831.19200705524
2012-04-16,0.0,22349.98240661621,22349.98240661621,1,VNQ,131744.65013907
2012-04-17,0.0,22541.18825149536,22541.18825149536,1,VNQ,133696.12450722486
2012-04-18,0.0,22388.9270362854,22388.9270362854,1,VNQ,133244.28833093384
2012-04-19,0.0,22388.9270362854,22388.9270362854,1,VNQ,132388.74399813064
2012-04-20,0.0,22661.572715759277,22661.572715759277,1,VNQ,132609.82384466368
2012-04-23,0.0,22427.876419067383,22427.876419067383,1,VNQ,131494.71044042602
2012-04-24,0.0,22764.26134109497,22764.26134109497,1,VNQ,131994.60868188774
2012-04-25,0.0,23026.288566589355,23026.288566589355,1,VNQ,133801.84032200923
2012-04-26,0.0,23082.94804763794,23082.94804763794,1,VNQ,134734.2783058334
2012-04-27,0.0,23242.284271240234,23242.284271240234,1,VNQ,134955.38641862708
2012-04-30,0.0,23182.086097717285,23182.086097717285,1,VNQ,134455.50702133914
2012-05-01,0.0,23433.490116119385,23433.490116119385,1,VNQ,135291.85856316943
2012-05-02,0.0,23398.081802368164,23398.081802368164,1,VNQ,134888.11271830974
2012-05-03,0.0,23316.63959121704,23316.63959121704,1,VNQ,133859.4658053623
2012-05-04,0.0,23111.27184677124,23111.27184677124,1,VNQ,131696.60691807306
2012-05-07,0.0,23274.15389251709,23274.15389251709,1,VNQ,131792.7498925882
2012-05-08,0.0,23231.65393447876,23231.65393447876,1,VNQ,131264.0200652762
2012-05-09,0.0,23157.298614501953,23157.298614501953,1,VNQ,130485.39764975464
2012-05-10,0.0,23175.00395965576,23175.00395965576,1,VNQ,130754.54898354526
2012-05-11,0.0,23224.57654953003,23224.57654953003,1,VNQ,130360.41366730233
2012-05-14,0.0,22930.689208984375,22930.689208984375,1,VNQ,128918.49517966034
2012-05-15,0.0,22810.29048538208,22810.29048538208,1,VNQ,128178.34314486646
2012-05-16,0.0,22558.891220092773,22558.891220092773,1,VNQ,127688.03658784776
2012-05-17,0.0,21900.290405273438,21900.290405273438,1,VNQ,125794.27250182787
2012-05-18,0.0,21634.724487304688,21634.724487304688,1,VNQ,124717.65774457852
2012-05-21,0.0,22105.65814971924,22105.65814971924,1,VNQ,126861.3521071555
2012-05-22,0.0,22148.15097808838,22148.15097808838,1,VNQ,127082.44137577542
2012-05-23,0.0,22180.020599365234,22180.020599365234,1,VNQ,127149.72449817964
2012-05-24,0.0,22279.168155670166,22279.168155670166,1,VNQ,127399.65477473674
2012-05-25,0.0,22190.63667678833,22190.63667678833,1,VNQ,126986.31724543405
2012-05-28,0.0,22190.63667678833,22190.63667678833,1,VNQ,126986.31724543405
2012-05-29,0.0,22505.777561187744,22505.777561187744,1,VNQ,128524.38812967806
2012-05-30,0.0,21971.104656219482,21971.104656219482,1,VNQ,126659.45562950846
2012-05-31,0.0,22137.53014755249,22137.53014755249,1,VNQ,126380.6843450142
2012-06-01,0.0,21595.770351409912,21595.770351409912,1,VNQ,123198.83618382868
2012-06-04,0.0,21447.057334899902,21447.057334899902,1,VNQ,123141.15416795434
2012-06-05,0.0,21889.667198181152,21889.667198181152,1,VNQ,124073.62041803914
2012-06-06,0.0,22374.76513671875,22374.76513671875,1,VNQ,126861.3521071555
2012-06-07,0.0,22215.433666229248,22215.433666229248,1,VNQ,126938.21749191584
2012-06-08,0.0,22530.56979751587,22530.56979751587,1,VNQ,127947.60565928226
2012-06-11,0.0,22024.21831512451,22024.21831512451,1,VNQ,126323.0305954005
2012-06-12,0.0,22233.131881713867,22233.131881713867,1,VNQ,127774.52192331174
2012-06-13,0.0,22119.82004928589,22119.82004928589,1,VNQ,126957.45739332311
2012-06-14,0.0,22442.043071746826,22442.043071746826,1,VNQ,128303.26117271061
2012-06-15,0.0,22580.135257720947,22580.135257720947,1,VNQ,129615.47521237383
2012-06-18,0.0,22767.807163238525,22767.807163238525,1,VNQ,129866.66804857273
2012-06-19,0.0,22859.86782836914,22859.86782836914,1,VNQ,131122.84893756546
2012-06-20,0.0,22849.24224472046,22849.24224472046,1,VNQ,130910.27723548432
2012-06-21,0.0,22477.451385498047,22477.451385498047,1,VNQ,127972.84743003157
2012-06-22,0.0,22480.987701416016,22480.987701416016,1,VNQ,128958.3788734199
2012-06-25,0.0,22366.394905090332,22366.394905090332,1,VNQ,126890.59826482847
2012-06-26,0.0,22441.372882843018,22441.372882843018,1,VNQ,127528.30394898505
2012-06-27,0.0,22530.619705200195,22530.619705200195,1,VNQ,128678.19427589377
2012-06-28,0.0,22776.947399139404,22776.947399139404,1,VNQ,128311.01555021218
2012-06-29,0.0,23358.866245269775,23358.866245269775,1,VNQ,131509.36178552313
2012-07-02,0.0,23615.916961669922,23615.916961669922,1,VNQ,131905.53227253197
2012-07-03,0.0,23755.14751815796,23755.14751815796,1,VNQ,132775.16262521953
2012-07-04,0.0,23755.14751815796,23755.14751815796,1,VNQ,132775.16262521953
2012-07-05,0.0,23608.768280029297,23608.768280029297,1,VNQ,132176.04980892007
2012-07-06,0.0,23665.905448913574,23665.905448913574,1,VNQ,130919.96314079611
2012-07-09,0.0,23690.883056640625,23690.883056640625,1,VNQ,130755.67963397077
2012-07-10,0.0,23437.409057617188,23437.409057617188,1,VNQ,129615.47521237383
2012-07-11,0.0,23462.408054351807,23462.408054351807,1,VNQ,129634.78106838926
2012-07-12,0.0,23533.799808502197,23533.799808502197,1,VNQ,129006.71417911009
2012-07-13,0.0,23822.974437713623,23822.974437713623,1,VNQ,131171.17482116877
2012-07-16,0.0,23869.388584136963,23869.388584136963,1,VNQ,130861.97961814165
2012-07-17,0.0,24097.873092651367,24097.873092651367,1,VNQ,131760.59231006957
2012-07-18,0.0,23955.06581878662,23955.06581878662,1,VNQ,132736.522646928
2012-07-19,0.0,23705.166160583496,23705.166160583496,1,VNQ,133084.37667242042
2012-07-20,0.0,23580.21157836914,23580.21157836914,1,VNQ,131866.9111384142
2012-07-23,0.0,23408.849979400635,23408.849979400635,1,VNQ,130533.39376031718
2012-07-24,0.0,23330.307167053223,23330.307167053223,1,VNQ,129412.52346099632
2012-07-25,0.0,23319.60078048706,23319.60078048706,1,VNQ,129441.54348858418
2012-07-26,0.0,23526.66538619995,23526.66538619995,1,VNQ,131576.97468096812
2012-07-27,0.0,23751.575553894043,23751.575553894043,1,VNQ,134002.33290871128
2012-07-30,0.0,23862.249408721924,23862.249408721924,1,VNQ,134002.33290871128
2012-07-31,0.0,23826.548778533936,23826.548778533936,1,VNQ,133065.0613943181
2012-08-01,0.0,23712.305335998535,23712.305335998535,1,VNQ,132949.10377109604
2012-08-02,0.0,23780.14413833618,23780.14413833618,1,VNQ,132031.14753480518
2012-08-03,0.0,23965.779335021973,23965.779335021973,1,VNQ,134649.72449817965
2012-08-06,0.0,23940.792221069336,23940.792221069336,1,VNQ,134910.64092803787
2012-08-07,0.0,23658.752014160156,23658.752014160156,1,VNQ,135587.03370092035
2012-08-08,0.0,23498.103931427002,23498.103931427002,1,VNQ,135751.25125313754
2012-08-09,0.0,23423.128330230713,23423.128330230713,1,VNQ,135867.2088763596
2012-08-10,0.0,23455.25461959839,23455.25461959839,1,VNQ,136089.46648375253
2012-08-13,0.0,23437.409057617188,23437.409057617188,1,VNQ,136021.81589996003
2012-08-14,0.0,23387.43007659912,23387.43007659912,1,VNQ,136041.14060014923
2012-08-15,0.0,23494.534343719482,23494.534343719482,1,VNQ,136195.7476237497
2012-08-16,0.0,23673.030364990234,23673.030364990234,1,VNQ,137200.6885661091
2012-08-17,0.0,23680.17191696167,23680.17191696167,1,VNQ,137384.24966268928
2012-08-20,0.0,23612.344997406006,23612.344997406006,1,VNQ,137393.96383426173
2012-08-21,0.0,23662.323978424072,23662.323978424072,1,VNQ,136978.4969133243
2012-08-22,0.0,23648.043251037598,23648.043251037598,1,VNQ,137036.45216971816
2012-08-23,0.0,23576.646743774414,23576.646743774414,1,VNQ,135915.5347599629
2012-08-24,0.0,23655.189556121826,23655.189556121826,1,VNQ,136736.8580732209
2012-08-27,0.0,23726.58606338501,23726.58606338501,1,VNQ,136765.87810080877
2012-08-28,0.0,23808.700839996338,23808.700839996338,1,VNQ,136630.60519948442
2012-08-29,0.0,23801.55453491211,23801.55453491211,1,VNQ,136736.8580732209
2012-08-30,0.0,23748.00121307373,23748.00121307373,1,VNQ,135751.25125313754
2012-08-31,0.0,23822.974437713623,23822.974437713623,1,VNQ,136398.69937512718
2012-09-03,0.0,23822.974437713623,23822.974437713623,1,VNQ,136398.69937512718
2012-09-04,0.0,23990.771202087402,23990.771202087402,1,VNQ,136273.05584659334
2012-09-05,0.0,23947.93377304077,23947.93377304077,1,VNQ,136157.15475589255
2012-09-06,0.0,24162.135177612305,24162.135177612305,1,VNQ,138920.67168172944
2012-09-07,0.0,24183.550327301025,24183.550327301025,1,VNQ,139461.8103974613
2012-09-10,0.0,23994.345542907715,23994.345542907715,1,VNQ,138669.37520257485
2012-09-11,0.0,24065.7420501709,24065.7420501709,1,VNQ,139055.9351609669
2012-09-12,0.0,24115.721031188965,24115.721031188965,1,VNQ,139519.74680968138
2012-09-13,0.0,24412.03483581543,24412.03483581543,1,VNQ,141645.46383049287
2012-09-14,0.0,24547.698181152344,24547.698181152344,1,VNQ,142273.56840811958
2012-09-17,0.0,24476.299297332764,24476.299297332764,1,VNQ,141790.4885917372
2012-09-18,0.0,24244.24520111084,24244.24520111084,1,VNQ,141674.54039060202
2012-09-19,0.0,24108.57947921753,24108.57947921753,1,VNQ,141751.8391913588
2012-09-20,0.0,23751.575553894043,23751.575553894043,1,VNQ,141761.5345187575
2012-09-21,0.0,23755.14751815796,23755.14751815796,1,VNQ,141702.22248185304
2012-09-24,0.0,23666.991535186768,23666.991535186768,1,VNQ,141488.473018912
2012-09-25,0.0,23317.934814453125,23317.934814453125,1,VNQ,139982.86122396676
2012-09-26,0.0,23314.33433151245,23314.33433151245,1,VNQ,139195.96621616528
2012-09-27,0.0,23415.095569610596,23415.095569610596,1,VNQ,140507.33226800937
2012-09-28,0.0,23379.10262298584,23379.10262298584,1,VNQ,139856.49219474322
2012-10-01,0.0,23206.381633758545,23206.381633758545,1,VNQ,140225.64955866945
2012-10-02,0.0,23382.70548248291,23382.70548248291,1,VNQ,140371.36213225595
2012-10-03,0.0,23429.487995147705,23429.487995147705,1,VNQ,140944.48883294262
2012-10-04,0.0,23422.29178237915,23422.29178237915,1,VNQ,141954.77209856256
2012-10-05,0.0,23451.074256896973,23451.074256896973,1,VNQ,141964.4768480481
2012-10-08,0.0,23400.70076751709,23400.70076751709,1,VNQ,141478.77769151333
2012-10-09,0.0,23314.33433151245,23314.33433151245,1,VNQ,140079.91814090917
2012-10-10,0.0,23407.896980285645,23407.896980285645,1,VNQ,139186.2708887666
2012-10-11,0.0,23389.906448364258,23389.906448364258,1,VNQ,139263.95599508542
2012-10-12,0.0,23307.147624969482,23307.147624969482,1,VNQ,138807.3710870073
2012-10-15,0.0,23461.868576049805,23461.868576049805,1,VNQ,139963.34808203997
2012-10-16,0.0,23605.814220428467,23605.814220428467,1,VNQ,141381.60770952835
2012-10-17,0.0,23541.034046173096,23541.034046173096,1,VNQ,142022.78072165645
2012-10-18,0.0,23782.135692596436,23782.135692596436,1,VNQ,141653.62335773025
2012-10-19,0.0,23584.223205566406,23584.223205566406,1,VNQ,139293.1079318896
2012-10-22,0.0,23465.476188659668,23465.476188659668,1,VNQ,139312.46089833943
2012-10-23,0.0,23227.975025177002,23227.975025177002,1,VNQ,137379.36902168585
2012-10-24,0.0,23209.98686981201,23209.98686981201,1,VNQ,136990.80215878855
2012-10-25,0.0,23145.209072113037,23145.209072113037,1,VNQ,137389.09261534517
2012-10-26,0.0,22943.700855255127,22943.700855255127,1,VNQ,137311.37924276572
2012-10-29,0.0,22943.700855255127,22943.700855255127,1,VNQ,137311.37924276572
2012-10-30,0.0,22943.700855255127,22943.700855255127,1,VNQ,137311.37924276572
2012-10-31,0.0,23166.802463531494,23166.802463531494,1,VNQ,137311.37924276572
2012-11-01,0.0,23278.35089111328,23278.35089111328,1,VNQ,138749.0954796596
2012-11-02,0.0,23433.086101531982,23433.086101531982,1,VNQ,137515.40511204745
2012-11-05,0.0,23278.35089111328,23278.35089111328,1,VNQ,137797.08782138737
2012-11-06,0.0,23379.10262298584,23379.10262298584,1,VNQ,138875.32317757994
2012-11-07,0.0,23274.750408172607,23274.750408172607,1,VNQ,135727.94101019847
2012-11-08,0.0,22997.667697906494,22997.667697906494,1,VNQ,134095.9413418559
2012-11-09,0.0,22936.502265930176,22936.502265930176,1,VNQ,134212.520822812
2012-11-12,0.0,22882.523540496826,22882.523540496826,1,VNQ,134319.36728802187
2012-11-13,0.0,22864.53300857544,22864.53300857544,1,VNQ,133853.09647463195
2012-11-14,0.0,22436.313194274902,22436.313194274902,1,VNQ,132046.22287381187
2012-11-15,0.0,22331.956226348877,22331.956226348877,1,VNQ,131822.83461599343
2012-11-16,0.0,22468.70090484619,22468.70090484619,1,VNQ,132473.6558450858
2012-11-19,0.0,22745.7859916687,22745.7859916687,1,VNQ,135154.8048874249
2012-11-20,0.0,22914.906497955322,22914.906497955322,1,VNQ,135213.0804947726
2012-11-21,0.0,22875.32732772827,22875.32732772827,1,VNQ,135465.639533569
2012-11-22,0.0,22875.32732772827,22875.32732772827,1,VNQ,135465.639533569
2012-11-23,0.0,23044.45734024048,23044.45734024048,1,VNQ,137311.37924276572
2012-11-26,0.0,23091.237476348877,23091.237476348877,1,VNQ,137019.94467350584
2012-11-27,0.0,22961.681880950928,22961.681880950928,1,VNQ,136320.49605403
2012-11-28,0.0,22932.9041595459,22932.9041595459,1,VNQ,137418.2257079756
2012-11-29,0.0,23058.849765777588,23058.849765777588,1,VNQ,138059.3516096693
2012-11-30,0.0,23105.629901885986,23105.629901885986,1,VNQ,138088.46585812597
2012-12-03,0.0,23199.18542098999,23199.18542098999,1,VNQ,137408.48327014252
2012-12-04,0.0,23235.171237945557,23235.171237945557,1,VNQ,137214.23752704138
2012-12-05,0.0,23163.204357147217,23163.204357147217,1,VNQ,137457.1012384391
2012-12-06,0.0,23379.10262298584,23379.10262298584,1,VNQ,137923.372051829
2012-12-07,0.0,23465.476188659668,23465.476188659668,1,VNQ,138341.0625852699
2012-12-10,0.0,23454.67236328125,23454.67236328125,1,VNQ,138399.36645887824
2012-12-11,0.0,23512.249195098877,23512.249195098877,1,VNQ,139341.65052349115
2012-12-12,0.0,23447.483280181885,23447.483280181885,1,VNQ,139409.64030241128
2012-12-13,0.0,23267.561325073242,23267.561325073242,1,VNQ,138554.81204821094
2012-12-14,0.0,23263.963218688965,23263.963218688965,1,VNQ,138039.96095487196
2012-12-17,0.0,23386.30834197998,23386.30834197998,1,VNQ,139662.25587372895
2012-12-18,0.0,23627.405235290527,23627.405235290527,1,VNQ,141216.49505905763
2012-12-19,0.0,23595.01514816284,23595.01514816284,1,VNQ,140167.34568506107
2012-12-20,0.0,23904.483192443848,23904.483192443848,1,VNQ,140973.62192557304
2012-12-21,0.0,23864.896892547607,23864.896892547607,1,VNQ,139694.0083065118
2012-12-24,0.0,23871.93659866796,23871.93659866796,1,EFA,139263.54142326274
2012-12-25,0.0,23871.93659866796,23871.93659866796,1,EFA,139263.54142326274
2012-12-26,0.0,23867.700147330714,23867.700147330714,1,EFA,138676.58309903744
2012-12-27,0.0,23977.823701440757,23977.823701440757,1,EFA,138490.73243534562
2012-12-28,0.0,23723.69223672021,23723.69223672021,1,EFA,136993.8549149374
2012-12-31,0.0,24083.713222279388,24083.713222279388,1,EFA,139322.2598686938
2013-01-01,0.0,24083.713222279388,24083.713222279388,1,EFA,139322.2598686938
2013-01-02,0.0,24456.453234113626,24456.453234113626,1,EFA,142893.10830877308
2013-01-03,0.0,24219.253066347068,24219.253066347068,1,EFA,142570.26050185802
2013-01-04,0.0,24342.090810600508,24342.090810600508,1,EFA,143196.35817497945
2013-01-07,0.0,24236.201289761877,24236.201289761877,1,EFA,142805.05890688716
2013-01-08,0.0,24100.661445694197,24100.661445694197,1,EFA,142394.17112017306
2013-01-09,0.0,24223.494353815975,24223.494353815975,1,EFA,142756.14885389735
2013-01-10,0.0,24532.692431723208,24532.692431723208,1,EFA,143890.98268597314
2013-01-11,0.0,24583.517757440983,24583.517757440983,1,EFA,143881.21198187943
2013-01-14,0.0,24613.170498735864,24613.170498735864,1,EFA,143783.37303172605
2013-01-15,0.0,24575.04969089816,24575.04969089816,1,EFA,143881.21198187943
2013-01-16,0.0,24456.453234113626,24456.453234113626,1,EFA,143861.62346325762
2013-01-17,0.0,24655.522921779153,24655.522921779153,1,EFA,144791.13117806235
2013-01-18,0.0,24630.11146795318,24630.11146795318,1,EFA,145113.92245245614
2013-01-21,0.0,24630.11146795318,24630.11146795318,1,EFA,145113.92245245614
2013-01-22,0.0,24642.81598583325,24642.81598583325,1,EFA,145896.55867698824
2013-01-23,0.0,24592.010578467372,24592.010578467372,1,VNQ,146131.37592619113
2013-01-24,0.0,24642.326038452615,24642.326038452615,1,VNQ,146170.47758673973
2013-01-25,0.0,24782.498240018664,24782.498240018664,1,VNQ,146992.28142642856
2013-01-28,0.0,24847.201942150336,24847.201942150336,1,VNQ,146816.18262265672
2013-01-29,0.0,24919.08686636063,24919.08686636063,1,VNQ,147393.3702427883
2013-01-30,0.0,24681.85559368946,24681.85559368946,1,VNQ,146816.18262265672
2013-01-31,0.0,24534.499824773044,24534.499824773044,1,VNQ,146454.15777849802
2013-02-01,0.0,24678.27436373712,24678.27436373712,1,VNQ,147960.7588925656
2013-02-04,0.0,24620.758919499305,24620.758919499305,1,VNQ,146297.6851816955
2013-02-05,0.0,24563.248165804976,24563.248165804976,1,VNQ,147774.9930276557
2013-02-06,0.0,24649.511951074728,24649.511951074728,1,VNQ,147882.5932598159
2013-02-07,0.0,24545.278693706212,24545.278693706212,1,VNQ,147686.89651533536
2013-02-08,0.0,24771.724061628982,24771.724061628982,1,VNQ,148508.6720887636
2013-02-11,0.0,24807.658315283028,24807.658315283028,1,VNQ,148479.35055439558
2013-02-12,0.0,24994.562401610237,24994.562401610237,1,VNQ,148723.87255308402
2013-02-13,0.0,24980.192921637758,24980.192921637758,1,VNQ,148851.1272584742
2013-02-14,0.0,24875.95262845401,24875.95262845401,1,VNQ,148987.9830703943
2013-02-15,0.0,24886.729152115437,24886.729152115437,1,VNQ,148811.91253288309
2013-02-18,0.0,24886.729152115437,24886.729152115437,1,VNQ,148811.91253288309
2013-02-19,0.0,25084.419143191044,25084.419143191044,1,VNQ,149927.19553468458
2013-02-20,0.0,24922.672786856456,24922.672786856456,1,VNQ,148058.61668689272
2013-02-21,0.0,24735.77104580099,24735.77104580099,1,VNQ,147158.54357149857
2013-02-22,32.448538920353286,24951.317726135254,24983.76626505561,1,VNQ,148596.73091273638
2013-02-25,32.448538920353286,24477.49047088623,24509.939009806585,1,VNQ,145769.36992620621
2013-02-26,32.448538920353286,24646.205558776855,24678.65409769721,1,VNQ,146767.28199175379
2013-02-27,32.448538920353286,24825.683166503906,24858.13170542426,1,VNQ,148616.21578840254
2013-02-28,32.448538920353286,24800.55344390869,24833.001982829046,1,VNQ,148322.84026924556
2013-03-01,32.448538920353286,24883.112159729004,24915.56069864936,1,VNQ,148811.91253288309
2013-03-04,32.448538920353286,25069.771026611328,25102.219565531683,1,VNQ,149604.38541611703
2013-03-05,32.448538920353286,25267.19944000244,25299.647978922796,1,VNQ,150944.7149630277
2013-03-06,32.448538920353286,25191.81495666504,25224.263495585394,1,VNQ,151150.05992447253
2013-03-07,32.448538920353286,25073.359313964844,25105.8078528852,1,VNQ,151423.9882563109
2013-03-08,32.448538920353286,25116.432815551758,25148.881354472112,1,VNQ,152069.70271431477
2013-03-11,32.448538920353286,25137.967224121094,25170.41576304145,1,VNQ,152646.98455531517
2013-03-12,32.448538920353286,25044.650672912598,25077.099211832952,1,VNQ,152304.5011193439
2013-03-13,32.448538920353286,25069.771026611328,25102.219565531683,1,VNQ,152519.80522662002
2013-03-14,32.448538920353286,25227.711883544922,25260.160422465276,1,VNQ,153331.75356343325
2013-03-15,32.448538920353286,25285.147903442383,25317.596442362737,1,VNQ,153129.39540352914
2013-03-18,32.448538920353286,25145.15316772461,25177.601706644964,1,VNQ,152284.24363255367
2013-03-19,32.448538920353286,25023.104553222656,25055.55309214301,1,VNQ,151930.44427024052
2013-03-20,32.448538920353286,25102.079666137695,25134.52820505805,1,VNQ,152991.71987005055
2013-03-21,32.448538920353286,25026.699867248535,25059.14840616889,1,VNQ,151684.81046530034
2013-03-22,32.448538920353286,25158.3656539917,25190.814192912054,1,VNQ,152903.30300677635
2013-03-25,32.448538920353286,25161.979705810547,25194.4282447309,1,VNQ,152264.57973723684
2013-03-26,32.448538920353286,25379.038299560547,25411.4868384809,1,VNQ,153483.15707749478
2013-03-27,32.448538920353286,25426.044395446777,25458.492934367132,1,VNQ,153483.15707749478
2013-03-28,32.448538920353286,25512.854248046875,25545.30278696723,1,VNQ,153954.7702141452
2013-03-29,32.448538920353286,25512.854248046875,25545.30278696723,1,VNQ,153954.7702141452
2013-04-01,32.448538920353286,25588.826629638672,25621.275168559026,1,VNQ,153345.5380765375
2013-04-02,32.448538920353286,25668.413063049316,25700.86160196967,1,VNQ,154102.1410750224
2013-04-03,32.448538920353286,25577.96807861328,25610.416617533636,1,VNQ,152539.76120663012
2013-04-04,32.448538920353286,25993.9658203125,26026.414359232855,1,VNQ,153158.87711337407
2013-04-05,32.448538920353286,26135.030952453613,26167.479491373968,1,VNQ,152470.989394499
2013-04-08,32.448538920353286,26344.84504699707,26377.293585917425,1,VNQ,153502.6984856822
2013-04-09,32.448538920353286,26348.454414367676,26380.90295328803,1,VNQ,154033.3692628913
2013-04-10,32.448538920353286,26511.229621887207,26543.67816080756,1,VNQ,155920.09505001243
2013-04-11,32.448538920353286,26666.783752441406,26699.23229136176,1,VNQ,156431.10193190468
2013-04-12,32.448538920353286,26731.89524078369,26764.343779704046,1,VNQ,156047.85854809408
2013-04-15,32.448538920353286,26178.45344543457,26210.901984354925,1,VNQ,152431.63333760467
2013-04-16,32.448538920353286,26612.52378845215,26644.972327372503,1,VNQ,154681.9668794802
2013-04-17,32.448538920353286,26330.37010192871,26362.818640849066,1,VNQ,152421.76841264218
2013-04-18,32.448538920353286,26290.587425231934,26323.03596415229,1,VNQ,151468.6489481182
2013-04-19,32.448538920353286,26695.72661590576,26728.175154826116,1,VNQ,152785.36674530967
2013-04-22,32.448538920353286,26659.55330657959,26692.001845499944,1,VNQ,153463.3706950485
2013-04-23,32.448538920353286,26807.858253479004,26840.30679239936,1,VNQ,155045.54636797393
2013-04-24,32.448538920353286,26865.72992706299,26898.178465983343,1,VNQ,155143.81873412378
2013-04-25,32.448538920353286,26775.303680419922,26807.752219340276,1,VNQ,155772.7618774827
2013-04-26,32.448538920353286,26688.489143371582,26720.937682291937,1,VNQ,155497.5898301763
2013-04-29,32.448538920353286,26916.38286590576,26948.831404826116,1,VNQ,156539.18269049574
2013-04-30,32.448538920353286,27231.084098815918,27263.532637736273,1,VNQ,156912.59883769136
2013-05-01,32.448538920353286,27014.05126953125,27046.499808451605,1,VNQ,155536.85166620184
2013-05-02,32.448538920353286,27191.294395446777,27223.742934367132,1,VNQ,156981.40833817
2013-05-03,32.448538920353286,27299.816665649414,27332.26520456977,1,VNQ,158573.40182562353
2013-05-06,32.448538920353286,27440.88414001465,27473.332678935003,1,VNQ,158976.2148838822
2013-05-07,32.448538920353286,27592.812507629395,27625.26104654975,1,VNQ,159781.99175378954
2013-05-08,32.448538920353286,27607.292137145996,27639.74067606635,1,VNQ,160509.13188660328
2013-05-09,32.448538920353286,27426.416221618652,27458.864760539007,1,VNQ,160057.17322318285
2013-05-10,32.448538920353286,27527.70336151123,27560.151900431585,1,VNQ,160578.08271838512
2013-05-13,32.448538920353286,27657.9263381958,27690.374877116155,1,VNQ,160705.71430725048
2013-05-14,32.448538920353286,27759.204109191895,27791.65264811225,1,VNQ,162366.39480805324
2013-05-15,32.448538920353286,28034.129692077637,28066.57823099799,1,VNQ,163240.97175635234
2013-05-16,32.448538920353286,27889.431770324707,27921.88030924506,1,VNQ,162474.50383290494
2013-05-17,32.448538920353286,28044.9741897583,28077.422728678655,1,VNQ,164046.805158781
2013-05-20,32.448538920353286,28110.090362548828,28142.538901469183,1,VNQ,164036.9308117316
2013-05-21,32.448538920353286,28269.24683380127,28301.695372721624,1,VNQ,164272.7844904912
2013-05-22,32.448538920353286,27581.96566772461,27614.414206644964,1,VNQ,163054.22599440702
2013-05-23,32.448538920353286,27064.680786132812,27097.129325053167,1,VNQ,162582.5751694091
2013-05-24,0.0,27000.555834027902,27000.555834027902,1,EFA,162444.9750126256
2013-05-27,0.0,27000.555834027902,27000.555834027902,1,EFA,162444.9750126256
2013-05-28,0.0,27070.862164763246,27070.862164763246,1,EFA,163417.8808595958
2013-05-29,0.0,26811.623247876356,26811.623247876356,1,EFA,162356.61468187266
2013-05-30,0.0,26917.07521868352,26917.07521868352,1,EFA,162956.02900495223
2013-05-31,0.0,26394.200103698844,26394.200103698844,1,EFA,160617.29744397625
2013-06-03,0.0,26495.259810159012,26495.259810159012,1,EFA,161501.69220680348
2013-06-04,0.0,26591.927252272184,26591.927252272184,1,EFA,160725.31224795917
2013-06-05,0.0,25998.748314984117,25998.748314984117,1,EFA,158475.11061529996
2013-06-06,0.0,26143.74571550595,26143.74571550595,1,EFA,159909.7175635237
2013-06-07,0.0,26495.259810159012,26495.259810159012,1,EFA,161943.83305569584
2013-06-10,0.0,26521.62092153684,26521.62092153684,1,EFA,161943.83305569584
2013-06-11,0.0,26196.472955125504,26196.472955125504,1,EFA,160273.2782078437
2013-06-12,0.0,26165.719579400684,26165.719579400684,1,EFA,158946.68606360283
2013-06-13,0.0,26565.56614089436,26565.56614089436,1,EFA,161364.07320584622
2013-06-14,0.0,26275.56381455484,26275.56381455484,1,EFA,160351.8772565898
2013-06-17,0.0,26653.444037449637,26653.444037449637,1,EFA,161590.12791425147
2013-06-18,0.0,26842.379132033133,26842.379132033133,1,EFA,162867.64983002553
2013-06-19,0.0,26341.467847215386,26341.467847215386,1,EFA,160617.29744397625
2013-06-20,0.0,25374.818510403176,25374.818510403176,1,EFA,156637.48332290622
2013-06-21,0.0,25458.294108883652,25458.294108883652,1,EFA,157140.29298921357
2013-06-24,31.420406755194563,25001.196899414062,25032.617306169257,1,SPY,155154.63528986106
2013-06-25,31.420406755194563,25241.57830810547,25272.998714860663,1,SPY,156646.41546126766
2013-06-26,31.420406755194563,25491.482177734375,25522.90258448957,1,SPY,158197.2909615805
2013-06-27,31.420406755194563,25641.114776611328,25672.535183366523,1,SPY,159125.89415604481
2013-06-28,31.420406755194563,25536.057983398438,25567.478390153632,1,SPY,158473.9234323532
2013-07-01,31.420406755194563,25685.675399780273,25717.095806535468,1,SPY,159402.43240594873
2013-07-02,31.420406755194563,25661.802444458008,25693.222851213202,1,SPY,159254.2795118605
2013-07-03,31.420406755194563,25672.940322875977,25704.36072963117,1,SPY,159323.39994120615
2013-07-04,31.420406755194563,25672.940322875977,25704.36072963117,1,SPY,159323.39994120615
2013-07-05,31.420406755194563,25949.9236907959,25981.344097551093,1,SPY,161042.327783096
2013-07-08,31.420406755194563,26097.96516418457,26129.385570939765,1,SPY,161961.05663051095
2013-07-09,31.420406755194563,26285.80906677246,26317.229473527656,1,SPY,163126.79490755047
2013-07-10,31.420406755194563,26295.35581970215,26326.776226457343,1,SPY,163186.04098984675
2013-07-11,31.420406755194563,26653.513916015625,26684.93432277082,1,SPY,165408.73012881874
2013-07-12,31.420406755194563,26664.663940429688,26696.084347184882,1,SPY,165477.92593485944
2013-07-15,31.420406755194563,26766.538482666016,26797.95888942121,1,SPY,166110.14796445234
2013-07-16,31.420406755194563,26666.2459564209,26697.666363176093,1,SPY,165487.74374938756
2013-07-17,31.420406755194563,26734.694717407227,26766.11512416242,1,SPY,165912.52911424843
2013-07-18,31.420406755194563,26881.142028808594,26912.56243556379,1,SPY,166821.36477044027
2013-07-19,31.420406755194563,26928.90008544922,26960.320492204413,1,SPY,167117.74593531172
2013-07-22,31.420406755194563,26981.43455505371,27012.854961808906,1,SPY,167443.76898550504
2013-07-23,31.420406755194563,26924.135818481445,26955.55622523664,1,SPY,167088.17942668483
2013-07-24,0.0,26829.252107910117,26829.252107910117,1,EFA,166475.6684028432
2013-07-25,0.0,26881.98674668956,26881.98674668956,1,EFA,166880.6296969103
2013-07-26,0.0,26715.010524361907,26715.010524361907,1,EFA,167058.4244763204
2013-07-29,0.0,26460.17110160249,26460.17110160249,1,EFA,166544.82652053636
2013-07-30,0.0,26455.770196972193,26455.770196972193,1,EFA,166544.82652053636
2013-07-31,0.0,26517.289434770657,26517.289434770657,1,EFA,166663.3752176502
2013-08-01,0.0,26877.583383453326,26877.583383453326,1,EFA,168589.7020359245
2013-08-02,0.0,27097.284410136665,27097.284410136665,1,EFA,168876.2088537466
2013-08-05,0.0,27040.16115975662,27040.16115975662,1,EFA,168629.19942412202
2013-08-06,0.0,27000.61448323243,27000.61448323243,1,EFA,167671.02972103085
2013-08-07,0.0,26881.98674668956,26881.98674668956,1,EFA,167127.62028236108
2013-08-08,0.0,27123.6431244056,27123.6431244056,1,EFA,167740.1501503765
2013-08-09,0.0,27171.981775766624,27171.981775766624,1,EFA,167256.06217069805
2013-08-12,0.0,27097.284410136665,27097.284410136665,1,EFA,167058.4244763204
2013-08-13,0.0,27273.042772877398,27273.042772877398,1,EFA,167552.4433355695
2013-08-14,0.0,27286.223359314834,27286.223359314834,1,EFA,166692.97941462457
2013-08-15,0.0,27057.740192218414,27057.740192218414,1,EFA,164361.61592558812
2013-08-16,0.0,27106.064091943805,27106.064091943805,1,EFA,163818.26301943965
2013-08-19,0.0,26912.738989770973,26912.738989770973,1,EFA,162771.16766038275
2013-08-20,0.0,26877.583383453326,26877.583383453326,1,EFA,163571.27243398884
2013-08-21,0.0,26561.224722895447,26561.224722895447,1,EFA,162563.6744631295
2013-08-22,0.0,26820.467508891095,26820.467508891095,1,EFA,164045.46722244416
2013-08-23,21.345393209993563,27031.98991394043,27053.335307150424,1,EFA,164598.67563146824
2013-08-26,21.345393209993563,26834.415084838867,26855.760478048862,1,EFA,163986.14576345283
2013-08-27,21.345393209993563,26377.809494018555,26399.15488722855,1,EFA,161348.6021391906
2013-08-28,21.345393209993563,26347.076614379883,26368.422007589877,1,EFA,161921.61577483473
2013-08-29,21.345393209993563,26303.171096801758,26324.516490011752,1,EFA,162178.4241748136
2013-08-30,21.345393209993563,25978.277145385742,25999.622538595737,1,EFA,161664.75084233456
2013-09-02,21.345393209993563,25978.277145385742,25999.622538595737,1,EFA,161664.75084233456
2013-09-03,21.345393209993563,26478.78579711914,26500.131190329135,1,EFA,162395.6974982475
2013-09-04,21.345393209993563,26715.878540039062,26737.223933249057,1,EFA,163739.19286634956
2013-09-05,21.345393209993563,26693.920867919922,26715.266261129917,1,EFA,163946.7049077766
2013-09-06,21.345393209993563,26838.80760192871,26860.152995138706,1,EFA,164025.7562166929
2013-09-09,21.345393209993563,27207.60952758789,27228.954920797885,1,EFA,165596.5123203208
2013-09-10,21.345393209993563,27514.93586730957,27536.281260519565,1,EFA,166821.36477044027
2013-09-11,21.345393209993563,27611.519653320312,27632.865046530307,1,EFA,167344.95013831623
2013-09-12,21.345393209993563,27453.46519470215,27474.810587912143,1,EFA,166900.47261187783
2013-09-13,21.345393209993563,27585.184204101562,27606.529597311557,1,EFA,167275.84855314431
2013-09-16,21.345393209993563,27800.311904907227,27821.65729811722,1,EFA,168243.8926032849
2013-09-17,21.345393209993563,27817.879516601562,27839.224909811557,1,EFA,168994.66332999163
2013-09-18,21.345393209993563,28559.86360168457,28581.208994894565,1,EFA,170950.7450986304
2013-09-19,21.345393209993563,28423.764358520508,28445.109751730502,1,EFA,170664.23828080832
2013-09-20,21.345393209993563,28217.404495239258,28238.749888449252,1,EFA,169471.02519842912
2013-09-23,21.345393209993563,28208.626831054688,28229.972224264682,1,EFA,168686.78721912758
2013-09-24,21.345393209993563,28164.716400146484,28186.06179335648,1,EFA,168289.70278969148
2013-09-25,21.345393209993563,28195.454193115234,28216.79958632523,1,EFA,167803.31582081452
2013-09-26,21.345393209993563,28313.99073791504,28335.336131125034,1,EFA,168448.55917447442
2013-09-27,21.345393209993563,28213.01934814453,28234.364741354526,1,EFA,167674.2709189173
2013-09-30,21.345393209993563,28011.049545288086,28032.39493849808,1,EFA,166780.81210851227
2013-10-01,21.345393209993563,28160.333709716797,28181.67910292679,1,EFA,168101.11029871783
2013-10-02,21.345393209993563,28151.553588867188,28172.898982077182,1,EFA,167942.32929062992
2013-10-03,21.345393209993563,27967.151397705078,27988.496790915073,1,EFA,166393.65855864683
2013-10-04,21.345393209993563,28033.004760742188,28054.350153952182,1,EFA,167654.44684812348
2013-10-07,21.345393209993563,27743.238662719727,27764.58405592972,1,EFA,166205.06606767318
2013-10-08,21.345393209993563,27528.106048583984,27549.45144179398,1,EFA,164269.39253921472
2013-10-09,21.345393209993563,27646.647506713867,27667.992899923862,1,EFA,164388.45002902002
2013-10-10,21.345393209993563,28142.7685546875,28164.113947897495,1,EFA,167932.341878538
2013-10-11,21.345393209993563,28292.045349121094,28313.39074233109,1,EFA,169014.33664739534
2013-10-14,21.345393209993563,28388.638961791992,28409.984355001987,1,EFA,169689.41032811473
2013-10-15,21.345393209993563,28252.529891967773,28273.875285177768,1,EFA,168458.50889821883
2013-10-16,21.345393209993563,28463.269989013672,28484.615382223667,1,EFA,170811.20399194976
2013-10-17,21.345393209993563,28840.85694885254,28862.202342062534,1,EFA,171952.76519405728
2013-10-18,21.345393209993563,29012.07176208496,29033.417155294956,1,EFA,173114.13162278486
2013-10-21,21.345393209993563,29055.982192993164,29077.32758620316,1,EFA,173124.11903487679
2013-10-22,21.345393209993563,29345.750747680664,29367.09614089066,1,EFA,174126.70445551642
2013-10-23,21.345393209993563,29060.36979675293,29081.715189962924,1,EFA,173292.92514340414
2013-10-24,21.345393209993563,29262.332229614258,29283.677622824252,1,EFA,173868.57696337445
2013-10-25,21.345393209993563,29178.92108154297,29200.266474752963,1,EFA,174662.76466642044
2013-10-28,21.345393209993563,29130.62550354004,29151.970896750034,1,EFA,174940.71622935619
2013-10-29,21.345393209993563,29192.083892822266,29213.42928603226,1,EFA,175873.8608696963
2013-10-30,21.345393209993563,29086.715072631836,29108.06046584183,1,EFA,175000.30150678012
2013-10-31,21.345393209993563,28924.273010253906,28945.6184034639,1,EFA,174503.92712581123
2013-11-01,21.345393209993563,28783.77879333496,28805.124186544956,1,EFA,174920.8921585624
2013-11-04,21.345393209993563,28924.273010253906,28945.6184034639,1,EFA,175536.28634098909
2013-11-05,21.345393209993563,28674.017456054688,28695.362849264682,1,EFA,174980.42090346504
2013-11-06,21.345393209993563,28924.273010253906,28945.6184034639,1,EFA,175873.8608696963
2013-11-07,21.345393209993563,28467.662506103516,28489.00789931351,1,EFA,173650.1729895151
2013-11-08,21.345393209993563,28634.499542236328,28655.844935446323,1,EFA,175992.9183595016
2013-11-11,21.345393209993563,28695.965301513672,28717.310694723667,1,EFA,176022.7298423873
2013-11-12,21.345393209993563,28599.37905883789,28620.724452047885,1,EFA,175665.35008706007
2013-11-13,21.345393209993563,28691.57032775879,28712.915720968784,1,EFA,177074.96966088025
2013-11-14,21.345393209993563,28823.286880493164,28844.63227370316,1,EFA,177958.49759171458
2013-11-15,21.345393209993563,29055.982192993164,29077.32758620316,1,EFA,178732.78584727173
2013-11-18,21.345393209993563,29055.982192993164,29077.32758620316,1,EFA,178107.38540857937
2013-11-19,21.345393209993563,28981.348709106445,29002.69410231644,1,EFA,177720.17532619264
2013-11-20,21.345393209993563,28779.386276245117,28800.731669455112,1,EFA,177164.34757701613
2013-11-21,21.345393209993563,28959.391036987305,28980.7364301973,1,EFA,178593.8289099776
2013-11-22,112.18480688460113,28922.076263427734,29034.261070312336,1,SPY,179487.17465534006
2013-11-25,112.18480688460113,28893.278106689453,29005.462913574054,1,SPY,179308.45651141577
2013-11-26,112.18480688460113,28901.28839111328,29013.473197997882,1,SPY,179358.16744179034
2013-11-27,112.18480688460113,28971.665328979492,29083.850135864093,1,SPY,179794.9188569878
2013-11-28,112.18480688460113,28971.665328979492,29083.850135864093,1,SPY,179794.9188569878
2013-11-29,112.18480688460113,28952.471618652344,29064.656425536945,1,SPY,179675.80483466122
2013-12-02,0.0,28877.28790283203,28877.28790283203,1,SPY,179209.22309240428
2013-12-03,0.0,28752.518157958984,28752.518157958984,1,SPY,178434.91599267337
2013-12-04,0.0,28749.323760986328,28749.323760986328,1,SPY,178415.0919218796
2013-12-05,0.0,28622.950744628906,28622.950744628906,1,SPY,177630.83509840426
2013-12-06,0.0,28942.882354736328,28942.882354736328,1,SPY,179616.2949339323
2013-12-09,0.0,29016.46583557129,29016.46583557129,1,SPY,180072.9457966186
2013-12-10,0.0,28912.48699951172,28912.48699951172,1,SPY,179427.66475461115
2013-12-11,0.0,28587.76986694336,28587.76986694336,1,SPY,177412.50650123993
2013-12-12,0.0,28493.38636779785,28493.38636779785,1,SPY,176826.7730483089
2013-12-13,0.0,28490.1798248291,28490.1798248291,1,SPY,176806.87360082008
2013-12-16,0.0,28667.74821472168,28667.74821472168,1,SPY,177908.8431938613
2013-12-17,0.0,28576.574295043945,28576.574295043945,1,SPY,177343.02803259288
2013-12-18,0.0,29064.439483642578,29064.439483642578,1,SPY,180370.66489782688
2013-12-19,0.0,29030.849731445312,29030.849731445312,1,SPY,180162.21064771194
2013-12-20,0.0,29199.709442138672,29199.709442138672,1,SPY,181210.1351504142
2013-12-23,0.0,29355.721725463867,29355.721725463867,1,SPY,182178.32995394483
2013-12-24,0.0,29420.056030273438,29420.056030273438,1,SPY,182577.58146336314
2013-12-25,0.0,29420.056030273438,29420.056030273438,1,SPY,182577.58146336314
2013-12-26,0.0,29569.615753173828,29569.615753173828,1,SPY,183505.73239765727
2013-12-27,0.0,29568.015518188477,29568.015518188477,1,SPY,183495.80151808664
2013-12-30,0.0,29563.19659423828,29563.19659423828,1,SPY,183465.89581433212
2013-12-31,0.0,29703.103286743164,29703.103286743164,1,SPY,184334.14112024842
2014-01-01,0.0,29703.103286743164,29703.103286743164,1,SPY,184334.14112024842
2014-01-02,0.0,29418.446685791016,29418.446685791016,1,SPY,182567.5940512712
2014-01-03,0.0,29413.621688842773,29413.621688842773,1,SPY,182537.6506591692
2014-01-06,0.0,29328.378051757812,29328.378051757812,1,SPY,182008.63816925083
2014-01-07,0.0,29508.50621032715,29508.50621032715,1,SPY,183126.49340077033
2014-01-08,0.0,29514.93751525879,29514.93751525879,1,SPY,183166.40536079052
2014-01-09,0.0,29534.237503051758,29534.237503051758,1,SPY,183286.17892919865
2014-01-10,0.0,29614.653106689453,29614.653106689453,1,SPY,183785.22918284123
2014-01-13,0.0,29220.621810913086,29220.621810913086,1,SPY,181339.91497508797
2014-01-14,0.0,29539.068572998047,29539.068572998047,1,SPY,183316.1600096482
2014-01-15,0.0,29698.287399291992,29698.287399291992,1,SPY,184304.25426066766
2014-01-16,0.0,29659.687423706055,29659.687423706055,1,SPY,184064.70712385143
2014-01-17,0.0,29534.237503051758,29534.237503051758,1,SPY,183286.17892919865
2014-01-20,0.0,29534.237503051758,29534.237503051758,1,SPY,183286.17892919865
2014-01-21,0.0,29621.075302124023,29621.075302124023,1,SPY,183825.08461034016
2014-01-22,0.0,29640.39047241211,29640.39047241211,1,SPY,183944.95239961706
2014-01-23,0.0,29397.528244018555,29397.528244018555,1,SPY,182437.7765382499
2014-01-24,0.0,28770.318115234375,28770.318115234375,1,SPY,178545.38053924486
2014-01-27,0.0,28628.796005249023,28628.796005249023,1,SPY,177667.1101328891
2014-01-28,0.0,28799.255950927734,28799.255950927734,1,SPY,178724.965515162
2014-01-29,0.0,28522.643035888672,28522.643035888672,1,SPY,177008.33666247068
2014-01-30,0.0,28824.987243652344,28824.987243652344,1,SPY,178884.65104359033
2014-01-31,0.0,28656.11538696289,28656.11538696289,1,SPY,177836.65116419303
2014-02-03,0.0,28011.20246887207,28011.20246887207,1,SPY,173834.3936321768
2014-02-04,0.0,28207.4210357666,28207.4210357666,1,SPY,175052.10414044184
2014-02-05,0.0,28172.045822143555,28172.045822143555,1,SPY,174832.56951615697
2014-02-06,0.0,28543.543258666992,28543.543258666992,1,SPY,177138.04111044947
2014-02-07,0.0,28897.359161376953,28897.359161376953,1,SPY,179333.78308094703
2014-02-10,0.0,28950.440200805664,28950.440200805664,1,SPY,179663.19808241687
2014-02-11,0.0,29267.277618408203,29267.277618408203,1,SPY,181629.45570488516
2014-02-12,0.0,29281.740463256836,29281.740463256836,1,SPY,181719.2105044962
2014-02-13,0.0,29432.924713134766,29432.924713134766,1,SPY,182657.44307175107
2014-02-14,0.0,29595.356155395508,29595.356155395508,1,SPY,183665.47445860688
2014-02-17,0.0,29595.356155395508,29595.356155395508,1,SPY,183665.47445860688
2014-02-18,0.0,29630.7374420166,29630.7374420166,1,SPY,183885.04677123926
2014-02-19,0.0,29434.534057617188,29434.534057617188,1,SPY,182667.430483843
2014-02-20,0.0,29608.212692260742,29608.212692260742,1,SPY,183745.26069029976
2014-02-21,0.0,29574.455932617188,29574.455932617188,1,SPY,183535.7700106281
2014-02-24,0.0,29738.490646362305,29738.490646362305,1,SPY,184553.75112122833
2014-02-25,0.0,29727.22523498535,29727.22523498535,1,SPY,184483.8392365848
2014-02-26,0.0,29728.843688964844,29728.843688964844,1,SPY,184493.88318119803
2014-02-27,0.0,29884.84686279297,29884.84686279297,1,SPY,185462.02145220738
2014-02-28,0.0,29960.42835998535,29960.42835998535,1,SPY,185931.07178122667
2014-03-03,0.0,29749.74998474121,29749.74998474121,1,SPY,184623.6253175243
2014-03-04,0.0,30167.903228759766,30167.903228759766,1,SPY,187218.63764161395
2014-03-05,0.0,30195.22868347168,30195.22868347168,1,SPY,187388.2163612654
2014-03-06,0.0,30264.387985229492,30264.387985229492,1,SPY,187817.41126278575
2014-03-07,0.0,30277.259704589844,30277.259704589844,1,SPY,187897.29171534744
2014-03-10,0.0,30261.181442260742,30261.181442260742,1,SPY,187797.51181529692
2014-03-11,0.0,30111.597427368164,30111.597427368164,1,SPY,186869.21012761272
2014-03-12,0.0,30119.653259277344,30119.653259277344,1,SPY,186919.20372059365
2014-03-13,0.0,29781.906509399414,29781.906509399414,1,SPY,184823.1851176253
2014-03-14,0.0,29698.287399291992,29698.287399291992,1,SPY,184304.25426066766
2014-03-17,0.0,29966.86573791504,29966.86573791504,1,SPY,185971.02142959437
2014-03-18,0.0,30180.765838623047,30180.765838623047,1,SPY,187298.46156165435
2014-03-19,0.0,30019.949813842773,30019.949813842773,1,SPY,186300.455275238
2014-03-20,0.0,30195.22868347168,30195.22868347168,1,SPY,187388.2163612654
2014-03-21,0.0,30078.120025634766,30078.120025634766,1,SPY,186661.45311192685
2014-03-24,0.0,29953.73895263672,29953.73895263672,1,SPY,185889.558066437
2014-03-25,0.0,30095.889617919922,30095.889617919922,1,SPY,186771.72921676075
2014-03-26,0.0,29879.429748535156,29879.429748535156,1,SPY,185428.40344622248
2014-03-27,0.0,29816.44061279297,29816.44061279297,1,SPY,185037.4999057791
2014-03-28,0.0,29963.425384521484,29963.425384521484,1,SPY,185949.67098072616
2014-03-31,0.0,30208.971878051758,30208.971878051758,1,SPY,187473.50509169573
2014-04-01,0.0,30409.268463134766,30409.268463134766,1,SPY,188716.52332531827
2014-04-02,0.0,30511.036727905273,30511.036727905273,1,SPY,189348.0858088296
2014-04-03,0.0,30470.654327392578,30470.654327392578,1,SPY,189097.47714201722
2014-04-04,0.0,30110.425338745117,30110.425338745117,1,SPY,186861.936276542
2014-04-07,0.0,29777.658447265625,29777.658447265625,1,SPY,184796.82211853738
2014-04-08,0.0,29900.43928527832,29900.43928527832,1,SPY,185558.78628445655
2014-04-09,0.0,30221.901290893555,30221.901290893555,1,SPY,187553.74358355883
2014-04-10,0.0,29587.060440063477,29587.060440063477,1,SPY,183613.99217589904
2014-04-11,0.0,29320.52262878418,29320.52262878418,1,SPY,181959.88829173794
2014-04-14,0.0,29551.515182495117,29551.515182495117,1,SPY,183393.4022778837
2014-04-15,0.0,29755.042602539062,29755.042602539062,1,SPY,184656.47071238514
2014-04-16,0.0,30066.81817626953,30066.81817626953,1,SPY,186591.31509719824
2014-04-17,0.0,30108.812957763672,30108.812957763672,1,SPY,186851.9300202763
2014-04-18,0.0,30108.812957763672,30108.812957763672,1,SPY,186851.9300202763
2014-04-21,0.0,30213.812057495117,30213.812057495117,1,SPY,187503.54270466656
2014-04-22,0.0,30351.125579833984,30351.125579833984,1,SPY,188355.69508619324
2014-04-23,0.0,30280.03810119629,30280.03810119629,1,SPY,187914.53413433634
2014-04-24,0.0,30341.433074951172,30341.433074951172,1,SPY,188295.54448355656
2014-04-25,0.0,30092.65574645996,30092.65574645996,1,SPY,186751.6601717081
2014-04-28,0.0,30187.96841430664,30187.96841430664,1,SPY,187343.15994180916
2014-04-29,0.0,30328.5066986084,30328.5066986084,1,SPY,188215.32483586724
2014-04-30,0.0,30418.9640045166,30418.9640045166,1,SPY,188776.6927721287
2014-05-01,0.0,30422.19483947754,30422.19483947754,1,SPY,188796.74297300758
2014-05-02,0.0,30378.581604003906,30378.581604003906,1,SPY,188526.08410531632
2014-05-05,0.0,30436.730560302734,30436.730560302734,1,SPY,188886.95003278885
2014-05-06,0.0,30171.808166503906,30171.808166503906,1,SPY,187242.8712490672
2014-05-07,0.0,30349.50408935547,30349.50408935547,1,SPY,188345.63229740626
2014-05-08,0.0,30317.20181274414,30317.20181274414,1,SPY,188145.16797696488
2014-05-09,0.0,30362.430465698242,30362.430465698242,1,SPY,188425.8519450956
2014-05-12,0.0,30658.03971862793,30658.03971862793,1,SPY,190260.36994881922
2014-05-13,0.0,30685.5018157959,30685.5018157959,1,SPY,190430.7966562898
2014-05-14,0.0,30540.117279052734,30540.117279052734,1,SPY,189528.5564609134
2014-05-15,0.0,30271.96405029297,30271.96405029297,1,SPY,187864.42747631285
2014-05-16,0.0,30376.96011352539,30376.96011352539,1,SPY,188516.02131652934
2014-05-19,0.0,30488.42999267578,30488.42999267578,1,SPY,189207.79093519863
2014-05-20,0.0,30296.201385498047,30296.201385498047,1,SPY,188014.84167125207
2014-05-21,0.0,30551.41912841797,30551.41912841797,1,SPY,189598.694475642
2014-05-22,0.0,30625.731369018555,30625.731369018555,1,SPY,190059.8679400303
2014-05-23,0.0,30748.50309753418,30748.50309753418,1,SPY,190821.7755734282
2014-05-26,0.0,30748.50309753418,30748.50309753418,1,SPY,190821.7755734282
2014-05-27,0.0,30937.50390625,30937.50390625,1,SPY,191994.69348066964
2014-05-28,0.0,30914.89109802246,30914.89109802246,1,SPY,191854.36091869115
2014-05-29,0.0,31074.81135559082,31074.81135559082,1,SPY,192846.80817384878
2014-05-30,0.0,31124.88929748535,31124.88929748535,1,SPY,193157.5862874716
2014-06-02,0.0,31160.419372558594,31160.419372558594,1,SPY,193378.08196461818
2014-06-03,0.0,31144.265197753906,31144.265197753906,1,SPY,193277.8309602237
2014-06-04,0.0,31207.266479492188,31207.266479492188,1,SPY,193668.8098773621
2014-06-05,0.0,31410.79997253418,31410.79997253418,1,SPY,194931.91600021103
2014-06-06,0.0,31561.036834716797,31561.036834716797,1,SPY,195864.26918525327
2014-06-09,0.0,31593.333038330078,31593.333038330078,1,SPY,196064.69581734718
2014-06-10,0.0,31596.57601928711,31596.57601928711,1,SPY,196084.8213949211
2014-06-11,0.0,31486.718521118164,31486.718521118164,1,SPY,195403.0580325175
2014-06-12,0.0,31263.806091308594,31263.806091308594,1,SPY,194019.6883927427
2014-06-13,0.0,31359.10661315918,31359.10661315918,1,SPY,194611.11278614876
2014-06-16,0.0,31384.956329345703,31384.956329345703,1,SPY,194771.53323735367
2014-06-17,0.0,31472.18280029297,31472.18280029297,1,SPY,195312.85097273623
2014-06-18,0.0,31703.16928100586,31703.16928100586,1,SPY,196746.32727053447
2014-06-19,0.0,31738.726684570312,31738.726684570312,1,SPY,196966.99254524484
2014-06-20,0.0,31803.15512084961,31803.15512084961,1,SPY,197366.82822404968
2014-06-23,0.0,31793.423141479492,31793.423141479492,1,SPY,197306.43264715414
2014-06-24,0.0,31601.895965576172,31601.895965576172,1,SPY,196117.83638734574
2014-06-25,0.0,31744.7237701416,31744.7237701416,1,SPY,197004.2097884176
2014-06-26,0.0,31722.013793945312,31722.013793945312,1,SPY,196863.27421287884
2014-06-27,0.0,31783.675979614258,31783.675979614258,1,SPY,197245.9428493898
2014-06-30,0.0,31767.448928833008,31767.448928833008,1,SPY,197145.23958482515
2014-07-01,0.0,31980.073699951172,31980.073699951172,1,SPY,198464.76516390662
2014-07-02,0.0,32012.539947509766,32012.539947509766,1,SPY,198666.24706973098
2014-07-03,0.0,32169.970275878906,32169.970275878906,1,SPY,199643.24210240677
2014-07-04,0.0,32169.970275878906,32169.970275878906,1,SPY,199643.24210240677
2014-07-07,0.0,32057.98419189453,32057.98419189453,1,SPY,198948.26897419855
2014-07-08,0.0,31851.848419189453,31851.848419189453,1,SPY,197669.0133944387
2014-07-09,0.0,31994.679260253906,31994.679260253906,1,SPY,198555.4056396843
2014-07-10,0.0,31868.08154296875,31868.08154296875,1,SPY,197769.75434735086
2014-07-11,0.0,31911.904296875,31911.904296875,1,SPY,198041.71346303148
2014-07-14,0.0,32072.59278869629,32072.59278869629,1,SPY,199038.92829415
2014-07-15,0.0,32012.539947509766,32012.539947509766,1,SPY,198666.24706973098
2014-07-16,0.0,32131.03628540039,32131.03628540039,1,SPY,199401.6221064771
2014-07-17,0.0,31765.82440185547,31765.82440185547,1,SPY,197135.1579518644
2014-07-18,0.0,32090.45347595215,32090.45347595215,1,SPY,199149.76972419667
2014-07-21,0.0,32030.394561767578,32030.394561767578,1,SPY,198777.05081143012
2014-07-22,0.0,32169.970275878906,32169.970275878906,1,SPY,199643.24210240677
2014-07-23,0.0,32241.394805908203,32241.394805908203,1,SPY,200086.49475755086
2014-07-24,0.0,32243.02540588379,32243.02540588379,1,SPY,200096.61407885907
2014-07-25,0.0,32092.068893432617,32092.068893432617,1,SPY,199159.7948246361
2014-07-28,0.0,32105.049926757812,32105.049926757812,1,SPY,199240.35366745308
2014-07-29,0.0,31967.08659362793,31967.08659362793,1,SPY,198384.1686327421
2014-07-30,0.0,31971.960174560547,31971.960174560547,1,SPY,198414.41353162428
2014-07-31,0.0,31340.568786621094,31340.568786621094,1,SPY,194496.069105354
2014-08-01,0.0,31244.806716918945,31244.806716918945,1,SPY,193901.78039753667
2014-08-04,0.0,31470.41859436035,31470.41859436035,1,SPY,195301.90250778262
2014-08-05,0.0,31165.27473449707,31165.27473449707,1,SPY,193408.2137984578
2014-08-06,0.0,31175.015823364258,31175.015823364258,1,SPY,193468.6659078746
2014-08-07,0.0,31006.204696655273,31006.204696655273,1,SPY,192421.04291195248
2014-08-08,0.0,31364.921508789062,31364.921508789062,1,SPY,194647.199378896
2014-08-11,0.0,31455.809997558594,31455.809997558594,1,SPY,195211.24318783116
2014-08-12,0.0,31411.987243652344,31411.987243652344,1,SPY,194939.28407215056
2014-08-13,0.0,31624.608978271484,31624.608978271484,1,SPY,196258.79080705825
2014-08-14,0.0,31773.94400024414,31773.94400024414,1,SPY,197185.54727249427
2014-08-15,0.0,31767.448928833008,31767.448928833008,1,SPY,197145.23958482515
2014-08-18,0.0,32033.631469726562,32033.631469726562,1,SPY,198797.1387006565
2014-08-19,0.0,32200.82110595703,32200.82110595703,1,SPY,199834.69890779167
2014-08-20,0.0,32286.842086791992,32286.842086791992,1,SPY,200368.5355061922
2014-08-21,0.0,32380.976593017578,32380.976593017578,1,SPY,200952.72373687502
2014-08-22,0.0,32297.428521619957,32297.428521619957,1,VNQ,200640.55115439408
2014-08-25,0.0,32225.88192553785,32225.88192553785,1,VNQ,201657.853874739
2014-08-26,0.0,32289.006548116435,32289.006548116435,1,VNQ,201788.74550566456
2014-08-27,0.0,32310.044632743888,32310.044632743888,1,VNQ,201708.18666284755
2014-08-28,0.0,32305.84012642726,32305.84012642726,1,VNQ,201597.4394536697
2014-08-29,0.0,32478.372639330013,32478.372639330013,1,VNQ,202171.5460513918
2014-09-01,0.0,32478.372639330013,32478.372639330013,1,VNQ,202171.5460513918
2014-09-02,0.0,32482.574553472583,32482.574553472583,1,VNQ,202070.84278682715
2014-09-03,0.0,32566.739852852676,32566.739852852676,1,VNQ,201960.05788930177
2014-09-04,0.0,32444.705482708356,32444.705482708356,1,VNQ,201667.9355076997
2014-09-05,0.0,32789.767916339806,32789.767916339806,1,VNQ,202574.49101886677
2014-09-08,0.0,32756.111128414363,32756.111128414363,1,VNQ,202050.71720925323
2014-09-09,0.0,32554.123741728745,32554.123741728745,1,VNQ,200771.4993178409
2014-09-10,0.0,32040.72811716306,32040.72811716306,1,VNQ,201526.88686711842
2014-09-11,0.0,32065.978484629304,32065.978484629304,1,VNQ,201758.59482765116
2014-09-12,0.0,31081.268589100957,31081.268589100957,1,VNQ,200580.06135662974
2014-09-15,0.0,30929.77934517377,30929.77934517377,1,VNQ,200428.94992726148
2014-09-16,0.0,31232.765609550308,31232.765609550308,1,VNQ,201939.83809085906
2014-09-17,0.0,31224.34622822084,31224.34622822084,1,VNQ,202211.8725832347
2014-09-18,0.0,30950.814837627167,30950.814837627167,1,VNQ,203289.64625717018
2014-09-19,0.0,30988.694277087616,30988.694277087616,1,VNQ,203106.48088823896
2014-09-22,32.77893510144713,30680.15936279297,30712.938297894416,1,SPY,201537.9295529408
2014-09-23,32.77893510144713,30504.52899169922,30537.307926800666,1,SPY,200384.21385875915
2014-09-24,32.77893510144713,30743.318481445312,30776.09741654676,1,SPY,201952.82172657855
2014-09-25,32.77893510144713,30247.256774902344,30280.03571000379,1,SPY,198694.1929794146
2014-09-26,32.77893510144713,30487.59246826172,30520.371403363166,1,SPY,200272.95785688979
2014-09-29,32.77893510144713,30432.1328125,30464.911747601447,1,SPY,199908.64344561947
2014-09-30,32.77893510144713,30352.014221191406,30384.793156292853,1,SPY,199382.3445167223
2014-10-01,32.77893510144713,29940.692504882812,29973.47143998426,1,SPY,196680.37266238022
2014-10-02,32.77893510144713,29945.313903808594,29978.09283891004,1,SPY,196710.73062630495
2014-10-03,32.77893510144713,30274.996643066406,30307.775578167853,1,SPY,198876.41613965793
2014-10-06,32.77893510144713,30239.56591796875,30272.344853070197,1,SPY,198643.67174956846
2014-10-07,32.77893510144713,29772.76446533203,29805.54340043348,1,SPY,195577.25357473973
2014-10-08,32.77893510144713,30293.479370117188,30326.258305218635,1,SPY,198997.82915118302
2014-10-09,32.77893510144713,29692.665954589844,29725.44488969129,1,SPY,195051.0865550589
2014-10-10,32.77893510144713,29353.73468017578,29386.51361527723,1,SPY,192824.64742550897
2014-10-13,32.77893510144713,28871.545776367188,28904.324711468635,1,SPY,189657.14910264043
2014-10-14,32.77893510144713,28916.216430664062,28948.99536576551,1,SPY,189950.59057640558
2014-10-15,32.77893510144713,28720.574340820312,28753.35327592176,1,SPY,188665.4179260856
2014-10-16,32.77893510144713,28695.92401123047,28728.702946331916,1,SPY,188503.48994098004
2014-10-17,32.77893510144713,29034.83807373047,29067.617008831916,1,SPY,190729.8160054874
2014-10-20,32.77893510144713,29316.76348876953,29349.54242387098,1,SPY,192581.78371411125
2014-10-21,32.77893510144713,29897.556579589844,29930.33551469129,1,SPY,196397.0128215758
2014-10-22,0.0,29687.203304455154,29687.203304455154,1,VNQ,195000.50879269146
2014-10-23,0.0,29916.096727937365,29916.096727937365,1,VNQ,197267.29329825804
2014-10-24,0.0,29892.825691338043,29892.825691338043,1,VNQ,198785.30455953628
2014-10-27,0.0,30113.957366959796,30113.957366959796,1,VNQ,198512.06404004007
2014-10-28,0.0,30245.87866662347,30245.87866662347,1,VNQ,200789.06208778368
2014-10-29,0.0,30075.169938130588,30075.169938130588,1,VNQ,200485.44476018904
2014-10-30,0.0,30265.285404104954,30265.285404104954,1,VNQ,201770.67394303027
2014-10-31,0.0,30645.47845076822,30645.47845076822,1,VNQ,204077.99226635107
2014-11-03,0.0,30913.18298138306,30913.18298138306,1,VNQ,204189.3424890892
2014-11-04,0.0,30963.613032002955,30963.613032002955,1,VNQ,203480.9711533388
2014-11-05,0.0,30897.647646510435,30897.647646510435,1,VNQ,204766.1814920063
2014-11-06,0.0,30660.99484299811,30660.99484299811,1,VNQ,205585.88420632106
2014-11-07,0.0,30622.200310677872,30622.200310677872,1,VNQ,205778.1889995251
2014-11-10,0.0,30874.381345571797,30874.381345571797,1,VNQ,206425.76903073105
2014-11-11,0.0,30754.109771189836,30754.109771189836,1,VNQ,206628.17430106958
2014-11-12,0.0,30521.32363462569,30521.32363462569,1,VNQ,206405.58692063586
2014-11-13,0.0,30688.153857018686,30688.153857018686,1,VNQ,206638.31246655158
2014-11-14,0.0,30435.97282212476,30435.97282212476,1,VNQ,206688.94676144028
2014-11-17,0.0,30571.76078873661,30571.76078873661,1,VNQ,206820.53562679488
2014-11-18,0.0,30703.672617078915,30703.672617078915,1,VNQ,208014.63438534073
2014-11-19,0.0,30428.22054558567,30428.22054558567,1,VNQ,207680.71562634263
2014-11-20,0.0,30529.094853807514,30529.094853807514,1,VNQ,208045.03003761295
2014-11-21,35.243882876718544,30683.921661376953,30719.165544253672,1,VNQ,209158.19306986665
2014-11-24,35.243882876718544,30792.437744140625,30827.681627017344,1,VNQ,209745.0948615707
2014-11-25,35.243882876718544,30846.69105529785,30881.93493817457,1,VNQ,209593.34273029462
2014-11-26,35.243882876718544,31145.083084106445,31180.326966983164,1,VNQ,210129.74213632627
2014-11-27,35.243882876718544,31145.083084106445,31180.326966983164,1,VNQ,210129.74213632627
2014-11-28,35.243882876718544,31222.587814331055,31257.831697207774,1,VNQ,209684.37893372125
2014-12-01,0.0,31145.083084106445,31145.083084106445,1,VNQ,208227.15897698747
2014-12-02,0.0,31338.84017944336,31338.84017944336,1,VNQ,209573.0852435044
2014-12-03,0.0,31307.8311920166,31307.8311920166,1,VNQ,210382.744013206
2014-12-04,0.0,31389.2147064209,31389.2147064209,1,VNQ,210149.9054022477
2014-12-05,0.0,31230.333557128906,31230.333557128906,1,VNQ,210494.00001507532
2014-12-08,0.0,31427.95997619629,31427.95997619629,1,VNQ,209087.33897653522
2014-12-09,0.0,31571.3614654541,31571.3614654541,1,VNQ,208945.6684782199
2014-12-10,0.0,31540.35484313965,31540.35484313965,1,VNQ,205595.94699510804
2014-12-11,0.0,31598.489303588867,31598.489303588867,1,VNQ,206638.31246655158
2014-12-12,0.0,31323.334503173828,31323.334503173828,1,VNQ,203298.785681443
2014-12-15,0.0,30916.4453125,30916.4453125,1,VNQ,201902.2628083849
2014-12-16,0.0,30873.816528320312,30873.816528320312,1,VNQ,200283.001801503
2014-12-17,0.0,31582.971801757812,31582.971801757812,1,VNQ,204209.54344335815
2014-12-18,0.0,31803.863830566406,31803.863830566406,1,VNQ,209259.40512712277
2014-12-19,0.0,31788.36051940918,31788.36051940918,1,VNQ,210149.73580468388
2014-12-22,0.0,32319.817810058594,32319.817810058594,1,VNQ,211116.44191848763
2014-12-23,0.0,32229.477615356445,32229.477615356445,1,VNQ,211401.34698154023
2014-12-24,0.0,32095.931549072266,32095.931549072266,1,VNQ,211421.73637754677
2014-12-25,0.0,32095.931549072266,32095.931549072266,1,VNQ,211421.73637754677
2014-12-26,0.0,32209.840087890625,32209.840087890625,1,VNQ,212103.51858412413
2014-12-29,0.0,32386.60858154297,32386.60858154297,1,VNQ,212388.38595882923
2014-12-30,0.0,32363.03550720215,32363.03550720215,1,VNQ,211248.78455079257
2014-12-31,0.0,31817.04460144043,31817.04460144043,1,VNQ,209152.52097356538
2015-01-01,0.0,31817.04460144043,31817.04460144043,1,VNQ,209152.52097356538
2015-01-02,0.0,32296.254196166992,32296.254196166992,1,VNQ,209040.58658144073
2015-01-05,0.0,32473.02032470703,32473.02032470703,1,VNQ,205265.42018738645
2015-01-06,0.0,32795.12023925781,32795.12023925781,1,VNQ,203331.97027143146
2015-01-07,0.0,33297.902908325195,33297.902908325195,1,VNQ,205865.72018663268
2015-01-08,0.0,33423.60389709473,33423.60389709473,1,VNQ,209518.85171142785
2015-01-09,0.0,33439.31770324707,33439.31770324707,1,VNQ,207839.8735179057
2015-01-12,0.0,33694.645767211914,33694.645767211914,1,VNQ,206211.77459353115
2015-01-13,0.0,33643.5782623291,33643.5782623291,1,VNQ,205631.76976942268
2015-01-14,0.0,33934.2529296875,33934.2529296875,1,VNQ,204390.2590697008
2015-01-15,0.0,34012.810134887695,34012.810134887695,1,VNQ,202517.92080924418
2015-01-16,0.0,34307.401428222656,34307.401428222656,1,VNQ,205173.7998145733
2015-01-19,0.0,34307.401428222656,34307.401428222656,1,VNQ,205173.7998145733
2015-01-20,0.0,34036.3761138916,34036.3761138916,1,VNQ,205611.39921758987
2015-01-21,0.0,34012.810134887695,34012.810134887695,1,VNQ,206649.26093150518
2015-01-22,0.0,34617.72071838379,34617.72071838379,1,VNQ,209722.38763219185
2015-01-23,0.0,34519.52835083008,34519.52835083008,1,VNQ,208572.55383780441
2015-01-26,0.0,34810.19355773926,34810.19355773926,1,VNQ,209060.97597744726
2015-01-27,0.0,34821.98127746582,34821.98127746582,1,VNQ,206303.33843382302
2015-01-28,0.0,34590.231018066406,34590.231018066406,1,VNQ,203657.61643814965
2015-01-29,0.0,34711.984634399414,34711.984634399414,1,VNQ,205540.18708495706
2015-01-30,0.0,33997.103424072266,33997.103424072266,1,VNQ,202955.52021226074
2015-02-02,0.0,33906.74430847168,33906.74430847168,1,VNQ,205468.91841980294
2015-02-03,0.0,34201.35452270508,34201.35452270508,1,VNQ,208440.26773802075
2015-02-04,0.0,34059.9373626709,34059.9373626709,1,VNQ,207646.49460679747
2015-02-05,0.0,34468.46321105957,34468.46321105957,1,VNQ,209742.7770281984
2015-02-06,0.0,33466.81213378906,33466.81213378906,1,VNQ,209162.7910482637
2015-02-09,0.0,33231.12159729004,33231.12159729004,1,VNQ,208226.5559634272
2015-02-10,0.0,33337.187423706055,33337.187423706055,1,VNQ,210444.9109424348
2015-02-11,0.0,33238.995056152344,33238.995056152344,1,VNQ,210566.98350004145
2015-02-12,0.0,33635.71662902832,33635.71662902832,1,VNQ,212591.940723767
2015-02-13,0.0,33411.81381225586,33411.81381225586,1,VNQ,213466.95108806257
2015-02-16,0.0,33411.81381225586,33411.81381225586,1,VNQ,213466.95108806257
2015-02-17,0.0,33329.3399810791,33329.3399810791,1,VNQ,213802.8861736528
2015-02-18,0.0,33639.64744567871,33639.64744567871,1,VNQ,213823.23788131183
2015-02-19,0.0,32916.885681152344,32916.885681152344,1,VNQ,213670.56238552163
2015-02-20,0.0,33235.04768371582,33235.04768371582,1,VNQ,214952.7011238665
2015-02-23,0.0,33502.168197631836,33502.168197631836,1,VNQ,214922.2112507255
2015-02-24,0.0,32842.25929260254,32842.25929260254,1,VNQ,215532.705947975
2015-02-25,0.0,32850.1114654541,32850.1114654541,1,VNQ,215349.6159557388
2015-02-26,0.0,32492.664947509766,32492.664947509766,1,VNQ,215095.1630774797
2015-02-27,0.0,32747.99301147461,32747.99301147461,1,VNQ,214362.55813427604
2015-03-02,0.0,32936.5397644043,32936.5397644043,1,VNQ,215715.90900525375
2015-03-03,0.0,32873.68453979492,32873.68453979492,1,VNQ,214830.64741043362
2015-03-04,0.0,32559.42970275879,32559.42970275879,1,VNQ,213924.9775754332
2015-03-05,0.0,32653.703079223633,32653.703079223633,1,VNQ,214159.04105768577
2015-03-06,0.0,31569.578170776367,31569.578170776367,1,VNQ,211147.02601249743
2015-03-09,0.0,31820.973052978516,31820.973052978516,1,VNQ,212022.1305976618
2015-03-10,0.0,31797.39761352539,31797.39761352539,1,VNQ,208582.72969163393
2015-03-11,0.0,31824.903869628906,31824.903869628906,1,VNQ,208094.23217529603
2015-03-12,0.0,32378.749313354492,32378.749313354492,1,VNQ,210739.9164826219
2015-03-13,0.0,32359.107055664062,32359.107055664062,1,VNQ,209447.71495549005
2015-03-16,0.0,32692.9923248291,32692.9923248291,1,VNQ,212245.96169356356
2015-03-17,0.0,32681.20460510254,32681.20460510254,1,VNQ,211615.03991196
2015-03-18,0.0,33364.686584472656,33364.686584472656,1,VNQ,214159.04105768577
2015-03-19,0.0,33348.9680480957,33348.9680480957,1,VNQ,213182.15909005253
2015-03-20,0.0,34185.640716552734,34185.640716552734,1,VNQ,215063.86290486707
2015-03-23,0.0,34142.4348449707,34142.4348449707,1,VNQ,214644.78732465496
2015-03-24,0.0,33851.760177612305,33851.760177612305,1,VNQ,213438.76020412007
2015-03-25,0.0,33267.72171020508,33267.72171020508,1,VNQ,210311.02308788168
2015-03-26,0.0,33093.8623046875,33093.8623046875,1,VNQ,209810.22032607958
2015-03-27,0.0,33137.32124328613,33137.32124328613,1,VNQ,210290.61484770136
2015-03-30,0.0,33611.50260925293,33611.50260925293,1,VNQ,212856.11719568542
2015-03-31,0.0,33315.15167236328,33315.15167236328,1,VNQ,210995.8957389554
2015-04-01,0.0,33267.72171020508,33267.72171020508,1,VNQ,210249.62876977693
2015-04-02,0.0,33520.62789916992,33520.62789916992,1,VNQ,211006.01506026366
2015-04-03,0.0,33520.62789916992,33520.62789916992,1,VNQ,211006.01506026366
2015-04-06,0.0,33868.34671020508,33868.34671020508,1,VNQ,212426.771540775
2015-04-07,0.0,33271.676177978516,33271.676177978516,1,VNQ,211864.61214921568
2015-04-08,0.0,33323.039321899414,33323.039321899414,1,VNQ,212580.03120595173
2015-04-09,0.0,32631.539611816406,32631.539611816406,1,VNQ,213520.52507405757
2015-04-10,0.0,32607.81280517578,32607.81280517578,1,VNQ,214685.66033753683
2015-04-13,0.0,32520.880737304688,32520.880737304688,1,VNQ,213714.63890794243
2015-04-14,0.0,32635.48225402832,32635.48225402832,1,VNQ,214123.53863432503
2015-04-15,0.0,32390.48973083496,32390.48973083496,1,VNQ,215084.32767756862
2015-04-16,0.0,32473.47442626953,32473.47442626953,1,VNQ,215022.98989198517
2015-04-17,0.0,32323.320541381836,32323.320541381836,1,VNQ,212549.42826776815
2015-04-20,0.0,32370.7315826416,32370.7315826416,1,VNQ,214491.54650365197
2015-04-21,0.0,32426.053924560547,32426.053924560547,1,VNQ,214235.9064424461
2015-04-22,0.0,32493.23257446289,32493.23257446289,1,VNQ,215288.7492744993
2015-04-23,0.0,32580.16227722168,32580.16227722168,1,VNQ,215830.48158170455
2015-04-24,0.0,32647.352752685547,32647.352752685547,1,VNQ,216331.3220318542
2015-04-27,0.0,32603.867797851562,32603.867797851562,1,VNQ,215431.8330858465
2015-04-28,0.0,32540.64598083496,32540.64598083496,1,VNQ,216116.68689274648
2015-04-29,0.0,31884.70573425293,31884.70573425293,1,VNQ,215227.39264474207
2015-04-30,0.0,31367.037048339844,31367.037048339844,1,VNQ,213070.77117896688
2015-05-01,0.0,31604.15138244629,31604.15138244629,1,VNQ,215380.76537496134
2015-05-04,0.0,31635.761108398438,31635.761108398438,1,VNQ,215993.97363323206
2015-05-05,0.0,30948.19221496582,30948.19221496582,1,VNQ,213520.52507405757
2015-05-06,0.0,30888.908309936523,30888.908309936523,1,VNQ,212641.4443682302
2015-05-07,0.0,31363.101501464844,31363.101501464844,1,VNQ,213489.8279150052
2015-05-08,0.0,31801.713943481445,31801.713943481445,1,VNQ,216300.66256114934
2015-05-11,0.0,31323.58283996582,31323.58283996582,1,VNQ,215268.28450179772
2015-05-12,0.0,31418.430938720703,31418.430938720703,1,VNQ,214624.34139612713
2015-05-13,0.0,31118.120803833008,31118.120803833008,1,VNQ,214665.2520973565
2015-05-14,0.0,31718.729248046875,31718.729248046875,1,VNQ,216903.73265393803
2015-05-15,0.0,32042.751998901367,32042.751998901367,1,VNQ,217138.77603322602
2015-05-18,0.0,31959.772033691406,31959.772033691406,1,VNQ,217813.37860960147
2015-05-19,0.0,31849.136810302734,31849.136810302734,1,VNQ,217741.84612601475
2015-05-20,0.0,31821.462631225586,31821.462631225586,1,VNQ,217588.47339579547
2015-05-21,0.0,31671.325302124023,31671.325302124023,1,VNQ,218222.24064763656
2015-05-22,45.08546213800946,31554.141632080078,31599.227094218088,1,SPY,217700.97311313287
2015-05-25,45.08546213800946,31554.141632080078,31599.227094218088,1,SPY,217700.97311313287
2015-05-26,45.08546213800946,31214.873046875,31259.95850901301,1,SPY,215360.26291391227
2015-05-27,45.08546213800946,31511.17791748047,31556.26337961848,1,SPY,217404.55425991392
2015-05-28,45.08546213800946,31475.61882019043,31520.70428232844,1,SPY,217159.22196175385
2015-05-29,45.08546213800946,31280.058807373047,31325.144269511056,1,SPY,215809.9979648292
2015-06-01,45.08546213800946,31343.772384643555,31388.857846781564,1,SPY,216249.5760060904
2015-06-02,45.08546213800946,31312.657150268555,31357.742612406564,1,SPY,216034.9031786352
2015-06-03,45.08546213800946,31395.62109375,31440.70655588801,1,SPY,216607.29495654532
2015-06-04,45.08546213800946,31130.436920166016,31175.522382304025,1,SPY,214777.7141263464
2015-06-05,45.08546213800946,31077.096908569336,31122.182370707345,1,SPY,214409.70625701942
2015-06-08,45.08546213800946,30885.983489990234,30931.068952128244,1,SPY,213091.16057497342
2015-06-09,45.08546213800946,30881.539627075195,30926.625089213205,1,SPY,213060.50110426857
2015-06-10,45.08546213800946,31251.90705871582,31296.99252085383,1,SPY,215615.77106590182
2015-06-11,45.08546213800946,31352.649185180664,31397.734647318674,1,SPY,216310.8195708051
2015-06-12,45.08546213800946,31112.66146850586,31157.74693064387,1,SPY,214655.076243527
2015-06-15,45.08546213800946,30979.329193115234,31024.414655253244,1,SPY,213735.17905733903
2015-06-16,45.08546213800946,31148.215103149414,31193.300565287424,1,SPY,214900.37085333955
2015-06-17,45.08546213800946,31198.586166381836,31243.671628519845,1,SPY,215247.89510579116
2015-06-18,45.08546213800946,31523.020935058594,31568.106397196603,1,SPY,217486.26259733015
2015-06-19,45.08546213800946,31383.092514038086,31428.177976176095,1,SPY,216520.85673151573
2015-06-22,45.08546213800946,31543.86639404297,31588.95185618098,1,SPY,217630.08133145393
2015-06-23,45.08546213800946,31566.19496154785,31611.28042368586,1,SPY,217784.13245192848
2015-06-24,45.08546213800946,31336.93588256836,31382.02134470637,1,SPY,216202.40903917325
2015-06-25,45.08546213800946,31241.661865234375,31286.747327372384,1,SPY,215545.08657013424
2015-06-26,45.08546213800946,31235.71031188965,31280.795774027658,1,SPY,215504.02511551476
2015-06-29,45.08546213800946,30580.678909301758,30625.764371439767,1,SPY,210984.77767643798
2015-06-30,45.08546213800946,30644.706588745117,30689.792050883127,1,SPY,211426.5227976814
2015-07-01,45.08546213800946,30890.33721923828,30935.42268137629,1,SPY,213121.19818794425
2015-07-02,45.08546213800946,30862.048904418945,30907.134366556955,1,SPY,212926.02908032894
2015-07-03,45.08546213800946,30862.048904418945,30907.134366556955,1,SPY,212926.02908032894
2015-07-06,45.08546213800946,30774.220474243164,30819.305936381174,1,SPY,212320.0758289552
2015-07-07,45.08546213800946,30967.745651245117,31012.831113383127,1,SPY,213655.26091642983
2015-07-08,45.08546213800946,30448.1796875,30493.26514963801,1,SPY,210070.6279632463
2015-07-09,45.08546213800946,30503.27867126465,30548.364133402658,1,SPY,210450.77148047366
2015-07-10,45.08546213800946,30887.354614257812,30932.440076395822,1,SPY,213100.6203502001
2015-07-13,45.08546213800946,31228.25926208496,31273.34472422297,1,SPY,215452.61820950196
2015-07-14,45.08546213800946,31363.735626220703,31408.821088358713,1,SPY,216387.30807209027
2015-07-15,45.08546213800946,31353.30743408203,31398.39289622004,1,SPY,216315.36101668084
2015-07-16,45.08546213800946,31604.91146850586,31649.99693064387,1,SPY,218051.24861495322
2015-07-17,45.08546213800946,31631.697555541992,31676.78301768,1,SPY,218236.05342700143
2015-07-20,45.08546213800946,31648.07730102539,31693.1627631634,1,SPY,218349.0619370303
2015-07-21,45.08546213800946,31523.01547241211,31568.10093455012,1,SPY,217486.22490898264
2015-07-22,45.08546213800946,31466.449768066406,31511.535230204416,1,SPY,217095.96207044704
2015-07-23,45.08546213800946,31289.296142578125,31334.381604716134,1,SPY,215873.72896048
2015-07-24,45.08546213800946,30964.768508911133,31009.853971049142,1,SPY,213634.72076703323
2015-07-27,45.08546213800946,30784.645935058594,30829.731397196603,1,SPY,212392.00404019083
2015-07-28,45.08546213800946,31162.759399414062,31207.844861552072,1,SPY,215000.7160786028
2015-07-29,45.08546213800946,31377.132766723633,31422.218228861642,1,SPY,216479.738744375
2015-07-30,45.08546213800946,31384.58381652832,31429.66927866633,1,SPY,216531.1456503878
2015-07-31,45.08546213800946,31336.93588256836,31382.02134470637,1,SPY,216202.40903917325
2015-08-03,45.08546213800946,31231.24186706543,31276.32732920344,1,SPY,215473.1960472461
2015-08-04,45.08546213800946,31170.21044921875,31215.29591135676,1,SPY,215052.1229846156
2015-08-05,45.08546213800946,31272.92185974121,31318.00732187922,1,SPY,215760.75813879864
2015-08-06,45.08546213800946,31016.8712310791,31061.95669321711,1,SPY,213994.19222564765
2015-08-07,45.08546213800946,30957.320190429688,31002.405652567697,1,SPY,213583.3327051942
2015-08-10,45.08546213800946,31347.36407470703,31392.44953684504,1,SPY,216274.35609458265
2015-08-11,45.08546213800946,31064.510971069336,31109.596433207345,1,SPY,214322.87230434094
2015-08-12,45.08546213800946,31101.7225189209,31146.807981058908,1,SPY,214579.6053276248
2015-08-13,45.08546213800946,31063.008743286133,31108.094205424142,1,SPY,214312.50800877382
2015-08-14,45.08546213800946,31176.159271240234,31221.244733378244,1,SPY,215093.1655950613
2015-08-17,45.08546213800946,31350.33302307129,31395.4184852093,1,SPY,216294.839711458
2015-08-18,45.08546213800946,31259.52471923828,31304.61018137629,1,SPY,215668.32746651387
2015-08-19,45.08546213800946,31012.402786254883,31057.488248392892,1,SPY,213963.36315737898
2015-08-20,45.08546213800946,30364.82243347168,30409.90789560969,1,SPY,209495.522624315
2015-08-21,0.0,29465.545261793537,29465.545261793537,1,VNQ,203189.18796686438
2015-08-24,0.0,28086.114019572644,28086.114019572644,1,VNQ,194633.55619709496
2015-08-25,0.0,27313.492096753398,27313.492096753398,1,VNQ,192343.12225346165
2015-08-26,0.0,28052.19531820146,28052.19531820146,1,VNQ,199727.96550762435
2015-08-27,0.0,28594.93473875941,28594.93473875941,1,VNQ,204668.2106326366
2015-08-28,0.0,28553.46093028138,28553.46093028138,1,VNQ,204678.4241748136
2015-08-31,0.0,27901.44156409554,27901.44156409554,1,VNQ,203024.84792751775
2015-09-01,0.0,27370.01805477329,27370.01805477329,1,VNQ,196965.01390700022
2015-09-02,0.0,27652.692510004923,27652.692510004923,1,VNQ,200703.69798065833
2015-09-03,0.0,27728.067153801272,27728.067153801272,1,VNQ,200847.44133808708
2015-09-04,0.0,27211.722593100185,27211.722593100185,1,VNQ,197807.25425313
2015-09-07,0.0,27211.722593100185,27211.722593100185,1,VNQ,197807.25425313
2015-09-08,0.0,27622.539079275808,27622.539079275808,1,VNQ,202778.34729058467
2015-09-09,0.0,27305.94592267299,27305.94592267299,1,VNQ,200066.76490762585
2015-09-10,0.0,27366.246084361388,27366.246084361388,1,VNQ,201155.58126738374
2015-09-11,0.0,27890.12788611645,27890.12788611645,1,VNQ,202069.65560388038
2015-09-14,0.0,27905.206834737615,27905.206834737615,1,VNQ,201319.92130673036
2015-09-15,0.0,28180.341815658667,28180.341815658667,1,VNQ,203836.25920537885
2015-09-16,0.0,28481.847090613886,28481.847090613886,1,VNQ,205602.8816510511
2015-09-17,0.0,28805.986421297115,28805.986421297115,1,VNQ,205140.65291293236
2015-09-18,0.0,28756.999937587807,28756.999937587807,1,VNQ,201788.3120896681
2015-09-21,28986.566302508214,0.0,28986.566302508214,0,None,202831.1109771081
2015-09-22,28986.566302508214,0.0,28986.566302508214,0,None,200198.41030550172
2015-09-23,28986.566302508214,0.0,28986.566302508214,0,None,199878.41739091105
2015-09-24,28986.566302508214,0.0,28986.566302508214,0,None,199155.70563893055
2015-09-25,28986.566302508214,0.0,28986.566302508214,0,None,199104.11029118014
2015-09-28,28986.566302508214,0.0,28986.566302508214,0,None,194107.10651480773
2015-09-29,28986.566302508214,0.0,28986.566302508214,0,None,194220.60497335432
2015-09-30,28986.566302508214,0.0,28986.566302508214,0,None,197844.47149630275
2015-10-01,28986.566302508214,0.0,28986.566302508214,0,None,198360.6887922392
2015-10-02,28986.566302508214,0.0,28986.566302508214,0,None,201323.7466740033
2015-10-05,28986.566302508214,0.0,28986.566302508214,0,None,204906.30676807344
2015-10-06,28986.566302508214,0.0,28986.566302508214,0,None,204204.24823053207
2015-10-07,28986.566302508214,0.0,28986.566302508214,0,None,205876.78171662884
2015-10-08,28986.566302508214,0.0,28986.566302508214,0,None,207735.17528850428
2015-10-09,28986.566302508214,0.0,28986.566302508214,0,None,207859.03804261796
2015-10-12,28986.566302508214,0.0,28986.566302508214,0,None,208055.24357979
2015-10-13,28986.566302508214,0.0,28986.566302508214,0,None,206744.02828133595
2015-10-14,28986.566302508214,0.0,28986.566302508214,0,None,205752.8435858201
2015-10-15,28986.566302508214,0.0,28986.566302508214,0,None,208912.10700475625
2015-10-16,28986.566302508214,0.0,28986.566302508214,0,None,209861.9852713938
2015-10-19,28986.566302508214,0.0,28986.566302508214,0,None,209965.2324994158
2015-10-20,28986.566302508214,0.0,28986.566302508214,0,None,209696.79724422802
2015-10-21,23.78545894704439,28948.306690216064,28972.09214916311,1,VNQ,208395.96508551485
2015-10-22,23.78545894704439,29202.676307678223,29226.461766625267,1,VNQ,211916.52784791996
2015-10-23,23.78545894704439,28919.62839126587,28943.413850212914,1,VNQ,214239.46799128642
2015-10-26,23.78545894704439,28912.47142791748,28936.256886864525,1,VNQ,213712.8863997829
2015-10-27,23.78545894704439,28901.72232055664,28925.507779503685,1,VNQ,213299.99170856352
2015-10-28,23.78545894704439,28926.79376220703,28950.579221154076,1,VNQ,215726.17907995204
2015-10-29,23.78545894704439,28887.395782470703,28911.181241417748,1,VNQ,215602.3351700121
2015-10-30,23.78545894704439,28622.270751953125,28646.05621090017,1,VNQ,214673.07242946624
2015-11-02,23.78545894704439,29231.32518005371,29255.110639000755,1,VNQ,217212.8713244439
2015-11-03,23.78545894704439,28937.553379058838,28961.338838005882,1,VNQ,217842.6436114482
2015-11-04,23.78545894704439,28808.57039642334,28832.355855370384,1,VNQ,217181.83497026388
2015-11-05,23.78545894704439,28923.210025787354,28946.995484734398,1,VNQ,216965.07043952149
2015-11-06,23.78545894704439,28023.95281982422,28047.738278771263,1,VNQ,216851.5342926274
2015-11-09,23.78545894704439,27543.88137435913,27567.666833306175,1,VNQ,214827.93384941242
2015-11-10,23.78545894704439,27859.159797668457,27882.9452566155,1,VNQ,215323.51677508347
2015-11-11,23.78545894704439,27891.392406463623,27915.177865410667,1,VNQ,214476.97995733676
2015-11-12,23.78545894704439,27701.511127471924,27725.29658641897,1,VNQ,211482.9045655664
2015-11-13,23.78545894704439,27386.24111175537,27410.026570702415,1,VNQ,209108.2936977545
2015-11-16,23.78545894704439,27701.511127471924,27725.29658641897,1,VNQ,212288.13495443476
2015-11-17,23.78545894704439,27701.511127471924,27725.29658641897,1,VNQ,212133.3112228361
2015-11-18,23.78545894704439,27945.146350860596,27968.93180980764,1,VNQ,215499.0314094688
2015-11-19,23.78545894704439,28031.126598358154,28054.9120573052,1,VNQ,215313.11479116886
2015-11-20,23.78545894704439,28382.233978271484,28406.01943721853,1,VNQ,216097.74849811933
2015-11-23,23.78545894704439,28443.130172729492,28466.915631676537,1,VNQ,215850.09836658702
2015-11-24,23.78545894704439,28292.67209625244,28316.457555199486,1,VNQ,216139.20568038773
2015-11-25,23.78545894704439,28407.30121612549,28431.086675072533,1,VNQ,216108.18817038147
2015-11-26,23.78545894704439,28407.30121612549,28431.086675072533,1,VNQ,216108.18817038147
2015-11-27,23.78545894704439,28654.51597213745,28678.301431084496,1,VNQ,216355.9325227826
2015-11-30,23.78545894704439,28443.130172729492,28466.915631676537,1,VNQ,215457.7249805905
2015-12-01,23.78545894704439,28837.2276763916,28861.013135338646,1,VNQ,217512.22986876915
2015-12-02,23.78545894704439,28249.669361114502,28273.454820061546,1,VNQ,215292.51810925096
2015-12-03,23.78545894704439,27805.41636276245,27829.201821709496,1,VNQ,212277.86487973647
2015-12-04,23.78545894704439,28335.660118103027,28359.44557705007,1,VNQ,216417.89216610006
2015-12-07,23.78545894704439,28256.836833953857,28280.6222929009,1,VNQ,215106.71455599356
2015-12-08,23.78545894704439,28231.756984710693,28255.542443657738,1,VNQ,213661.29105203252
2015-12-09,23.78545894704439,28074.11462020874,28097.900079155785,1,VNQ,211999.1407056766
2015-12-10,23.78545894704439,27873.49053955078,27897.275998497826,1,VNQ,212546.243602403
2015-12-11,23.78545894704439,27823.332942962646,27847.11840190969,1,VNQ,208426.90721882606
2015-12-14,23.78545894704439,27952.305416107178,27976.090875054222,1,VNQ,209479.97618096435
2015-12-15,23.78545894704439,28256.836833953857,28280.6222929009,1,VNQ,211679.0724143909
2015-12-16,23.78545894704439,28808.57039642334,28832.355855370384,1,VNQ,214776.263124967
2015-12-17,23.78545894704439,28665.256671905518,28689.042130852562,1,VNQ,211503.48240331054
2015-12-18,23.78545894704439,28332.074279785156,28355.8597387322,1,VNQ,207735.58986032696
2015-12-21,28451.81227693088,0.0,28451.81227693088,0,None,209449.29786608575
2015-12-22,28451.81227693088,0.0,28451.81227693088,0,None,211349.78932213737
2015-12-23,28451.81227693088,0.0,28451.81227693088,0,None,213967.00008291434
2015-12-24,28451.81227693088,0.0,28451.81227693088,0,None,213613.91679920402
2015-12-25,28451.81227693088,0.0,28451.81227693088,0,None,213613.91679920402
2015-12-28,28451.81227693088,0.0,28451.81227693088,0,None,213125.85269886255
2015-12-29,28451.81227693088,0.0,28451.81227693088,0,None,215400.23140645373
2015-12-30,28451.81227693088,0.0,28451.81227693088,0,None,213873.5329810729
2015-12-31,28451.81227693088,0.0,28451.81227693088,0,None,211734.0974017653
2016-01-01,28451.81227693088,0.0,28451.81227693088,0,None,211734.0974017653
2016-01-04,28451.81227693088,0.0,28451.81227693088,0,None,208774.1488086713
2016-01-05,28451.81227693088,0.0,28451.81227693088,0,None,209127.36400159798
2016-01-06,28451.81227693088,0.0,28451.81227693088,0,None,206489.2927404705
2016-01-07,28451.81227693088,0.0,28451.81227693088,0,None,201535.3102127884
2016-01-08,28451.81227693088,0.0,28451.81227693088,0,None,199323.1549669473
2016-01-11,28451.81227693088,0.0,28451.81227693088,0,None,199520.50999871857
2016-01-12,28451.81227693088,0.0,28451.81227693088,0,None,201130.2546978525
2016-01-13,28451.81227693088,0.0,28451.81227693088,0,None,196113.97333172528
2016-01-14,28451.81227693088,0.0,28451.81227693088,0,None,199333.5192625144
2016-01-15,28451.81227693088,0.0,28451.81227693088,0,None,195054.59157137794
2016-01-18,28451.81227693088,0.0,28451.81227693088,0,None,195054.59157137794
2016-01-19,28451.81227693088,0.0,28451.81227693088,0,None,195314.22659742058
2016-01-20,28451.81227693088,0.0,28451.81227693088,0,None,192811.26806214053
2016-01-21,28451.81227693088,0.0,28451.81227693088,0,None,193891.34072527455
2016-01-22,28451.81227693088,0.0,28451.81227693088,0,None,197869.08198723118
2016-01-25,28451.81227693088,0.0,28451.81227693088,0,None,194878.05935160964
2016-01-26,28451.81227693088,0.0,28451.81227693088,0,None,197536.70845048127
2016-01-27,28451.81227693088,0.0,28451.81227693088,0,None,195386.96510812786
2016-01-28,28451.81227693088,0.0,28451.81227693088,0,None,196404.73893281675
2016-01-29,28451.81227693088,0.0,28451.81227693088,0,None,201192.5723804714
2016-02-01,28451.81227693088,0.0,28451.81227693088,0,None,201119.92809063292
2016-02-02,28451.81227693088,0.0,28451.81227693088,0,None,197495.27011238664
2016-02-03,28451.81227693088,0.0,28451.81227693088,0,None,198679.23070545046
2016-02-04,28451.81227693088,0.0,28451.81227693088,0,None,198990.78143019738
2016-02-05,28451.81227693088,0.0,28451.81227693088,0,None,195199.99321609744
2016-02-08,28451.81227693088,0.0,28451.81227693088,0,None,192572.36162723208
2016-02-09,28451.81227693088,0.0,28451.81227693088,0,None,192582.78245532044
2016-02-10,28451.81227693088,0.0,28451.81227693088,0,None,192416.63337529302
2016-02-11,28451.81227693088,0.0,28451.81227693088,0,None,189913.61830749168
2016-02-12,28451.81227693088,0.0,28451.81227693088,0,None,193829.04188682942
2016-02-15,28451.81227693088,0.0,28451.81227693088,0,None,193829.04188682942
2016-02-16,28451.81227693088,0.0,28451.81227693088,0,None,197100.56004884408
2016-02-17,28451.81227693088,0.0,28451.81227693088,0,None,200320.16251215446
2016-02-18,28451.81227693088,0.0,28451.81227693088,0,None,199499.6871867156
2016-02-19,28451.81227693088,0.0,28451.81227693088,0,None,199406.20124070038
2016-02-22,28451.81227693088,0.0,28451.81227693088,0,None,202293.41132308712
2016-02-23,28451.81227693088,0.0,28451.81227693088,0,None,199738.59362162405
2016-02-24,28451.81227693088,0.0,28451.81227693088,0,None,200652.5737372519
2016-02-25,28451.81227693088,0.0,28451.81227693088,0,None,203082.73722930343
2016-02-26,28451.81227693088,0.0,28451.81227693088,0,None,202615.4205642699
2016-02-29,28451.81227693088,0.0,28451.81227693088,0,None,201026.36676792268
2016-03-01,28451.81227693088,0.0,28451.81227693088,0,None,205751.9013771322
2016-03-02,28451.81227693088,0.0,28451.81227693088,0,None,206676.20809997965
2016-03-03,28451.81227693088,0.0,28451.81227693088,0,None,207486.33797402517
2016-03-04,28451.81227693088,0.0,28451.81227693088,0,None,208161.4493430921
2016-03-07,28451.81227693088,0.0,28451.81227693088,0,None,208327.5230464245
2016-03-08,28451.81227693088,0.0,28451.81227693088,0,None,206053.0501179645
2016-03-09,28451.81227693088,0.0,28451.81227693088,0,None,207070.97469604347
2016-03-10,28451.81227693088,0.0,28451.81227693088,0,None,207237.0295552021
2016-03-11,28451.81227693088,0.0,28451.81227693088,0,None,210581.3050720978
2016-03-14,28451.81227693088,0.0,28451.81227693088,0,None,210311.2869063143
2016-03-15,28451.81227693088,0.0,28451.81227693088,0,None,209968.5867623448
2016-03-16,28451.81227693088,0.0,28451.81227693088,0,None,211183.65908628367
2016-03-17,28451.81227693088,0.0,28451.81227693088,0,None,212523.40446380785
2016-03-18,28451.81227693088,0.0,28451.81227693088,0,None,213358.5594006045
2016-03-21,28451.81227693088,0.0,28451.81227693088,0,None,213661.27220785877
2016-03-22,28451.81227693088,0.0,28451.81227693088,0,None,213546.43581297534
2016-03-23,28451.81227693088,0.0,28451.81227693088,0,None,212137.15543428282
2016-03-24,28451.81227693088,0.0,28451.81227693088,0,None,212043.14185140235
2016-03-25,28451.81227693088,0.0,28451.81227693088,0,None,212043.14185140235
2016-03-28,28451.81227693088,0.0,28451.81227693088,0,None,212168.4744510692
2016-03-29,28451.81227693088,0.0,28451.81227693088,0,None,214131.0574596546
2016-03-30,28451.81227693088,0.0,28451.81227693088,0,None,215070.5902748988
2016-03-31,28451.81227693088,0.0,28451.81227693088,0,None,214548.6820384873
2016-04-01,28451.81227693088,0.0,28451.81227693088,0,None,216010.17962266426
2016-04-04,28451.81227693088,0.0,28451.81227693088,0,None,215310.72158110153
2016-04-05,28451.81227693088,0.0,28451.81227693088,0,None,213160.18678345028
2016-04-06,28451.81227693088,0.0,28451.81227693088,0,None,215488.1206328627
2016-04-07,28451.81227693088,0.0,28451.81227693088,0,None,212909.69118168042
2016-04-08,28451.81227693088,0.0,28451.81227693088,0,None,213483.83546775006
2016-04-11,28451.81227693088,0.0,28451.81227693088,0,None,212982.7877316891
2016-04-12,28451.81227693088,0.0,28451.81227693088,0,None,214966.1935522775
2016-04-13,28451.81227693088,0.0,28451.81227693088,0,None,217137.55116193174
2016-04-14,28451.81227693088,0.0,28451.81227693088,0,None,217147.99083419386
2016-04-15,28451.81227693088,0.0,28451.81227693088,0,None,216907.85952799112
2016-04-18,28451.81227693088,0.0,28451.81227693088,0,None,218432.07052243585
2016-04-19,28451.81227693088,0.0,28451.81227693088,0,None,219121.05120338892
2016-04-20,36.45462441928248,28401.15707397461,28437.611698393892,1,VNQ,219329.82580445777
2016-04-21,36.45462441928248,27894.483505249023,27930.938129668306,1,VNQ,218150.1805271846
2016-04-22,36.45462441928248,28197.805660247803,28234.260284667085,1,VNQ,218150.1805271846
2016-04-25,36.45462441928248,28432.17975616455,28468.634380583833,1,VNQ,217774.39001409544
2016-04-26,36.45462441928248,28542.478900909424,28578.933525328706,1,VNQ,218098.0010100477
2016-04-27,36.45462441928248,28525.243858337402,28561.698482756685,1,VNQ,218546.85038479802
2016-04-28,36.45462441928248,28466.64195251465,28503.09657693393,1,VNQ,216563.4068758621
2016-04-29,36.45462441928248,28204.690605163574,28241.145229582857,1,VNQ,215394.23895919858
2016-05-02,36.45462441928248,28642.435836791992,28678.890461211275,1,VNQ,217106.17561262407
2016-05-03,36.45462441928248,28687.244186401367,28723.69881082065,1,VNQ,215216.7456865686
2016-05-04,36.45462441928248,29097.40625,29133.860874419282,1,VNQ,214016.2587531187
2016-05-05,36.45462441928248,29180.124198913574,29216.578823332857,1,VNQ,213974.4435315489
2016-05-06,36.45462441928248,29500.663646697998,29537.11827111728,1,VNQ,214757.41895120865
2016-05-09,36.45462441928248,29824.666275024414,29861.120899443697,1,VNQ,214934.8745354911
2016-05-10,36.45462441928248,29821.2208442688,29857.67546868808,1,VNQ,217607.3741020751
2016-05-11,36.45462441928248,29183.57554626465,29220.03017068393,1,VNQ,215571.63801095975
2016-05-12,36.45462441928248,29352.4588470459,29388.91347146518,1,VNQ,215634.27604453254
2016-05-13,36.45462441928248,29090.50947189331,29126.964096312593,1,VNQ,213755.2481023917
2016-05-16,36.45462441928248,29366.25634765625,29402.710972075532,1,VNQ,215863.96767847316
2016-05-17,36.45462441928248,28821.66529083252,28858.119915251802,1,VNQ,213849.1486202296
2016-05-18,36.45462441928248,28370.142280578613,28406.596904997896,1,VNQ,213911.84318632365
2016-05-19,36.45462441928248,28053.036430358887,28089.49105477817,1,VNQ,213170.6264557124
2016-05-20,28298.52273201387,0.0,28298.52273201387,0,None,214517.30648917967
2016-05-23,28298.52273201387,0.0,28298.52273201387,0,None,214225.01451001377
2016-05-24,28298.52273201387,0.0,28298.52273201387,0,None,217001.8165783503
2016-05-25,28298.52273201387,0.0,28298.52273201387,0,None,218473.7726789631
2016-05-26,28298.52273201387,0.0,28298.52273201387,0,None,218536.39186836212
2016-05-27,28298.52273201387,0.0,28298.52273201387,0,None,219475.96237195382
2016-05-30,28298.52273201387,0.0,28298.52273201387,0,None,219475.96237195382
2016-05-31,28298.52273201387,0.0,28298.52273201387,0,None,219058.4320139899
2016-06-01,28298.52273201387,0.0,28298.52273201387,0,None,219507.30023291396
2016-06-02,28298.52273201387,0.0,28298.52273201387,0,None,220175.32619264774
2016-06-03,28298.52273201387,0.0,28298.52273201387,0,None,219517.79643769737
2016-06-06,28298.52273201387,0.0,28298.52273201387,0,None,220634.7471488765
2016-06-07,28298.52273201387,0.0,28298.52273201387,0,None,220979.27517770053
2016-06-08,28298.52273201387,0.0,28298.52273201387,0,None,221699.49949874496
2016-06-09,28298.52273201387,0.0,28298.52273201387,0,None,221396.7866914907
2016-06-10,28298.52273201387,0.0,28298.52273201387,0,None,219298.5444760189
2016-06-13,28298.52273201387,0.0,28298.52273201387,0,None,217607.3741020751
2016-06-14,28298.52273201387,0.0,28298.52273201387,0,None,217179.3852276753
2016-06-15,28298.52273201387,0.0,28298.52273201387,0,None,216876.57819955226
2016-06-16,28298.52273201387,0.0,28298.52273201387,0,None,217523.8001914568
2016-06-17,28298.52273201387,0.0,28298.52273201387,0,None,216713.74569410627
2016-06-20,40.15262218110729,28244.247985839844,28284.40060802095,1,VNQ,218109.38289099775
2016-06-21,40.15262218110729,28351.914749145508,28392.067371326615,1,VNQ,218728.52706400232
2016-06-22,40.15262218110729,28308.722915649414,28348.87553783052,1,VNQ,218371.67494554032
2016-06-23,40.15262218110729,28451.60270690918,28491.755329090287,1,VNQ,221215.46805158778
2016-06-24,40.15262218110729,28199.058624267578,28239.211246448685,1,VNQ,213271.80082462102
2016-06-27,40.15262218110729,28218.992446899414,28259.14506908052,1,VNQ,209452.14333632326
2016-06-28,40.15262218110729,28813.811080932617,28853.963703113724,1,VNQ,213229.87253800867
2016-06-29,40.15262218110729,29162.73589324951,29202.88851543062,1,VNQ,216860.63602855266
2016-06-30,40.15262218110729,29465.116416931152,29505.26903911226,1,VNQ,219819.81201052258
2016-07-01,40.15262218110729,29475.096519470215,29515.249141651322,1,VNQ,220281.5131117761
2016-07-04,40.15262218110729,29475.096519470215,29515.249141651322,1,VNQ,220281.5131117761
2016-07-05,40.15262218110729,29800.74447631836,29840.897098499467,1,VNQ,218697.01960547836
2016-07-06,40.15262218110729,29671.13882446289,29711.291446643998,1,VNQ,220008.70600827635
2016-07-07,40.15262218110729,29365.43222808838,29405.584850269486,1,VNQ,219872.3307227871
2016-07-08,40.15262218110729,29840.61589050293,29880.768512684037,1,VNQ,223146.2797832166
2016-07-11,40.15262218110729,30040.00311279297,30080.155734974076,1,VNQ,223933.30670023442
2016-07-12,40.15262218110729,30036.6732711792,30076.825893360307,1,VNQ,225559.82271401325
2016-07-13,40.15262218110729,30202.831802368164,30242.98442454927,1,VNQ,225528.3152554893
2016-07-14,40.15262218110729,29933.67431640625,29973.826938587357,1,VNQ,226787.52063437024
2016-07-15,40.15262218110729,29943.63745880127,29983.790080982377,1,VNQ,226483.28144904156
2016-07-18,40.15262218110729,30023.385940551758,30063.538562732865,1,VNQ,227091.8728847415
2016-07-19,40.15262218110729,30169.595573425293,30209.7481956064,1,VNQ,226861.01291202783
2016-07-20,40.15262218110729,30172.923530578613,30213.07615275972,1,VNQ,227805.46405662296
2016-07-21,40.15262218110729,30232.741958618164,30272.89458079927,1,VNQ,226945.00139446885
2016-07-22,40.15262218110729,30498.59033203125,30538.742954212357,1,VNQ,227962.831751679
2016-07-25,40.15262218110729,30442.086669921875,30482.239292102982,1,VNQ,227343.72526702192
2016-07-26,40.15262218110729,30292.552848815918,30332.705470997025,1,VNQ,227448.66847068223
2016-07-27,40.15262218110729,30056.624053955078,30096.776676136185,1,VNQ,227207.31229318518
2016-07-28,40.15262218110729,30335.742797851562,30375.89542003267,1,VNQ,227469.6231919015
2016-07-29,40.15262218110729,30721.2299118042,30761.382533985307,1,VNQ,227836.91498262566
2016-08-01,40.15262218110729,30787.6778717041,30827.83049388521,1,VNQ,227648.03982904565
2016-08-02,40.15262218110729,30295.882690429688,30336.035312610795,1,VNQ,226189.40655927997
2016-08-03,40.15262218110729,30119.757247924805,30159.909870105912,1,VNQ,226850.5732397657
2016-08-04,40.15262218110729,29996.805625915527,30036.958248096635,1,VNQ,227091.8728847415
2016-08-05,40.15262218110729,30016.737564086914,30056.89018626802,1,VNQ,228949.26771540774
2016-08-08,40.15262218110729,30069.903846740723,30110.05646892183,1,VNQ,228812.85474157098
2016-08-09,40.15262218110729,30232.741958618164,30272.89458079927,1,VNQ,228949.26771540774
2016-08-10,40.15262218110729,30199.507614135742,30239.66023631685,1,VNQ,228382.64225466768
2016-08-11,40.15262218110729,29857.23306274414,29897.385684925248,1,VNQ,229442.49511935897
2016-08-12,40.15262218110729,29983.518295288086,30023.670917469193,1,VNQ,229243.14260516933
2016-08-15,40.15262218110729,29953.613792419434,29993.76641460054,1,VNQ,229904.17737643875
2016-08-16,40.15262218110729,29594.72583770752,29634.878459888627,1,VNQ,228718.4077426941
2016-08-17,40.15262218110729,29714.349502563477,29754.502124744584,1,VNQ,229148.67676211867
2016-08-18,40.15262218110729,29604.68898010254,29644.841602283646,1,VNQ,229662.80235476795
2016-08-19,40.15262218110729,29415.281860351562,29455.43448253267,1,VNQ,229327.03686674152
2016-08-22,40.15262218110729,29574.784477233887,29614.937099414994,1,VNQ,229316.5406619581
2016-08-23,40.15262218110729,29591.407302856445,29631.559925037553,1,VNQ,229778.2229190379
2016-08-24,40.15262218110729,29461.807304382324,29501.95992656343,1,VNQ,228602.96833425038
2016-08-25,40.15262218110729,29594.72583770752,29634.878459888627,1,VNQ,228445.56295084683
2016-08-26,40.15262218110729,29302.297149658203,29342.44977183931,1,VNQ,228015.29393142226
2016-08-29,40.15262218110729,29591.407302856445,29631.559925037553,1,VNQ,229138.1617131615
2016-08-30,40.15262218110729,29534.90740966797,29575.060031849076,1,VNQ,228760.41140600148
2016-08-31,40.15262218110729,29564.810028076172,29604.96265025728,1,VNQ,228109.7597744729
2016-09-01,40.15262218110729,29491.715576171875,29531.868198352982,1,VNQ,228120.2182909088
2016-09-02,40.15262218110729,29747.570655822754,29787.72327800386,1,VNQ,229148.67676211867
2016-09-05,40.15262218110729,29747.570655822754,29787.72327800386,1,VNQ,229148.67676211867
2016-09-06,40.15262218110729,29976.864265441895,30017.016887623002,1,VNQ,229841.2378360858
2016-09-07,40.15262218110729,30156.31201171875,30196.464633899857,1,VNQ,229820.26427069277
2016-09-08,40.15262218110729,29787.464683532715,29827.617305713822,1,VNQ,229295.49171987004
2016-09-09,40.15262218110729,28607.792442321777,28647.945064502885,1,VNQ,223807.38993118107
2016-09-12,40.15262218110729,28946.740921020508,28986.893543201615,1,VNQ,227018.45598377893
2016-09-13,40.15262218110729,28219.9874420166,28260.14006419771,1,VNQ,223754.9654397853
2016-09-14,40.15262218110729,28310.332244873047,28350.484867054154,1,VNQ,223670.9769573443
2016-09-15,40.15262218110729,28417.40163421631,28457.554256397416,1,VNQ,225906.15978351812
2016-09-16,40.15262218110729,28430.78507232666,28470.937694507767,1,VNQ,225032.82655068705
2016-09-19,40.15262218110729,28688.4228515625,28728.575473743607,1,VNQ,225075.05634407952
2016-09-20,40.15262218110729,28644.921966552734,28685.07458873384,1,VNQ,225085.59023721045
2016-09-21,40.15262218110729,29012.985359191895,29053.137981373002,1,VNQ,227616.75850060675
2016-09-22,40.15262218110729,29531.615257263184,29571.76787944429,1,VNQ,229051.08278622414
2016-09-23,40.15262218110729,29621.950637817383,29662.10325999849,1,VNQ,227796.09850226506
2016-09-26,40.15262218110729,29692.21839904785,29732.37102122896,1,VNQ,225950.387059329
2016-09-27,40.15262218110729,29377.700065612793,29417.8526877939,1,VNQ,227353.10966555358
2016-09-28,40.15262218110729,29618.60572052002,29658.758342701127,1,VNQ,228481.5930110728
2016-09-29,40.15262218110729,29223.773567199707,29263.926189380814,1,VNQ,226414.42483812853
2016-09-30,40.15262218110729,29023.03330230713,29063.185924488236,1,VNQ,228122.98838445128
2016-10-03,40.15262218110729,28480.968254089355,28521.120876270463,1,VNQ,227574.58523973555
2016-10-04,40.15262218110729,28092.837242126465,28132.989864307572,1,VNQ,226414.42483812853
2016-10-05,40.15262218110729,27524.02416229248,27564.176784473588,1,VNQ,227416.3695568604
2016-10-06,40.15262218110729,27534.05891418457,27574.211536365678,1,VNQ,227574.58523973555
2016-10-07,40.15262218110729,27487.226303100586,27527.378925281693,1,VNQ,226794.13493935944
2016-10-10,40.15262218110729,27657.864196777344,27698.01681895845,1,VNQ,227975.34428305455
2016-10-11,40.15262218110729,27390.189781188965,27430.342403370072,1,VNQ,225096.12413034137
2016-10-12,40.15262218110729,27704.706230163574,27744.85885234468,1,VNQ,225391.45002148233
2016-10-13,40.15262218110729,27922.197463989258,27962.350086170365,1,VNQ,224653.1729819774
2016-10-14,40.15262218110729,27798.397834777832,27838.55045695894,1,VNQ,224769.14002728634
2016-10-17,40.15262218110729,27858.623306274414,27898.77592845552,1,VNQ,223988.6897269102
2016-10-18,40.15262218110729,28035.960456848145,28076.113079029252,1,VNQ,225391.45002148233
2016-10-19,40.15262218110729,28096.18027496338,28136.332897144486,1,VNQ,225992.63569689522
2016-10-20,40.15262218110729,28032.61742401123,28072.770046192338,1,VNQ,225570.7146464456
2016-10-21,40.15262218110729,27928.885414123535,27969.038036304642,1,VNQ,225676.1854869711
2016-10-24,40.15262218110729,27992.467109680176,28032.619731861283,1,VNQ,226635.91925648425
2016-10-25,40.15262218110729,27942.276390075684,27982.42901225679,1,VNQ,225876.59327489126
2016-10-26,40.15262218110729,27577.561683654785,27617.714305835892,1,VNQ,225423.07054504886
2016-10-27,40.15262218110729,26854.83341217041,26894.986034351517,1,VNQ,224821.88486963598
2016-10-28,40.15262218110729,26918.398147583008,26958.550769764115,1,VNQ,224157.51467961134
2016-10-31,40.15262218110729,27356.72176361084,27396.874385791947,1,VNQ,224168.04857274226
2016-11-01,40.15262218110729,26761.141807556152,26801.29442973726,1,VNQ,222543.83154816192
2016-11-02,40.15262218110729,26369.6583404541,26409.81096263521,1,VNQ,221204.48189828667
2016-11-03,40.15262218110729,26165.55242919922,26205.705051380326,1,VNQ,220191.98444225013
2016-11-04,40.15262218110729,26373.007026672363,26413.15964885347,1,VNQ,219949.38454928502
2016-11-07,40.15262218110729,26834.752601623535,26874.905223804642,1,VNQ,224800.83592754792
2016-11-08,40.15262218110729,26975.284355163574,27015.43697734468,1,VNQ,225813.33338358445
2016-11-09,40.15262218110729,26567.076301574707,26607.228923755814,1,VNQ,228207.39143871496
2016-11-10,40.15262218110729,26122.064735412598,26162.217357593705,1,VNQ,228776.8812138663
2016-11-11,40.15262218110729,26279.322959899902,26319.47558208101,1,VNQ,228249.58354375992
2016-11-14,40.15262218110729,26901.67356109619,26941.8261832773,1,VNQ,228428.86701289692
2016-11-15,40.15262218110729,26677.490608215332,26717.64323039644,1,VNQ,230211.24318783116
2016-11-16,40.15262218110729,26600.534896850586,26640.687519031693,1,VNQ,229778.82593259815
2016-11-17,40.15262218110729,26329.519332885742,26369.67195506685,1,VNQ,230960.05412046702
2016-11-18,109.13451694256219,26310.31901550293,26419.453532445492,1,SPY,230443.2714993178
2016-11-21,109.13451694256219,26509.000442504883,26618.134959447445,1,SPY,232183.4555692071
2016-11-22,109.13451694256219,26560.773880004883,26669.908396947445,1,SPY,232636.92176652822
2016-11-23,109.13451694256219,26575.22543334961,26684.35995029217,1,SPY,232763.4980816631
2016-11-24,109.13451694256219,26575.22543334961,26684.35995029217,1,SPY,232763.4980816631
2016-11-25,109.13451694256219,26673.970184326172,26783.104701268734,1,SPY,233628.37028047667
2016-11-28,109.13451694256219,26548.734146118164,26657.868663060726,1,SPY,232531.46977017645
2016-11-29,109.13451694256219,26600.51188659668,26709.646403539242,1,SPY,232984.97365584507
2016-11-30,109.13451694256219,26536.69010925293,26645.824626195492,1,SPY,232425.98008547715
2016-12-01,109.13451694256219,26439.16094970703,26548.295466649593,1,SPY,231571.75484483707
2016-12-02,109.13451694256219,26452.405517578125,26561.540034520687,1,SPY,231687.7595784935
2016-12-05,109.13451694256219,26611.355392456055,26720.489909398617,1,SPY,233079.94829158718
2016-12-06,109.13451694256219,26695.63998413086,26804.77450107342,1,SPY,233818.16879857084
2016-12-07,109.13451694256219,27044.841751098633,27153.976268041195,1,SPY,236876.71010876854
2016-12-08,109.13451694256219,27111.062438964844,27220.196955907406,1,SPY,237456.71493287705
2016-12-09,109.13451694256219,27274.829498291016,27383.964015233578,1,SPY,238891.09575101567
2016-12-12,109.13451694256219,27243.521026611328,27352.65554355389,1,SPY,238616.87533448407
2016-12-13,109.13451694256219,27425.343383789062,27534.477900731625,1,SPY,240209.39645880286
2016-12-14,109.13451694256219,27198.967987060547,27308.10250400311,1,SPY,238226.650184296
2016-12-15,109.13451694256219,27310.953002929688,27420.08751987225,1,SPY,239207.4894284185
2016-12-16,109.13451694256219,27257.540130615234,27366.674647557797,1,SPY,238739.6639706935
2016-12-19,109.13451694256219,27316.893264770508,27426.02778171307,1,SPY,239259.51819216533
2016-12-20,109.13451694256219,27422.264602661133,27531.399119603695,1,SPY,240182.43044615464
2016-12-21,109.13451694256219,27345.946975708008,27455.08149265057,1,SPY,239513.98991459818
2016-12-22,109.13451694256219,27298.719635009766,27407.854151952328,1,SPY,239100.3414564285
2016-12-23,109.13451694256219,27338.68785095215,27447.82236789471,1,SPY,239450.4096723375
2016-12-26,109.13451694256219,27338.68785095215,27447.82236789471,1,SPY,239450.4096723375
2016-12-27,109.13451694256219,27406.524307250977,27515.65882419354,1,SPY,240044.5664709385
2016-12-28,109.13451694256219,27180.015518188477,27289.15003513104,1,SPY,238060.65185765864
2016-12-29,109.13451694256219,27173.961227416992,27283.095744359554,1,SPY,238007.6243527026
2016-12-30,109.13451694256219,27074.639877319336,27183.774394261898,1,SPY,237137.7019153218
2017-01-02,109.13451694256219,27074.639877319336,27183.774394261898,1,SPY,237137.7019153218
2017-01-03,109.13451694256219,27281.75944519043,27390.893962132992,1,SPY,238951.79283469135
2017-01-04,109.13451694256219,27444.069946289062,27553.204463231625,1,SPY,240373.4161471956
2017-01-05,109.13451694256219,27422.264602661133,27531.399119603695,1,SPY,240182.43044615464
2017-01-06,109.13451694256219,27520.381118774414,27629.515635716976,1,SPY,241041.80014623076
2017-01-09,109.13451694256219,27429.53448486328,27538.669001805843,1,SPY,240246.10490928413
2017-01-10,109.13451694256219,27429.53448486328,27538.669001805843,1,SPY,240246.10490928413
2017-01-11,109.13451694256219,27507.054794311523,27616.189311254086,1,SPY,240925.07933397152
2017-01-12,109.13451694256219,27438.00274658203,27547.137263524593,1,SPY,240320.27557719703
2017-01-13,109.13451694256219,27501.00050354004,27610.1350204826,1,SPY,240872.0518290155
2017-01-16,109.13451694256219,27501.00050354004,27610.1350204826,1,SPY,240872.0518290155
2017-01-17,109.13451694256219,27404.09312438965,27513.22764133221,1,SPY,240023.27255459156
2017-01-18,0.0,27545.500443223456,27545.500443223456,1,EEM,240553.73604588932
2017-01-19,0.0,27462.386572831125,27462.386572831125,1,EEM,239662.65160137787
2017-01-20,0.0,27515.274637531864,27515.274637531864,1,EEM,240543.16446441086
2017-01-23,0.0,27923.24674032819,27923.24674032819,1,EEM,239917.25523302704
2017-01-24,0.0,28097.01142057198,28097.01142057198,1,EEM,241455.42976022672
2017-01-25,0.0,28406.760297759956,28406.760297759956,1,EEM,243545.47476011366
2017-01-26,0.0,28285.885456031792,28285.885456031792,1,EEM,243290.7769075957
2017-01-27,0.0,28308.5530364856,28308.5530364856,1,EEM,242908.91857055633
2017-01-30,0.0,28157.448841436064,28157.448841436064,1,EEM,241402.4022552707
2017-01-31,0.0,28210.335132321914,28210.335132321914,1,EEM,241381.25909231382
2017-02-01,0.0,28225.44803516771,28225.44803516771,1,EEM,241476.68598822615
2017-02-02,0.0,28346.32465071076,28346.32465071076,1,EEM,241635.84387978923
2017-02-03,0.0,28520.087557139665,28520.087557139665,1,EEM,243301.42386576917
2017-02-06,0.0,28452.095458667573,28452.095458667573,1,EEM,242866.42495873125
2017-02-07,0.0,28308.5530364856,28308.5530364856,1,EEM,242877.0719169047
2017-02-08,0.0,28482.314169099613,28482.314169099613,1,EEM,243195.3311675096
2017-02-09,0.0,28610.75078369534,28610.75078369534,1,EEM,244638.09764297074
2017-02-10,0.0,28875.17691667992,28875.17691667992,1,EEM,245603.5600413064
2017-02-13,0.0,28965.833047976044,28965.833047976044,1,EEM,246940.2149743342
2017-02-14,0.0,28996.05707985275,28996.05707985275,1,EEM,247926.83937980054
2017-02-15,0.0,29230.25385951596,29230.25385951596,1,EEM,249221.0572335245
2017-02-16,0.0,29124.495468263365,29124.495468263365,1,EEM,249008.9283695267
2017-02-17,30.854317999502808,28972.73388671875,29003.588204718253,1,EEM,249401.47135308702
2017-02-20,30.854317999502808,28972.73388671875,29003.588204718253,1,EEM,249401.47135308702
2017-02-21,30.854317999502808,29289.717430114746,29320.57174811425,1,EEM,250886.67490785196
2017-02-22,30.854317999502808,29380.273525238037,29411.12784323754,1,EEM,250663.91792985442
2017-02-23,30.854317999502808,29387.81484603882,29418.66916403832,1,EEM,250833.64740289596
2017-02-24,30.854317999502808,29040.655387878418,29071.50970587792,1,EEM,251151.8312768058
2017-02-27,30.854317999502808,28950.099292755127,28980.95361075463,1,EEM,251544.39310453992
2017-02-28,30.854317999502808,28670.863107681274,28701.717425680778,1,EEM,250865.49405654758
2017-03-01,30.854317999502808,29116.130613327026,29146.98493132653,1,EEM,254377.0116155487
2017-03-02,30.854317999502808,28602.941606521606,28633.79592452111,1,EEM,252775.01187182945
2017-03-03,30.854317999502808,28821.801155090332,28852.655473089835,1,EEM,252934.15091921878
2017-03-06,30.854317999502808,28836.894428253174,28867.748746252677,1,EEM,252180.94929409723
2017-03-07,30.854317999502808,28867.075658798218,28897.92997679772,1,EEM,251427.72882480192
2017-03-08,30.854317999502808,28595.393198013306,28626.24751601281,1,EEM,250960.97748498118
2017-03-09,30.854317999502808,28368.97815322876,28399.832471228263,1,EEM,251279.1802030648
2017-03-10,30.854317999502808,28685.954608917236,28716.80892691674,1,EEM,252159.7495986191
2017-03-13,30.854317999502808,29085.947610855103,29116.801928854606,1,EEM,252287.023148183
2017-03-14,30.854317999502808,28919.905658721924,28950.759976721427,1,EEM,251321.65497071613
2017-03-15,30.854317999502808,29674.60298347473,29705.457301474235,1,EEM,253496.4422199944
2017-03-16,30.854317999502808,29855.727577209473,29886.581895208976,1,EEM,252997.78769400076
2017-03-17,30.854317999502808,29802.906436920166,29833.76075491967,1,EEM,252553.46092095244
2017-03-20,30.854317999502808,30150.065895080566,30180.92021308007,1,EEM,252276.4892550521
2017-03-21,30.854317999502808,29817.999710083008,29848.85402808251,1,EEM,249037.3453835543
2017-03-22,30.854317999502808,29961.394664764404,29992.248982763907,1,EEM,249623.3991874392
2017-03-23,30.854317999502808,29968.935985565186,29999.79030356469,1,EEM,249357.01794719108
2017-03-24,30.854317999502808,30044.409439086914,30075.263757086417,1,EEM,249175.88774902574
2017-03-27,30.854317999502808,29961.394664764404,29992.248982763907,1,EEM,248920.20999947234
2017-03-28,30.854317999502808,30044.409439086914,30075.263757086417,1,EEM,250731.58735782068
2017-03-29,30.854317999502808,30097.23057937622,30128.084897375724,1,EEM,250965.9523468534
2017-03-30,30.854317999502808,29938.738807678223,29969.593125677726,1,EEM,251765.00184672902
2017-03-31,30.854317999502808,29727.429439544678,29758.28375754418,1,EEM,251179.00457536537
2017-04-03,30.854317999502808,29893.462532043457,29924.31685004296,1,EEM,250742.15893929912
2017-04-04,30.854317999502808,29908.5558052063,29939.410123205802,1,EEM,250901.95753277
2017-04-05,30.854317999502808,29817.999710083008,29848.85402808251,1,EEM,250156.18051210925
2017-04-06,30.854317999502808,29765.167938232422,29796.022256231925,1,EEM,250859.35085590236
2017-04-07,30.854317999502808,29712.339710235596,29743.1940282351,1,EEM,250603.6542621752
2017-04-10,30.854317999502808,29591.5899810791,29622.444299078605,1,EEM,250752.82474164636
2017-04-11,30.854317999502808,29523.670251846313,29554.524569845817,1,EEM,250454.5026268778
2017-04-12,30.854317999502808,29667.05811882019,29697.912436819694,1,EEM,249357.01794719108
2017-04-13,30.854317999502808,29538.761753082275,29569.61607108178,1,EEM,247737.45543352904
2017-04-14,30.854317999502808,29538.761753082275,29569.61607108178,1,EEM,247737.45543352904
2017-04-17,30.854317999502808,29848.18625640869,29879.040574408195,1,EEM,249932.40594872876
2017-04-18,30.854317999502808,29470.834936141968,29501.68925414147,1,EEM,249186.51586302544
2017-04-19,86.76717444341193,29203.58985900879,29290.3570334522,1,SPY,248728.33862226474
2017-04-20,86.76717444341193,29441.287994384766,29528.055168828178,1,SPY,250752.82474164636
2017-04-21,86.76717444341193,29347.459259033203,29434.226433476615,1,SPY,249953.68102090195
2017-04-24,86.76717444341193,29670.22674560547,29756.99392004888,1,SPY,252702.70677711864
2017-04-25,86.76717444341193,29842.863388061523,29929.630562504935,1,SPY,254173.06112296198
2017-04-26,86.76717444341193,29824.09896850586,29910.86614294927,1,SPY,254013.24368531734
2017-04-27,86.76717444341193,29849.122619628906,29935.88979407232,1,SPY,254226.37129052437
2017-04-28,86.76717444341193,29784.065551757812,29870.832726201224,1,SPY,253672.27720533364
2017-05-01,86.76717444341193,29859.125442504883,29945.892616948295,1,SPY,254311.5658000859
2017-05-02,86.76717444341193,29870.378341674805,29957.145516118217,1,SPY,254407.4072678209
2017-05-03,86.76717444341193,29834.10400390625,29920.871178349662,1,SPY,254098.45703905265
2017-05-04,86.76717444341193,29869.130477905273,29955.897652348685,1,SPY,254396.7791538212
2017-05-05,86.76717444341193,29986.732788085938,30073.49996252935,1,SPY,255398.40352159916
2017-05-08,86.76717444341193,29981.7236328125,30068.490807255912,1,SPY,255355.74031221026
2017-05-09,86.76717444341193,29954.199829101562,30040.967003544974,1,SPY,255121.31879065628
2017-05-10,86.76717444341193,30007.995147705078,30094.76232214849,1,SPY,255579.496031417
2017-05-11,86.76717444341193,29946.701583862305,30033.468758305717,1,SPY,255057.4558857892
2017-05-12,86.76717444341193,29896.65428161621,29983.421456059623,1,SPY,254631.20067537518
2017-05-15,86.76717444341193,30061.797103881836,30148.564278325248,1,SPY,256037.72980469896
2017-05-16,86.76717444341193,30034.266662597656,30121.03383704107,1,SPY,255803.25175062372
2017-05-17,86.76717444341193,29501.34033203125,29588.107506474662,1,SPY,251264.2933057957
2017-05-18,86.76717444341193,29620.183868408203,29706.951042851615,1,SPY,252276.4892550521
2017-05-19,0.0,29868.913277313837,29868.913277313837,1,EEM,253917.34568506107
2017-05-22,0.0,29897.949665300886,29897.949665300886,1,EEM,255206.62636526037
2017-05-23,0.0,29926.982644861124,29926.982644861124,1,EEM,255771.23549940827
2017-05-24,0.0,30043.121379955697,30043.121379955697,1,EEM,256367.95510564043
2017-05-25,0.0,30188.293094610508,30188.293094610508,1,EEM,257593.27866010385
2017-05-26,0.0,30297.168472174806,30297.168472174806,1,EEM,257540.06271341024
2017-05-29,0.0,30297.168472174806,30297.168472174806,1,EEM,257540.06271341024
2017-05-30,0.0,30137.487084593497,30137.487084593497,1,EEM,257316.25046168224
2017-05-31,0.0,29905.20961440435,29905.20961440435,1,EEM,257252.36871264142
2017-06-01,0.0,30159.25329819665,30159.25329819665,1,EEM,259298.14874836995
2017-06-02,0.0,30311.681553528117,30311.681553528117,1,EEM,260161.11768563394
2017-06-05,0.0,30275.388624864416,30275.388624864416,1,EEM,259969.35937346888
2017-06-06,0.0,30289.908523071343,30289.908523071343,1,EEM,259138.25593403028
2017-06-07,0.0,30253.61900283445,30253.61900283445,1,EEM,259617.78362365923
2017-06-08,0.0,30435.083646152965,30435.083646152965,1,EEM,259745.60365426214
2017-06-09,0.0,30202.809584390627,30202.809584390627,1,EEM,259351.3458508898
2017-06-12,0.0,30043.121379955697,30043.121379955697,1,EEM,259298.14874836995
2017-06-13,0.0,30188.293094610508,30188.293094610508,1,EEM,260566.06013552728
2017-06-14,0.0,30181.033145507045,30181.033145507045,1,EEM,260235.72176954328
2017-06-15,0.0,29868.913277313837,29868.913277313837,1,EEM,259734.90016356742
2017-06-16,0.0,29919.729512611277,29919.729512611277,1,EEM,259791.6588149276
2017-06-19,16.854490382030257,30200.462600708008,30217.317091090037,1,EEM,261954.46116969554
2017-06-20,16.854490382030257,29866.670875549316,29883.525365931346,1,EEM,260187.81987984953
2017-06-21,16.854490382030257,29932.2566947937,29949.11118517573,1,EEM,260123.59893568105
2017-06-22,16.854490382030257,30085.30503463745,30102.15952501948,1,EEM,260005.82284969132
2017-06-23,16.854490382030257,30245.650150299072,30262.5046406811,1,EEM,260316.299456534
2017-06-26,16.854490382030257,30537.177124023438,30554.031614405467,1,EEM,260487.5929959975
2017-06-27,16.854490382030257,30180.054111480713,30196.908601862742,1,EEM,258389.04927374554
2017-06-28,16.854490382030257,30413.275009155273,30430.129499537303,1,EEM,260701.75703076122
2017-06-29,16.854490382030257,30027.002365112305,30043.856855494334,1,EEM,258410.53163183006
2017-06-30,16.854490382030257,30165.48099899292,30182.33548937495,1,EEM,258892.28293396244
2017-07-03,16.854490382030257,30340.38900756836,30357.24349795039,1,EEM,259331.2956500109
2017-07-04,16.854490382030257,30340.38900756836,30357.24349795039,1,EEM,259331.2956500109
2017-07-05,16.854490382030257,30282.08974456787,30298.9442349499,1,EEM,259930.84188230682
2017-07-06,16.854490382030257,29917.68358230591,29934.538072687938,1,EEM,257553.96971364392
2017-07-07,16.854490382030257,29975.986251831055,29992.840742213084,1,EEM,259224.24189888968
2017-07-10,16.854490382030257,30260.23348236084,30277.08797274287,1,EEM,259502.58918947438
2017-07-11,16.854490382030257,30508.027492523193,30524.881982905223,1,EEM,259309.90751279518
2017-07-12,16.854490382030257,31098.354370117188,31115.208860499217,1,EEM,261258.52698862564
2017-07-13,16.854490382030257,31251.406116485596,31268.260606867625,1,EEM,261697.4831721528
2017-07-14,16.854490382030257,31644.961910247803,31661.816400629832,1,EEM,262918.05799482914
2017-07-17,16.854490382030257,31499.20012664795,31516.05461702998,1,EEM,262885.92867857113
2017-07-18,16.854490382030257,31593.945796966553,31610.800287348582,1,EEM,263025.1682784716
2017-07-19,16.854490382030257,31856.323139190674,31873.177629572703,1,EEM,264449.1471126957
2017-07-20,16.854490382030257,31819.8733253479,31836.72781572993,1,EEM,264566.9608870329
2017-07-21,16.854490382030257,31798.01365661621,31814.86814699824,1,EEM,264331.40871505346
2017-07-24,16.854490382030257,31892.759326934814,31909.613817316844,1,EEM,264267.18777088495
2017-07-25,16.854490382030257,31812.586769104004,31829.441259486033,1,EEM,264909.5291217861
2017-07-26,16.854490382030257,32074.967517852783,32091.822008234813,1,EEM,264920.2703008284
2017-07-27,16.854490382030257,31900.04928970337,31916.9037800854,1,EEM,264674.0146381541
2017-07-28,16.854490382030257,31885.472770690918,31902.327261072947,1,EEM,264363.5380313115
2017-07-31,16.854490382030257,31921.915771484375,31938.770261866404,1,EEM,264213.61378489
2017-08-01,16.854490382030257,32016.654628753662,32033.50911913569,1,EEM,264802.5319031862
2017-08-02,16.854490382030257,32045.811073303223,32062.665563685252,1,EEM,264930.97379152314
2017-08-03,16.854490382030257,31914.618995666504,31931.473486048533,1,EEM,264417.0554847852
2017-08-04,16.854490382030257,32031.23455429077,32048.0890446728,1,EEM,264898.8633194389
2017-08-07,16.854490382030257,32249.88233947754,32266.73682985957,1,EEM,265391.3746447873
2017-08-08,16.854490382030257,32257.165489196777,32274.019979578807,1,EEM,264738.2921148439
2017-08-09,16.854490382030257,31965.64192199707,31982.4964123791,1,EEM,264727.55093580164
2017-08-10,16.854490382030257,31207.68337249756,31224.537862879588,1,EEM,260990.7889678669
2017-08-11,16.854490382030257,31280.55574798584,31297.41023836787,1,EEM,261376.34076296288
2017-08-14,16.854490382030257,31601.235759735107,31618.090250117137,1,EEM,263967.3958105633
2017-08-15,16.854490382030257,31637.678760528564,31654.533250910594,1,EEM,263935.22880595777
2017-08-16,16.854490382030257,31965.64192199707,31982.4964123791,1,EEM,264395.705035917
2017-08-17,16.854490382030257,31557.509609222412,31574.36409960444,1,EEM,260273.46664958127
2017-08-18,16.854490382030257,31827.166694641113,31844.021185023143,1,EEM,259866.62093813834
2017-08-21,16.854490382030257,31943.78225326538,31960.63674364741,1,EEM,260070.08148220732
2017-08-22,16.854490382030257,32300.891639709473,32317.746130091502,1,EEM,262789.5972623184
2017-08-23,16.854490382030257,32453.94338607788,32470.79787645991,1,EEM,261847.4074185743
2017-08-24,16.854490382030257,32555.982425689697,32572.836916071727,1,EEM,261237.12000723614
2017-08-25,16.854490382030257,32745.46354675293,32762.31803713496,1,EEM,261847.4074185743
2017-08-28,16.854490382030257,32628.865020751953,32645.719511133982,1,EEM,261858.14859761656
2017-08-29,16.854490382030257,32570.552131652832,32587.40662203486,1,EEM,262157.92171376455
2017-08-30,16.854490382030257,32621.568244934082,32638.42273531611,1,EEM,263399.90351783036
2017-08-31,16.854490382030257,32672.58776473999,32689.44225512202,1,EEM,264984.5477775181
2017-09-01,16.854490382030257,32913.09181213379,32929.94630251582,1,EEM,265359.20764018176
2017-09-04,16.854490382030257,32913.09181213379,32929.94630251582,1,EEM,265359.20764018176
2017-09-05,16.854490382030257,32483.096424102783,32499.950914484813,1,EEM,263453.4398154778
2017-09-06,16.854490382030257,32694.450839996338,32711.305330378367,1,EEM,264352.7968522692
2017-09-07,16.854490382030257,32934.958293914795,32951.812784296824,1,EEM,264320.6298476637
2017-09-08,16.854490382030257,32716.317321777344,32733.171812159373,1,EEM,264010.17208499473
2017-09-11,16.854490382030257,33153.60948562622,33170.46397600825,1,EEM,266826.0946580536
2017-09-12,16.854490382030257,33117.15967178345,33134.01416216548,1,EEM,267725.47053901874
2017-09-13,16.854490382030257,32942.25166320801,32959.10615359004,1,EEM,267853.9124273557
2017-09-14,16.854490382030257,33029.7039642334,33046.55845461543,1,EEM,267768.34103431896
2017-09-15,16.854490382030257,33226.48867416382,33243.34316454585,1,EEM,268128.77354579506
2017-09-18,16.854490382030257,33343.104232788086,33359.958723170115,1,EEM,268699.073620418
2017-09-19,16.854490382030257,33415.96979522705,33432.82428560908,1,EEM,268968.0930449923
2017-09-20,16.854490382030257,33262.92486190796,33279.77935228999,1,EEM,269064.9332539365
2017-09-21,16.854490382030257,33262.92486190796,33279.77935228999,1,EEM,268343.93632176804
2017-09-22,16.854490382030257,33073.430114746094,33090.28460512812,1,EEM,268397.77412619564
2017-09-25,16.854490382030257,32512.246055603027,32529.100545985057,1,EEM,267849.0129421785
2017-09-26,16.854490382030257,32424.797161102295,32441.651651484324,1,EEM,268010.4321345926
2017-09-27,16.854490382030257,32308.188415527344,32325.042905909373,1,EEM,269054.11669819924
2017-09-28,16.854490382030257,32286.31512069702,32303.16961107905,1,EEM,269376.99277137493
2017-09-29,16.854490382030257,32658.01124572754,32674.86573610957,1,EEM,270323.7994376898
2017-10-02,16.854490382030257,32665.304615020752,32682.15910540278,1,EEM,271496.66081241
2017-10-03,16.854490382030257,33182.759117126465,33199.613607508494,1,EEM,272077.7020660752
2017-10-04,16.854490382030257,33175.46915435791,33192.32364473994,1,EEM,272400.4839183821
2017-10-05,16.854490382030257,33423.26657104492,33440.12106142695,1,EEM,274014.41202409036
2017-10-06,16.854490382030257,33255.64171218872,33272.49620257075,1,EEM,273702.4467275208
2017-10-09,16.854490382030257,33233.775230407715,33250.629720789744,1,EEM,273250.5445966216
2017-10-10,16.854490382030257,33561.73839187622,33578.59288225825,1,EEM,273971.4849962688
2017-10-11,16.854490382030257,33714.78673171997,33731.641222102,1,EEM,274401.88592490973
2017-10-12,16.854490382030257,33700.21021270752,33717.06470308955,1,EEM,273992.9485101796
2017-10-13,16.854490382030257,34006.317111968994,34023.17160235102,1,EEM,274326.5092298763
2017-10-16,16.854490382030257,33984.45063018799,34001.30512057002,1,EEM,274692.350019221
2017-10-17,16.854490382030257,33809.532402038574,33826.3868924206,1,EEM,274886.143502152
2017-10-18,16.854490382030257,33889.69814682007,33906.5526372021,1,EEM,275155.04986168374
2017-10-19,16.854490382030257,33590.88461685181,33607.739107233836,1,EEM,275230.3700241959
2017-10-20,16.854490382030257,33714.78673171997,33731.641222102,1,EEM,276650.6742445371
2017-10-23,16.854490382030257,33445.12964630127,33461.9841366833,1,EEM,275574.70961128233
2017-10-24,16.854490382030257,33445.12964630127,33461.9841366833,1,EEM,276058.8352793083
2017-10-25,16.854490382030257,33372.247051239014,33389.10154162104,1,EEM,274692.350019221
2017-10-26,16.854490382030257,33146.31611633301,33163.17060671504,1,EEM,275047.46847369726
2017-10-27,16.854490382030257,33627.327617645264,33644.18210802729,1,EEM,277296.2567933246
2017-10-30,16.854490382030257,33415.96979522705,33432.82428560908,1,EEM,276263.332252934
2017-10-31,16.854490382030257,33729.36665725708,33746.22114763911,1,EEM,276693.75202574866
2017-11-01,16.854490382030257,33904.281478881836,33921.135969263865,1,EEM,277059.5928150934
2017-11-02,16.854490382030257,33948.000816345215,33964.855306727244,1,EEM,277167.1742030799
2017-11-03,16.854490382030257,33773.08940124512,33789.94389162715,1,EEM,278092.5738880053
2017-11-06,16.854490382030257,34152.07889556885,34168.93338595088,1,EEM,278522.8994399511
2017-11-07,16.854490382030257,33933.43111038208,33950.28560076411,1,EEM,278329.29439875775
2017-11-08,16.854490382030257,34093.77281951904,34110.62730990107,1,EEM,278802.716576089
2017-11-09,16.854490382030257,33882.41840362549,33899.27289400752,1,EEM,277791.2367054354
2017-11-10,16.854490382030257,33736.656620025635,33753.511110407664,1,EEM,277705.15651970723
2017-11-13,16.854490382030257,33663.77402496338,33680.62851534541,1,EEM,277963.39707689174
2017-11-14,16.854490382030257,33437.839683532715,33454.694173914744,1,EEM,277317.8522164517
2017-11-15,16.854490382030257,33262.92486190796,33279.77935228999,1,EEM,275929.7338448898
2017-11-16,16.854490382030257,33955.29418563843,33972.14867602046,1,EEM,278275.4754385039
2017-11-17,16.854490382030257,34122.925857543945,34139.780347925975,1,EEM,277457.6759857387
2017-11-20,16.854490382030257,34297.83727264404,34314.69176302607,1,EEM,277931.07931889617
2017-11-21,16.854490382030257,34756.98229217529,34773.83678255732,1,EEM,279749.59861909895
2017-11-22,16.854490382030257,34844.44821929932,34861.302709681346,1,EEM,279502.1180851304
2017-11-23,16.854490382030257,34844.44821929932,34861.302709681346,1,EEM,279502.1180851304
2017-11-24,16.854490382030257,34771.5622177124,34788.41670809443,1,EEM,280147.75716643926
2017-11-27,16.854490382030257,34261.39086532593,34278.24535570796,1,EEM,280007.8580204572
2017-11-28,16.854490382030257,34516.478244781494,34533.33273516352,1,EEM,282848.4664611395
2017-11-29,16.854490382030257,33969.86729812622,33986.72178850825,1,EEM,282676.2495571619
2017-11-30,16.854490382030257,33598.17457962036,33615.02907000239,1,EEM,285151.11142936826
2017-12-01,0.0,33408.69005203247,33408.69005203247,1,EEM,284559.32899666077
2017-12-04,0.0,33474.275871276855,33474.275871276855,1,EEM,284214.97056540055
2017-12-05,0.0,33452.419609069824,33452.419609069824,1,EEM,283192.76835987845
2017-12-06,0.0,33000.54751968384,33000.54751968384,1,EEM,283246.6061643061
2017-12-07,0.0,33095.2965965271,33095.2965965271,1,EEM,284139.7069354097
2017-12-08,0.0,33481.56242752075,33481.56242752075,1,EEM,285689.0183693006
2017-12-11,0.0,33649.19750595093,33649.19750595093,1,EEM,286549.9144474511
2017-12-12,0.0,33423.26657104492,33423.26657104492,1,EEM,287055.6543827779
2017-12-13,0.0,33824.11573410034,33824.11573410034,1,EEM,287023.37431312987
2017-12-14,0.0,33576.311504364014,33576.311504364014,1,EEM,285850.4375617147
2017-12-15,0.0,33649.19750595093,33649.19750595093,1,EEM,288230.9843442604
2017-12-18,0.0,34028.17678070068,34028.17678070068,1,EEM,290058.6242245622
2017-12-19,0.0,33848.397441864014,33848.397441864014,1,EEM,288944.72626953194
2017-12-20,0.0,33892.78105163574,33892.78105163574,1,EEM,288793.3133333836
2017-12-21,0.0,34114.73316574097,34114.73316574097,1,EEM,289388.07314554485
2017-12-22,0.0,34403.279430389404,34403.279430389404,1,EEM,289312.413787905
2017-12-25,0.0,34403.279430389404,34403.279430389404,1,EEM,289312.413787905
2017-12-26,0.0,34373.683544158936,34373.683544158936,1,EEM,288966.3028484853
2017-12-27,0.0,34462.46779632568,34462.46779632568,1,EEM,289106.9369172439
2017-12-28,0.0,34699.22807312012,34699.22807312012,1,EEM,289701.7721061002
2017-12-29,0.0,34861.99182128906,34861.99182128906,1,EEM,288609.37535332824
2018-01-01,0.0,34861.99182128906,34861.99182128906,1,EEM,288609.37535332824
2018-01-02,0.0,35520.46281814575,35520.46281814575,1,EEM,290675.1302132406
2018-01-03,0.0,35860.80529022217,35860.80529022217,1,EEM,292513.6054934535
2018-01-04,0.0,36038.36016845703,36038.36016845703,1,EEM,293746.46671742026
2018-01-05,0.0,36349.10675430298,36349.10675430298,1,EEM,295704.09370830725
2018-01-08,0.0,36349.10675430298,36349.10675430298,1,EEM,296244.80843012955
2018-01-09,0.0,36289.91157531738,36289.91157531738,1,EEM,296915.4537300157
2018-01-10,0.0,36060.5638961792,36060.5638961792,1,EEM,296461.19607739674
2018-01-11,0.0,36282.51941680908,36282.51941680908,1,EEM,298624.14918555476
2018-01-12,0.0,36630.24723434448,36630.24723434448,1,EEM,300570.7900231406
2018-01-15,0.0,36630.24723434448,36630.24723434448,1,EEM,300570.7900231406
2018-01-16,0.0,36489.67699432373,36489.67699432373,1,EEM,299543.46220235626
2018-01-17,0.0,36970.579486846924,36970.579486846924,1,EEM,302398.6560335275
2018-01-18,0.0,37014.96990966797,37014.96990966797,1,EEM,301890.2025371795
2018-01-19,0.0,37318.307304382324,37318.307304382324,1,EEM,303263.8108949475
2018-01-22,0.0,37532.86725997925,37532.86725997925,1,EEM,305729.4956545335
2018-01-23,0.0,37710.42895126343,37710.42895126343,1,EEM,306378.4324662501
2018-01-24,0.0,38028.57450866699,38028.57450866699,1,EEM,306259.5257298348
2018-01-25,0.0,38006.3810005188,38006.3810005188,1,EEM,306389.30555450864
2018-01-26,0.0,38531.67391586304,38531.67391586304,1,EEM,309936.57051112934
2018-01-29,0.0,37947.18922805786,37947.18922805786,1,EEM,307881.83949286555
2018-01-30,0.0,37429.2986907959,37429.2986907959,1,EEM,304723.8386335712
2018-01-31,0.0,37754.833000183105,37754.833000183105,1,EEM,304875.2704138934
2018-02-01,0.0,37244.32440185547,37244.32440185547,1,EEM,304529.06525360484
2018-02-02,0.0,36289.91157531738,36289.91157531738,1,EEM,297899.47763950337
2018-02-05,0.0,35017.36000442505,35017.36000442505,1,EEM,285440.6521591654
2018-02-06,0.0,36156.73349380493,36156.73349380493,1,EEM,291064.4508430883
2018-02-07,0.0,35017.36000442505,35017.36000442505,1,EEM,289485.49752387556
2018-02-08,0.0,33803.993392944336,33803.993392944336,1,EEM,278627.2019417036
2018-02-09,0.0,34344.09447097778,34344.09447097778,1,EEM,282812.5494659561
2018-02-12,0.0,34884.188735961914,34884.188735961914,1,EEM,286965.4850113442
2018-02-13,0.0,35150.5380859375,35150.5380859375,1,EEM,287679.34000165825
2018-02-14,0.0,36030.96460342407,36030.96460342407,1,EEM,291561.8616536139
2018-02-15,0.0,36770.83110046387,36770.83110046387,1,EEM,295282.2857229002
2018-02-16,0.0,36652.45096206665,36652.45096206665,1,EEM,295368.68625958223
2018-02-19,0.0,36652.45096206665,36652.45096206665,1,EEM,295368.68625958223
2018-02-20,0.0,36149.34474182129,36149.34474182129,1,EEM,293519.39442363207
2018-02-21,0.0,36119.742042541504,36119.742042541504,1,EEM,292059.3666850083
2018-02-22,0.0,36141.94577026367,36141.94577026367,1,EEM,292437.9084474662
2018-02-23,0.0,36785.61882400513,36785.61882400513,1,EEM,297099.1844241597
2018-02-26,0.0,37125.95107650757,37125.95107650757,1,EEM,300549.15691166604
2018-02-27,0.0,36045.75914001465,36045.75914001465,1,EEM,296796.3397076891
2018-02-28,0.0,35527.86519622803,35527.86519622803,1,EEM,293789.7894728907
2018-03-01,0.0,35461.27785873413,35461.27785873413,1,EEM,289517.92834691366
2018-03-02,0.0,35609.24366378784,35609.24366378784,1,EEM,291010.3492202281
2018-03-05,0.0,35661.03646469116,35661.03646469116,1,EEM,294373.82695018355
2018-03-06,0.0,35993.9765586853,35993.9765586853,1,EEM,295120.018542667
2018-03-07,0.0,36030.96460342407,36030.96460342407,1,EEM,295011.9472061628
2018-03-08,0.0,36038.36016845703,36038.36016845703,1,EEM,296439.58181009593
2018-03-09,0.0,36807.81233215332,36807.81233215332,1,EEM,301598.2874414888
2018-03-12,0.0,36896.59999084473,36896.59999084473,1,EEM,301219.7268348572
2018-03-13,0.0,36563.663303375244,36563.663303375244,1,EEM,299273.0671530976
2018-03-14,0.0,36622.848262786865,36622.848262786865,1,EEM,297737.32352431276
2018-03-15,0.0,36489.67699432373,36489.67699432373,1,EEM,297412.8268521938
2018-03-16,0.0,36408.29512023926,36408.29512023926,1,EEM,297735.36373024184
2018-03-19,0.0,36016.16325378418,36016.16325378418,1,EEM,293706.8562641802
2018-03-20,0.0,36415.694091796875,36415.694091796875,1,EEM,294206.4153105143
2018-03-21,0.0,36630.24723434448,36630.24723434448,1,EEM,293641.7496438451
2018-03-22,0.0,35409.48505783081,35409.48505783081,1,EEM,286301.54823731596
2018-03-23,0.0,34691.818881988525,34691.818881988525,1,EEM,280199.0510074095
2018-03-26,0.0,35816.40464782715,35816.40464782715,1,EEM,287865.1435549157
2018-03-27,0.0,35165.332622528076,35165.332622528076,1,EEM,282968.08927615755
2018-03-28,0.0,34987.7709312439,34987.7709312439,1,EEM,282131.8790656305
2018-03-29,0.0,35720.2282371521,35720.2282371521,1,EEM,285736.8260381255
2018-03-30,0.0,35720.2282371521,35720.2282371521,1,EEM,285736.8260381255
2018-04-02,0.0,35076.5585899353,35076.5585899353,1,EEM,279569.33525292645
2018-04-03,0.0,35424.2864074707,35424.2864074707,1,EEM,283152.6302697732
2018-04-04,0.0,35439.08094406128,35439.08094406128,1,EEM,286182.09501986176
2018-04-05,0.0,35527.86519622803,35527.86519622803,1,EEM,288440.6446214959
2018-04-06,0.0,34832.39934158325,34832.39934158325,1,EEM,282012.46353652375
2018-04-09,0.0,34869.38738632202,34869.38738632202,1,EEM,283402.3155720714
2018-04-10,0.0,35550.05529785156,35550.05529785156,1,EEM,287908.5982196024
2018-04-11,0.0,35564.86005401611,35564.86005401611,1,EEM,286399.34949912183
2018-04-12,0.0,35550.05529785156,35550.05529785156,1,EEM,288755.49307665054
2018-04-13,0.0,35194.928508758545,35194.928508758545,1,EEM,287908.5982196024
2018-04-16,0.0,35239.31552505493,35239.31552505493,1,EEM,290275.65257373726
2018-04-17,0.0,35313.29842758179,35313.29842758179,1,EEM,293381.1912532883
2018-04-18,0.0,35616.64604187012,35616.64604187012,1,EEM,293598.33266750583
2018-04-19,0.0,35409.48505783081,35409.48505783081,1,EEM,291969.55535287596
2018-04-20,0.0,34965.574016571045,34965.574016571045,1,EEM,289493.8454928505
2018-04-23,0.0,34684.43013000488,34684.43013000488,1,EEM,289450.4850490325
2018-04-24,0.0,34521.65956878662,34521.65956878662,1,EEM,285552.3038886837
2018-04-25,0.0,34255.30681228638,34255.30681228638,1,EEM,286258.03704010794
2018-04-26,0.0,34751.01746749878,34751.01746749878,1,EEM,289168.1239494373
2018-04-27,0.0,34965.574016571045,34965.574016571045,1,EEM,289439.61196077394
2018-04-30,0.0,34714.019203186035,34714.019203186035,1,EEM,287213.5497146992
2018-05-01,0.0,34543.85648345947,34543.85648345947,1,EEM,287723.9441609443
2018-05-02,0.0,34270.10475540161,34270.10475540161,1,EEM,285791.19147941837
2018-05-03,0.0,34196.121852874756,34196.121852874756,1,EEM,285161.4191924141
2018-05-04,0.0,34351.49684906006,34351.49684906006,1,EEM,288853.1247408926
2018-05-07,0.0,34151.73143005371,34151.73143005371,1,EEM,289830.44012452225
2018-05-08,0.0,34344.09447097778,34344.09447097778,1,EEM,289830.44012452225
2018-05-09,0.0,34410.67840194702,34410.67840194702,1,EEM,292631.92806048226
2018-05-10,0.0,35128.33435821533,35128.33435821533,1,EEM,295368.1774668908
2018-05-11,0.0,35069.15280532837,35069.15280532837,1,EEM,296269.45660940546
2018-05-14,0.0,35113.543228149414,35113.543228149414,1,EEM,296410.6371592031
2018-05-15,0.0,34388.48148727417,34388.48148727417,1,EEM,294369.24781596026
2018-05-16,0.0,34906.385650634766,34906.385650634766,1,EEM,295607.12159014674
2018-05-17,0.0,34373.683544158936,34373.683544158936,1,EEM,295357.398599501
2018-05-18,174.0662806735345,33875.99850463867,34050.06478531221,1,SPY,294619.02733912726
2018-05-21,174.0662806735345,34130.69107055664,34304.757351230175,1,SPY,296834.08458772715
2018-05-22,174.0662806735345,34035.79833984375,34209.864620517284,1,SPY,296008.8039979799
2018-05-23,174.0662806735345,34129.44302368164,34303.509304355175,1,SPY,296823.23034364235
2018-05-24,174.0662806735345,34059.52423095703,34233.590511630566,1,SPY,296215.1477006339
2018-05-25,174.0662806735345,33978.3860168457,34152.45229751924,1,SPY,295509.48992590467
2018-05-28,174.0662806735345,33978.3860168457,34152.45229751924,1,SPY,295509.48992590467
2018-05-29,174.0662806735345,33587.58483886719,33761.65111954072,1,SPY,292110.69821432605
2018-05-30,174.0662806735345,34035.79833984375,34209.864620517284,1,SPY,296008.8039979799
2018-05-31,174.0662806735345,33827.30517578125,34001.371456454784,1,SPY,294195.5422222557
2018-06-01,174.0662806735345,34159.40914916992,34333.47542984346,1,SPY,297083.8452667204
2018-06-04,174.0662806735345,34321.71374511719,34495.78002579072,1,SPY,298495.4057904377
2018-06-05,174.0662806735345,34346.68118286133,34520.74746353486,1,SPY,298712.54720465525
2018-06-06,174.0662806735345,34633.84896850586,34807.915249179394,1,SPY,301210.04092954536
2018-06-07,174.0662806735345,34630.100494384766,34804.1667750583,1,SPY,301177.4405089434
2018-06-08,174.0662806735345,34732.475006103516,34906.54128677705,1,SPY,302067.79003067827
2018-06-11,174.0662806735345,34778.667907714844,34952.73418838838,1,SPY,302469.5289710327
2018-06-12,174.0662806735345,34823.62576293945,34997.69204361299,1,SPY,302860.5267323449
2018-06-13,174.0662806735345,34712.50408935547,34886.570370029,1,SPY,301894.1032811475
2018-06-14,174.0662806735345,34799.89337158203,34973.959652255566,1,SPY,302654.1264971696
2018-06-15,174.0662806735345,34755.50537109375,34929.571651767284,1,SPY,302268.0847535559
2018-06-18,174.0662806735345,34684.0178527832,34858.08413345674,1,SPY,301646.35892874637
2018-06-19,174.0662806735345,34551.08135986328,34725.147640536816,1,SPY,300490.2123361499
2018-06-20,174.0662806735345,34610.02557373047,34784.091854404,1,SPY,301002.84923907224
2018-06-21,174.0662806735345,34393.062591552734,34567.12887222627,1,SPY,299115.92558812664
2018-06-22,174.0662806735345,34455.7682800293,34629.83456070283,1,SPY,299661.2759766935
2018-06-25,174.0662806735345,33986.725830078125,34160.79211075166,1,SPY,295582.02115070063
2018-06-26,174.0662806735345,34061.96615600586,34236.032436679394,1,SPY,296236.38508445956
2018-06-27,174.0662806735345,33779.792724609375,33953.85900528291,1,SPY,293782.32718008244
2018-06-28,174.0662806735345,33972.927978515625,34146.99425918916,1,SPY,295462.0214522074
2018-06-29,174.0662806735345,34021.84231567383,34195.90859634736,1,SPY,295887.4286748023
2018-07-02,174.0662806735345,34094.571380615234,34268.63766128877,1,SPY,296519.95221117535
2018-07-03,174.0662806735345,33974.17819213867,34148.24447281221,1,SPY,295472.89454046596
2018-07-04,174.0662806735345,33974.17819213867,34148.24447281221,1,SPY,295472.89454046596
2018-07-05,174.0662806735345,34251.33776855469,34425.40404922822,1,SPY,297883.3470267662
2018-07-06,174.0662806735345,34541.0471496582,34715.11343033174,1,SPY,300402.9449674749
2018-07-09,174.0662806735345,34852.07083129883,35026.13711197236,1,SPY,303107.9130454446
2018-07-10,174.0662806735345,34977.484375,35151.550655673534,1,SPY,304198.6326667521
2018-07-11,174.0662806735345,34721.64126586914,34895.707546542675,1,SPY,301973.5691618865
2018-07-12,174.0662806735345,35036.430755615234,35210.49703628877,1,SPY,304711.2884138482
2018-07-13,174.0662806735345,35064.01345825195,35238.07973892549,1,SPY,304951.17474579206
2018-07-16,174.0662806735345,35032.65628051758,35206.72256119111,1,SPY,304678.4618631611
2018-07-17,174.0662806735345,35174.37677001953,35348.443050693066,1,SPY,305911.002736174
2018-07-18,174.0662806735345,35248.36038208008,35422.42666275361,1,SPY,306554.43704915314
2018-07-19,174.0662806735345,35115.445556640625,35289.51183731416,1,SPY,305398.4788982942
2018-07-20,174.0662806735345,35075.300048828125,35249.36632950166,1,SPY,305049.33404689934
2018-07-23,174.0662806735345,35140.52133178711,35314.587612460644,1,SPY,305616.5625211997
2018-07-24,174.0662806735345,35317.34963989258,35491.41592056611,1,SPY,307154.4355416192
2018-07-25,174.0662806735345,35618.339111328125,35792.40539200166,1,SPY,309772.1362509139
2018-07-26,174.0662806735345,35534.30612182617,35708.37240249971,1,SPY,309041.3026600435
2018-07-27,174.0662806735345,35293.513244628906,35467.57952530244,1,SPY,306947.13078610355
2018-07-30,174.0662806735345,35109.164154052734,35283.23043472627,1,SPY,305343.8496385687
2018-07-31,174.0662806735345,35282.226654052734,35456.29293472627,1,SPY,306848.97148499626
2018-08-01,174.0662806735345,35223.29544067383,35397.36172134736,1,SPY,306336.44764711644
2018-08-02,174.0662806735345,35415.18048095703,35589.246761630566,1,SPY,308005.2688309828
2018-08-03,174.0662806735345,35566.92434692383,35740.99062759736,1,SPY,309324.98285180185
2018-08-06,174.0662806735345,35697.34957885742,35871.41585953096,1,SPY,310459.2890470124
2018-08-07,174.0662806735345,35815.2336730957,35989.29995376924,1,SPY,311484.5251645096
2018-08-08,174.0662806735345,35800.185607910156,35974.25188858369,1,SPY,311353.6523777578
2018-08-09,174.0662806735345,35751.284271240234,35925.35055191377,1,SPY,310928.35822020547
2018-08-10,174.0662806735345,35511.735107421875,35685.80138809541,1,SPY,308845.0029020027
2018-08-13,174.0662806735345,35378.80728149414,35552.873562167675,1,SPY,307688.93168610125
2018-08-14,174.0662806735345,35604.528259277344,35778.59453995088,1,SPY,309652.02348737814
2018-08-15,174.0662806735345,35338.67044067383,35512.73672134736,1,SPY,307339.86221140146
2018-08-16,174.0662806735345,35624.5966796875,35798.662960361034,1,SPY,309826.55822472804
2018-08-17,174.0662806735345,35750.021057128906,35924.08733780244,1,SPY,310917.3720669043
2018-08-20,174.0662806735345,35826.53109741211,36000.597378085644,1,SPY,311582.77868648566
2018-08-21,174.0662806735345,35910.55758666992,36084.62386734346,1,SPY,312313.55574483477
2018-08-22,174.0662806735345,35889.228118896484,36063.29439957002,1,SPY,312128.05369835754
2018-08-23,174.0662806735345,35841.56832885742,36015.63460953096,1,SPY,311713.5572523687
2018-08-24,174.0662806735345,36057.276763916016,36231.34304458955,1,SPY,313589.5701267082
2018-08-27,174.0662806735345,36341.97229003906,36516.0385707126,1,SPY,316065.5626493401
2018-08-28,174.0662806735345,36359.53161621094,36533.59789688447,1,SPY,316218.2758334778
2018-08-29,174.0662806735345,36555.16729736328,36729.233578036816,1,SPY,317919.71628211986
2018-08-30,174.0662806735345,36407.19140625,36581.257686923534,1,SPY,316632.7722794666
2018-08-31,174.0662806735345,36408.456787109375,36582.52306778291,1,SPY,316643.7772769415
2018-09-03,174.0662806735345,36408.456787109375,36582.52306778291,1,SPY,316643.7772769415
2018-09-04,174.0662806735345,36345.72509765625,36519.791378329784,1,SPY,316098.20075828955
2018-09-05,174.0662806735345,36247.91375732422,36421.98003799775,1,SPY,315247.53706648975
2018-09-06,174.0662806735345,36138.79415893555,36312.86043960908,1,SPY,314298.5256318451
2018-09-07,174.0662806735345,36068.57418823242,36242.64046890596,1,SPY,313687.82364868425
2018-09-10,174.0662806735345,36131.279876708984,36305.34615738252,1,SPY,314233.17403725116
2018-09-11,174.0662806735345,36250.40985107422,36424.47613174775,1,SPY,315269.2455546594
2018-09-12,174.0662806735345,36259.1960144043,36433.26229507783,1,SPY,315345.6586792495
2018-09-13,174.0662806735345,36473.64990234375,36647.716183017284,1,SPY,317210.76077698293
2018-09-14,174.0662806735345,36479.93347167969,36653.99975235322,1,SPY,317265.4088808822
2018-09-17,174.0662806735345,36286.778717041016,36460.84499771455,1,SPY,315585.54501119343
2018-09-18,174.0662806735345,36483.67761230469,36657.74389297822,1,SPY,317297.97161313664
2018-09-19,174.0662806735345,36522.55340576172,36696.61968643525,1,SPY,317636.07377870905
2018-09-20,174.0662806735345,36818.531188964844,36992.59746963838,1,SPY,320210.1879141007
2018-09-21,174.0662806735345,36784.89025878906,36958.9565394626,1,SPY,319917.61327232845
2018-09-24,174.0662806735345,36662.68566894531,36836.75194961885,1,SPY,318854.8018723571
2018-09-25,174.0662806735345,36628.680725097656,36802.74700577119,1,SPY,318559.06140939344
2018-09-26,174.0662806735345,36519.07794189453,36693.144222568066,1,SPY,317605.8477240007
2018-09-27,174.0662806735345,36621.12744140625,36795.193722079784,1,SPY,318493.37061967177
2018-09-28,174.0662806735345,36624.901916503906,36798.96819717744,1,SPY,318526.19717035885
2018-10-01,174.0662806735345,36752.133361816406,36926.19964248994,1,SPY,319632.7270534496
2018-10-02,174.0662806735345,36730.717224121094,36904.78350479463,1,SPY,319446.471240022
2018-10-03,174.0662806735345,36750.872314453125,36924.93859512666,1,SPY,319621.7597443222
2018-10-04,174.0662806735345,36463.648193359375,36637.71447403291,1,SPY,317123.77607091435
2018-10-05,174.0662806735345,36259.54919433594,36433.61547500947,1,SPY,315348.73027957213
2018-10-08,174.0662806735345,36259.54919433594,36433.61547500947,1,SPY,315348.73027957213
2018-10-09,174.0662806735345,36206.64370727539,36380.709987948925,1,SPY,314888.6120889143
2018-10-10,174.0662806735345,35060.225982666016,35234.29226333955,1,SPY,304918.23513006244
2018-10-11,174.0662806735345,34287.9753112793,34462.04159195283,1,SPY,298201.9831608463
2018-10-12,174.0662806735345,34764.1745300293,34938.24081070283,1,SPY,302343.48029276304
2018-10-15,174.0662806735345,34568.90286254883,34742.96914322236,1,SPY,300645.20566531236
2018-10-16,174.0662806735345,35324.777252197266,35498.8435328708,1,SPY,307219.0333692629
2018-10-17,174.0662806735345,35331.06948852539,35505.135769198925,1,SPY,307273.75684985716
2018-10-18,174.0662806735345,34820.86315917969,34994.92943985322,1,SPY,302836.50041080295
2018-10-19,174.0662806735345,34801.9626159668,34976.02889664033,1,SPY,302672.1226831088
2018-10-22,174.0662806735345,34645.750915527344,34819.81719620088,1,SPY,301313.551976
2018-10-23,174.0662806735345,34469.379791259766,34643.4460719333,1,SPY,299779.6550762435
2018-10-24,174.0662806735345,33425.01156616211,33599.077846835644,1,SPY,290696.80101306277
2018-10-25,174.0662806735345,34024.66775512695,34198.73403580049,1,SPY,295912.0014773832
2018-10-26,174.0662806735345,33426.2639465332,33600.33022720674,1,SPY,290707.6929454951
2018-10-29,174.0662806735345,33241.0676574707,33415.13393814424,1,SPY,289097.0437260208
2018-10-30,174.0662806735345,33733.662658691406,33907.72893936494,1,SPY,293381.13472076703
2018-10-31,174.0662806735345,34093.96469116211,34268.030971835644,1,SPY,296514.675842523
2018-11-01,174.0662806735345,34456.788818359375,34630.85509903291,1,SPY,299670.15158253367
2018-11-02,174.0662806735345,34252.70065307617,34426.76693374971,1,SPY,297895.20001206023
2018-11-05,174.0662806735345,34441.667083740234,34615.73336441377,1,SPY,299538.6380938741
2018-11-06,174.0662806735345,34659.6116027832,34833.67788345674,1,SPY,301434.09815553227
2018-11-07,174.0662806735345,35401.636138916016,35575.70241958955,1,SPY,307887.4739008193
2018-11-08,174.0662806735345,35337.383392333984,35511.44967300752,1,SPY,307328.668772189
2018-11-09,174.0662806735345,34992.19226074219,35166.25854141572,1,SPY,304326.5469182238
2018-11-12,174.0662806735345,34338.35870361328,34512.424984286816,1,SPY,298640.1667332494
2018-11-13,174.0662806735345,34274.116790771484,34448.18307144502,1,SPY,298081.45582548785
2018-11-14,174.0662806735345,34039.79382324219,34213.86010391572,1,SPY,296043.5526543903
2018-11-15,174.0662806735345,34395.05599975586,34569.122280429394,1,SPY,299133.2622279843
2018-11-16,174.0662806735345,34484.50802612305,34658.57430679658,1,SPY,299911.22509742435
2018-11-19,174.0662806735345,33901.221618652344,34075.28789932588,1,SPY,294838.3923658483
2018-11-20,174.0662806735345,33273.8310546875,33447.897335361034,1,SPY,289381.9864774209
2018-11-21,174.0662806735345,33387.219146728516,33561.28542740205,1,SPY,290368.1209343695
2018-11-22,174.0662806735345,33387.219146728516,33561.28542740205,1,SPY,290368.1209343695
2018-11-23,174.0662806735345,33164.22610473633,33338.29238540986,1,SPY,288428.7539478544
2018-11-26,174.0662806735345,33699.64904785156,33873.7153285251,1,SPY,293085.3188811083
2018-11-27,174.0662806735345,33813.02847290039,33987.094753573925,1,SPY,294071.3779613619
2018-11-28,174.0662806735345,34591.58004760742,34765.64632828096,1,SPY,300842.42878786736
2018-11-29,174.0662806735345,34516.00604248047,34690.072323154,1,SPY,300185.16285134957
2018-11-30,174.0662806735345,34726.3821105957,34900.44839126924,1,SPY,302014.8002140698
2018-12-03,0.0,35186.20721435547,35186.20721435547,1,SPY,306013.89192489465
2018-12-04,0.0,34046.0947265625,34046.0947265625,1,SPY,296098.3515116796
2018-12-05,0.0,34046.0947265625,34046.0947265625,1,SPY,296098.3515116796
2018-12-06,0.0,33994.439453125,33994.439453125,1,SPY,295649.1064092803
2018-12-07,0.0,33204.54928588867,33204.54928588867,1,SPY,288779.4440214974
2018-12-10,0.0,33267.538818359375,33267.538818359375,1,SPY,289327.2629968266
2018-12-11,0.0,33275.09210205078,33275.09210205078,1,SPY,289392.9537865482
2018-12-12,0.0,33442.640228271484,33442.640228271484,1,SPY,290850.11721076077
2018-12-13,0.0,33431.310302734375,33431.310302734375,1,SPY,290751.5810261783
2018-12-14,0.0,32814.01028442383,32814.01028442383,1,SPY,285382.93245494354
2018-12-17,31537.70671701201,0.0,31537.70671701201,0,None,279784.139989598
2018-12-18,30922.16824341496,0.0,30922.16824341496,0,None,279477.3379966382
2018-12-19,30306.629769817908,0.0,30306.629769817908,0,None,275291.97162821196
2018-12-20,29691.091296220857,0.0,29691.091296220857,0,None,270810.8082643008
2018-12-21,29075.552822623806,0.0,29075.552822623806,0,None,265262.0093919362
2018-12-24,28460.014349026755,0.0,28460.014349026755,0,None,258253.0697159052
2018-12-25,27844.475875429704,0.0,27844.475875429704,0,None,258253.0697159052
2018-12-26,27228.937401832653,0.0,27228.937401832653,0,None,271301.1713538408
2018-12-27,26613.3989282356,0.0,26613.3989282356,0,None,273384.0367235258
2018-12-28,25997.86045463855,0.0,25997.86045463855,0,None,273031.4433883332
2018-12-31,25382.3219810415,0.0,25382.3219810415,0,None,275422.88210331125
2019-01-01,25382.3219810415,0.0,25382.3219810415,0,None,275422.88210331125
2019-01-02,25382.3219810415,0.0,25382.3219810415,0,None,275709.42660948087
2019-01-03,25382.3219810415,0.0,25382.3219810415,0,None,269130.1906276617
2019-01-04,25382.3219810415,0.0,25382.3219810415,0,None,278144.9795352273
2019-01-07,25382.3219810415,0.0,25382.3219810415,0,None,280337.98910052987
2019-01-08,25382.3219810415,0.0,25382.3219810415,0,None,282971.876955083
2019-01-09,25382.3219810415,0.0,25382.3219810415,0,None,284294.3610694445
2019-01-10,25382.3219810415,0.0,25382.3219810415,0,None,285297.1349318218
2019-01-11,25382.3219810415,0.0,25382.3219810415,0,None,285407.41103665566
2019-01-14,25382.3219810415,0.0,25382.3219810415,0,None,283666.15284886217
2019-01-15,25382.3219810415,0.0,25382.3219810415,0,None,286917.22508234903
2019-01-16,25382.3219810415,0.0,25382.3219810415,0,None,287611.46328778064
2019-01-17,25382.3219810415,0.0,25382.3219810415,0,None,289793.5432323034
2019-01-18,25382.3219810415,0.0,25382.3219810415,0,None,293650.6064055115
2019-01-21,25382.3219810415,0.0,25382.3219810415,0,None,293650.6064055115
2019-01-22,25382.3219810415,0.0,25382.3219810415,0,None,289683.2859716433
2019-01-23,25382.3219810415,0.0,25382.3219810415,0,None,290289.4465089283
2019-01-24,25382.3219810415,0.0,25382.3219810415,0,None,290443.648382793
2019-01-25,25382.3219810415,0.0,25382.3219810415,0,None,292901.2866801842
2019-01-28,25382.3219810415,0.0,25382.3219810415,0,None,290675.22443410946
2019-01-29,25382.3219810415,0.0,25382.3219810415,0,None,290289.4465089283
2019-01-30,25382.3219810415,0.0,25382.3219810415,0,None,294884.9374750315
2019-01-31,25382.3219810415,0.0,25382.3219810415,0,None,297474.76765133755
2019-02-01,25382.3219810415,0.0,25382.3219810415,0,None,297618.05874859606
2019-02-04,25382.3219810415,0.0,25382.3219810415,0,None,299711.89142740844
2019-02-05,25382.3219810415,0.0,25382.3219810415,0,None,300968.15711518313
2019-02-06,25382.3219810415,0.0,25382.3219810415,0,None,300571.4872575697
2019-02-07,25382.3219810415,0.0,25382.3219810415,0,None,297706.2306376114
2019-02-08,25382.3219810415,0.0,25382.3219810415,0,None,298069.8478144527
2019-02-11,25382.3219810415,0.0,25382.3219810415,0,None,298235.22428335604
2019-02-12,25382.3219810415,0.0,25382.3219810415,0,None,302070.25861744065
2019-02-13,25382.3219810415,0.0,25382.3219810415,0,None,303051.06017321564
2019-02-14,25382.3219810415,0.0,25382.3219810415,0,None,302378.83196273376
2019-02-15,11.563297970362328,25358.07964324951,25369.642941219874,1,VNQ,305674.0184069889
2019-02-18,11.563297970362328,25358.07964324951,25369.642941219874,1,VNQ,305674.0184069889
2019-02-19,11.563297970362328,25352.1187210083,25363.682018978663,1,VNQ,306202.95552021224
2019-02-20,11.563297970362328,25194.17236328125,25205.735661251612,1,VNQ,306820.08336662466
2019-02-21,11.563297970362328,25218.011531829834,25229.574829800196,1,VNQ,305729.0999268846
2019-02-22,11.563297970362328,25367.030067443848,25378.59336541421,1,VNQ,307624.57883271645
2019-02-25,11.563297970362328,25167.34972000122,25178.913017971583,1,VNQ,308043.3529061485
2019-02-26,11.563297970362328,25089.875812530518,25101.43911050088,1,VNQ,307822.97029404447
2019-02-27,11.563297970362328,24964.696445465088,24976.25974343545,1,VNQ,307690.74072678207
2019-02-28,11.563297970362328,25030.26357650757,25041.82687447793,1,VNQ,307117.5951819216
2019-03-01,11.563297970362328,24952.783641815186,24964.346939785548,1,VNQ,309035.2725244409
2019-03-04,11.563297970362328,25066.029109954834,25077.592407925196,1,VNQ,307911.21755975485
2019-03-05,11.563297970362328,25134.56916809082,25146.132466061183,1,VNQ,307492.40579797537
2019-03-06,11.563297970362328,25018.341732025146,25029.90502999551,1,VNQ,305629.90419622057
2019-03-07,11.563297970362328,24964.696445465088,24976.25974343545,1,VNQ,303073.1455448604
2019-03-08,11.563297970362328,24991.525115966797,25003.08841393716,1,VNQ,302466.9473192278
2019-03-11,11.563297970362328,25358.07964324951,25369.642941219874,1,VNQ,306853.23026826564
2019-03-12,11.563297970362328,25474.305572509766,25485.868870480128,1,VNQ,308010.3944462451
2019-03-13,11.563297970362328,25599.475898742676,25611.039196713038,1,VNQ,310049.051384293
2019-03-14,11.563297970362328,25638.215866088867,25649.77916405923,1,VNQ,309850.6033904437
2019-03-15,11.563297970362328,25557.75245666504,25569.3157546354,1,VNQ,311381.52291074645
2019-03-18,11.563297970362328,25429.610710144043,25441.174008114405,1,VNQ,312510.51504895714
2019-03-19,11.563297970362328,25352.1187210083,25363.682018978663,1,VNQ,312588.05882397277
2019-03-20,11.563297970362328,25429.610710144043,25441.174008114405,1,VNQ,311647.28229326056
2019-03-21,11.563297970362328,25882.589569091797,25894.15286706216,1,VNQ,315167.26088627917
2019-03-22,11.563297970362328,25694.84462738037,25706.407925350733,1,VNQ,309101.2836651164
2019-03-25,11.563297970362328,25727.617645263672,25739.180943234034,1,VNQ,308868.89731432835
2019-03-26,11.563297970362328,25933.24836730957,25944.811665279933,1,VNQ,311171.1653990819
2019-03-27,11.563297970362328,25858.739852905273,25870.303150875636,1,VNQ,309544.14059261157
2019-03-28,11.563297970362328,26109.668159484863,26121.231457455226,1,VNQ,310717.4353833282
2019-03-29,11.563297970362328,26085.65269470215,26097.21599267251,1,VNQ,312676.73950567964
2019-04-01,11.563297970362328,26070.644912719727,26082.20821069009,1,VNQ,316384.7075761116
2019-04-02,11.563297970362328,26253.745880126953,26265.309178097315,1,VNQ,316539.6820611003
2019-04-03,11.563297970362328,26223.73031616211,26235.29361413247,1,VNQ,317037.7335735337
2019-04-04,11.563297970362328,26181.70249938965,26193.26579736001,1,VNQ,317879.0128668018
2019-04-05,11.563297970362328,26364.794425964355,26376.357723934718,1,VNQ,319417.79040756176
2019-04-08,11.563297970362328,26217.7091217041,26229.272419674464,1,VNQ,319661.1063791297
2019-04-09,11.563297970362328,26079.64656829834,26091.209866268702,1,VNQ,318022.9069776206
2019-04-10,11.563297970362328,26319.76806640625,26331.331364376612,1,VNQ,319107.7660608893
2019-04-11,11.563297970362328,26301.761741638184,26313.325039608546,1,VNQ,319019.1607558775
2019-04-12,11.563297970362328,26427.827110290527,26439.39040826089,1,VNQ,321177.6854832023
2019-04-15,11.563297970362328,26292.75405883789,26304.317356808253,1,VNQ,320967.27143901645
2019-04-16,11.563297970362328,25698.466987609863,25710.030285580226,1,VNQ,321177.6854832023
2019-04-17,11.563297970362328,25464.35161590576,25475.914913876124,1,VNQ,320391.7326840887
2019-04-18,11.563297970362328,25659.443740844727,25671.00703881509,1,VNQ,321022.71099821356
2019-04-19,11.563297970362328,25659.443740844727,25671.00703881509,1,VNQ,321022.71099821356
2019-04-22,11.563297970362328,25377.315521240234,25388.878819210597,1,VNQ,321299.3057806387
2019-04-23,11.563297970362328,25713.474769592285,25725.038067562647,1,VNQ,324188.41912457504
2019-04-24,11.563297970362328,25902.56378173828,25914.127079708644,1,VNQ,323469.023947176
2019-04-25,11.563297970362328,25848.538780212402,25860.102078182765,1,VNQ,323269.7279655076
2019-04-26,11.563297970362328,26052.62954711914,26064.192845089503,1,VNQ,324775.0382536727
2019-04-29,11.563297970362328,25797.50629425049,25809.06959222085,1,VNQ,325284.1324519285
2019-04-30,11.563297970362328,26043.633918762207,26055.19721673257,1,VNQ,325450.22499943466
2019-05-01,11.563297970362328,26064.647827148438,26076.2111251188,1,VNQ,323003.98742716725
2019-05-02,11.563297970362328,26091.658821105957,26103.22211907632,1,VNQ,322306.56455637043
2019-05-03,11.563297970362328,26313.7589263916,26325.322224361964,1,VNQ,325461.2676852571
2019-05-06,11.563297970362328,26229.73041534424,26241.2937133146,1,VNQ,324122.0122562506
2019-05-07,11.563297970362328,25755.490531921387,25767.05382989175,1,VNQ,318709.2494742475
2019-05-08,11.563297970362328,25728.485565185547,25740.04886315591,1,VNQ,318266.4867676212
2019-05-09,11.563297970362328,25794.513778686523,25806.077076656886,1,VNQ,317303.5118002216
2019-05-10,11.563297970362328,26070.644912719727,26082.20821069009,1,VNQ,318897.5027700935
2019-05-13,11.563297970362328,26043.633918762207,26055.19721673257,1,VNQ,310883.56561918184
2019-05-14,11.563297970362328,26139.668655395508,26151.23195336587,1,VNQ,313694.9655905387
2019-05-15,11.563297970362328,26316.763496398926,26328.326794369288,1,VNQ,315532.3855970211
2019-05-16,11.563297970362328,26421.81495666504,26433.3782546354,1,VNQ,318454.6646867721
2019-05-17,11.563297970362328,26370.794525146484,26382.357823116847,1,VNQ,316395.7879502815
2019-05-20,11.563297970362328,25989.614944458008,26001.17824242837,1,VNQ,314303.85853301873
2019-05-21,11.563297970362328,26211.718063354492,26223.281361324855,1,VNQ,317137.45694106293
2019-05-22,11.563297970362328,26289.758529663086,26301.32182763345,1,VNQ,316163.43928784097
2019-05-23,11.563297970362328,26349.789657592773,26361.352955563136,1,VNQ,312300.32713485643
2019-05-24,11.563297970362328,26430.819625854492,26442.382923824855,1,VNQ,313008.7173147806
2019-05-27,11.563297970362328,26430.819625854492,26442.382923824855,1,VNQ,313008.7173147806
2019-05-28,11.563297970362328,26169.69326019287,26181.256558163233,1,VNQ,310097.57513172075
2019-05-29,11.563297970362328,25821.530799865723,25833.094097836085,1,VNQ,308016.5188027166
2019-05-30,11.563297970362328,25929.58381652832,25941.147114498683,1,VNQ,308857.8734726797
2019-05-31,11.563297970362328,26079.64656829834,26091.209866268702,1,VNQ,304695.8927238876
2019-06-03,11.563297970362328,26142.68527984619,26154.248577816554,1,VNQ,303921.0579872915
2019-06-04,11.563297970362328,26025.62759399414,26037.190891964503,1,VNQ,310518.1770900073
2019-06-05,11.563297970362328,26568.888206481934,26580.451504452296,1,VNQ,313207.9944522752
2019-06-06,11.563297970362328,26619.917678833008,26631.48097680337,1,VNQ,315244.710440426
2019-06-07,11.563297970362328,26718.959999084473,26730.523297054835,1,VNQ,318399.26281592256
2019-06-10,11.563297970362328,26631.923904418945,26643.487202389308,1,VNQ,319860.40236079803
2019-06-11,11.563297970362328,26703.95824432373,26715.521542294093,1,VNQ,319782.87742995616
2019-06-12,11.563297970362328,26793.995895385742,26805.559193356105,1,VNQ,319218.49442589335
2019-06-13,11.563297970362328,26908.05202484131,26919.61532281167,1,VNQ,320535.6267949075
2019-06-14,11.563297970362328,26923.06583404541,26934.629132015772,1,VNQ,320181.39401659794
2019-06-17,11.563297970362328,27211.20018005371,27222.763478024073,1,VNQ,320303.2027557719
2019-06-18,11.563297970362328,27184.18918609619,27195.752484066554,1,VNQ,323657.1264896319
2019-06-19,11.563297970362328,27331.256408691406,27342.81970666177,1,VNQ,324387.60204120085
2019-06-20,11.563297970362328,27469.328002929688,27480.89130090005,1,VNQ,327487.0163642805
2019-06-21,11.563297970362328,27082.142295837402,27093.705593807765,1,VNQ,327010.8240934068
2019-06-24,11.563297970362328,26989.100074768066,27000.66337273843,1,VNQ,326610.46077773673
2019-06-25,11.563297970362328,26589.905128479004,26601.468426449366,1,VNQ,323407.1396805535
2019-06-26,11.563297970362328,26058.64471435547,26070.20801232583,1,VNQ,323084.52742581046
2019-06-27,11.563297970362328,26394.098777770996,26405.66207574136,1,VNQ,324230.14012527606
2019-06-28,11.563297970362328,26485.010375976562,26496.573673946925,1,VNQ,325898.6409581885
2019-07-01,11.563297970362328,26472.88360595703,26484.446903927394,1,VNQ,328857.28930329316
2019-07-02,11.563297970362328,26933.49895477295,26945.06225274331,1,VNQ,329713.7570006105
2019-07-03,11.563297970362328,27254.710693359375,27266.273991329737,1,VNQ,332349.8307793196
2019-07-04,11.563297970362328,27254.710693359375,27266.273991329737,1,VNQ,332349.8307793196
2019-07-05,11.563297970362328,27157.738723754883,27169.302021725245,1,VNQ,331971.74127703195
2019-07-08,11.563297970362328,27254.710693359375,27266.273991329737,1,VNQ,330147.5121921804
2019-07-09,11.563297970362328,27345.62229156494,27357.185589535304,1,VNQ,330559.14432375797
2019-07-10,11.563297970362328,27503.19797515869,27514.761273129054,1,VNQ,332138.5122147934
2019-07-11,11.563297970362328,27145.61798095703,27157.181278927394,1,VNQ,332917.00272109866
2019-07-12,11.563297970362328,27109.258766174316,27120.82206414468,1,VNQ,334407.5391770372
2019-07-15,11.563297970362328,27088.045959472656,27099.60925744302,1,VNQ,334518.682113864
2019-07-16,11.563297970362328,27024.410552978516,27035.973850948878,1,VNQ,333439.8908545456
2019-07-17,11.563297970362328,26933.49895477295,26945.06225274331,1,VNQ,331170.82620395423
2019-07-18,11.563297970362328,26933.49895477295,26945.06225274331,1,VNQ,332383.1849668719
2019-07-19,11.563297970362328,26494.10545349121,26505.668751461573,1,VNQ,330536.79513368057
2019-07-22,11.563297970362328,26469.857940673828,26481.42123864419,1,VNQ,331348.79058092815
2019-07-23,11.563297970362328,26769.859886169434,26781.423184139796,1,VNQ,333717.9177941764
2019-07-24,11.563297970362328,26791.072692871094,26802.635990841456,1,VNQ,335286.39375277946
2019-07-25,11.563297970362328,26633.484954833984,26645.048252804347,1,VNQ,333684.6012949716
2019-07-26,11.563297970362328,26754.71347808838,26766.27677605874,1,VNQ,335920.31175801065
2019-07-29,11.563297970362328,26827.43793487549,26839.00123284585,1,VNQ,335308.5168127718
2019-07-30,11.563297970362328,27042.588653564453,27054.151951534815,1,VNQ,334485.4409913543
2019-07-31,11.563297970362328,26936.530647277832,26948.093945248194,1,VNQ,330826.12857756636
2019-08-01,11.563297970362328,26936.530647277832,26948.093945248194,1,VNQ,327945.2312933887
2019-08-02,11.563297970362328,27066.827125549316,27078.39042351968,1,VNQ,325475.9661407886
2019-08-05,11.563297970362328,26533.49636077881,26545.05965874917,1,VNQ,315687.75580965873
2019-08-06,11.563297970362328,26827.43793487549,26839.00123284585,1,VNQ,320114.7610181884
2019-08-07,11.563297970362328,27088.045959472656,27099.60925744302,1,VNQ,320303.91883437475
2019-08-08,11.563297970362328,27563.80771636963,27575.37101433999,1,VNQ,326588.18696435436
2019-08-09,11.563297970362328,27530.474166870117,27542.03746484048,1,VNQ,324363.63225218025
2019-08-12,11.563297970362328,27457.749710083008,27469.31300805337,1,VNQ,320415.09945954906
2019-08-13,11.563297970362328,27497.134590148926,27508.697888119288,1,VNQ,325398.06432647153
2019-08-14,11.563297970362328,27078.950881958008,27090.51417992837,1,VNQ,315776.71915397194
2019-08-15,11.563297970362328,27348.650970458984,27360.214268429347,1,VNQ,316611.02610294946
2019-08-16,11.563297970362328,27630.468788146973,27642.032086117335,1,VNQ,321282.68521938386
2019-08-19,11.563297970362328,27830.470085144043,27842.033383114405,1,VNQ,325153.3538860455
2019-08-20,11.563297970362328,27633.506507873535,27645.069805843897,1,VNQ,322661.814920063
2019-08-21,11.563297970362328,27748.659591674805,27760.222889645167,1,VNQ,325286.8460129497
2019-08-22,11.563297970362328,27875.921363830566,27887.48466180093,1,VNQ,325186.7457619453
2019-08-23,11.563297970362328,27485.013847351074,27496.577145321437,1,VNQ,316833.5381066881
2019-08-26,11.563297970362328,27697.135887145996,27708.69918511636,1,VNQ,320337.197645232
2019-08-27,11.563297970362328,27618.34503173828,27629.908329708644,1,VNQ,319080.2535672021
2019-08-28,11.563297970362328,27709.256629943848,27720.81992791421,1,VNQ,321327.11978110607
2019-08-29,11.563297970362328,27924.407348632812,27935.970646603175,1,VNQ,325431.45620237134
2019-08-30,11.563297970362328,27945.623168945312,27957.186466915675,1,VNQ,325286.8460129497
2019-09-02,11.563297970362328,27945.623168945312,27957.186466915675,1,VNQ,325286.8460129497
2019-09-03,11.563297970362328,28224.418334960938,28235.9816329313,1,VNQ,323384.82817882363
2019-09-04,11.563297970362328,28460.775833129883,28472.339131100245,1,VNQ,327055.334031824
2019-09-05,11.563297970362328,28254.714164733887,28266.27746270425,1,VNQ,331259.7707040937
2019-09-06,11.563297970362328,28318.358612060547,28329.92191003091,1,VNQ,331515.5992070371
2019-09-09,11.563297970362328,28181.992721557617,28193.55601952798,1,VNQ,331682.5585865362
2019-09-10,11.563297970362328,27891.07982635498,27902.643124325343,1,VNQ,331604.5813955241
2019-09-11,11.563297970362328,27921.37866973877,27932.941967709132,1,VNQ,333962.6282346024
2019-09-12,11.563297970362328,28069.86228942871,28081.425587399073,1,VNQ,335119.47206162795
2019-09-13,11.563297970362328,27769.866371154785,27781.429669125147,1,VNQ,334896.9977462368
2019-09-16,11.563297970362328,28012.284240722656,28023.84753869302,1,VNQ,333862.4902952505
2019-09-17,11.563297970362328,28315.323905944824,28326.887203915187,1,VNQ,334708.0660601355
2019-09-18,11.563297970362328,28218.351936340332,28229.915234310694,1,VNQ,334908.1158087542
2019-09-19,11.563297970362328,28318.358612060547,28329.92191003091,1,VNQ,334885.84199537185
2019-09-20,11.563297970362328,28318.358612060547,28329.92191003091,1,VNQ,333303.5344132301
2019-09-23,11.563297970362328,28363.80687713623,28375.370175106593,1,VNQ,333225.4064688279
2019-09-24,11.563297970362328,28300.888710021973,28312.452007992335,1,VNQ,330610.55122977076
2019-09-25,11.563297970362328,28355.869026184082,28367.432324154444,1,VNQ,332566.048829023
2019-09-26,11.563297970362328,28594.12509918213,28605.68839715249,1,VNQ,331873.22393662325
2019-09-27,11.563297970362328,28435.280685424805,28446.843983395167,1,VNQ,330085.47717216786
2019-09-30,11.563297970362328,28484.15843963623,28495.721737606593,1,VNQ,331616.2270949068
2019-10-01,11.563297970362328,28215.359420776367,28226.92271874673,1,VNQ,327671.76464380743
2019-10-02,11.563297970362328,28096.225357055664,28107.788655026026,1,VNQ,321883.58823219035
2019-10-03,11.563297970362328,28368.08017730713,28379.64347527749,1,VNQ,324520.5288428923
2019-10-04,11.563297970362328,28539.14176940918,28550.705067379542,1,VNQ,328912.05047223496
2019-10-07,11.563297970362328,28478.052864074707,28489.61616204507,1,VNQ,327493.0088115356
2019-10-08,11.563297970362328,28328.369827270508,28339.93312524087,1,VNQ,322408.6999781407
2019-10-09,11.563297970362328,28383.356170654297,28394.91946862466,1,VNQ,325470.46364205115
2019-10-10,11.563297970362328,28429.1841506958,28440.747448666163,1,VNQ,327671.76464380743
2019-10-11,11.563297970362328,28416.954917907715,28428.518215878077,1,VNQ,331068.69078218396
2019-10-14,11.563297970362328,28429.1841506958,28440.747448666163,1,VNQ,330699.9479900804
2019-10-15,11.563297970362328,28465.83267211914,28477.395970089503,1,VNQ,333974.0854922475
2019-10-16,11.563297970362328,28468.888473510742,28480.451771481105,1,VNQ,333437.62955369457
2019-10-17,11.563297970362328,28655.22003173828,28666.783329708644,1,VNQ,334420.99391710066
2019-10-18,11.563297970362328,28875.153350830078,28886.71664880044,1,VNQ,332957.1784995515
2019-10-21,11.563297970362328,29095.077629089355,29106.640927059718,1,VNQ,335214.29594398
2019-10-22,11.563297970362328,29009.55135345459,29021.114651424952,1,VNQ,334119.3363835769
2019-10-23,11.563297970362328,29073.699073791504,29085.262371761866,1,VNQ,335091.4319310755
2019-10-24,11.563297970362328,29000.396003723145,29011.959301693507,1,VNQ,335639.00593214587
2019-10-25,11.563297970362328,28752.957458496094,28764.520756466456,1,VNQ,337013.3869010379
2019-10-28,11.563297970362328,28578.84609222412,28590.409390194483,1,VNQ,338913.0303692704
2019-10-29,11.563297970362328,28752.957458496094,28764.520756466456,1,VNQ,338812.40248140076
2019-10-30,11.563297970362328,28856.82155609131,28868.38485406167,1,VNQ,339851.6586641742
2019-10-31,11.563297970362328,28804.89101409912,28816.454312069483,1,VNQ,338946.49762186524
2019-11-01,11.563297970362328,28798.782424926758,28810.34572289712,1,VNQ,342086.4646068728
2019-11-04,11.563297970362328,28597.17788696289,28608.741184933253,1,VNQ,343460.8078874173
2019-11-05,11.563297970362328,28111.498336791992,28123.061634762355,1,VNQ,343081.0224094914
2019-11-06,11.563297970362328,28172.590255737305,28184.153553707667,1,VNQ,343159.2634189361
2019-11-07,11.563297970362328,27891.568031311035,27903.131329281397,1,VNQ,344366.0066180738
2019-11-08,11.563297970362328,27824.36149597168,27835.924793942042,1,VNQ,345215.27584101545
2019-11-11,11.563297970362328,27885.459442138672,27897.022740109034,1,VNQ,344555.9182012105
2019-11-12,11.563297970362328,27674.69051361084,27686.253811581202,1,VNQ,345282.3610995952
2019-11-13,11.563297970362328,27928.216552734375,27939.779850704737,1,VNQ,345394.0316732872
2019-11-14,11.563297970362328,28145.10009765625,28156.663395626612,1,VNQ,345896.86960585526
2019-11-15,11.563297970362328,28297.82688140869,28309.390179379054,1,VNQ,348399.9412061779
2019-11-18,11.563297970362328,28435.280685424805,28446.843983395167,1,VNQ,348656.8626711993
2019-11-19,11.563297970362328,28484.15843963623,28495.721737606593,1,VNQ,348556.38553671975
2019-11-20,11.563297970362328,28468.888473510742,28480.451771481105,1,VNQ,347260.17020057735
2019-11-21,11.563297970362328,28068.72917175293,28080.292469723292,1,VNQ,346701.4781369896
2019-11-22,11.563297970362328,27964.880142211914,27976.443440182276,1,VNQ,347472.468662139
2019-11-25,11.563297970362328,28053.45920562744,28065.022503597804,1,VNQ,350165.41415725084
2019-11-26,11.563297970362328,28426.11930847168,28437.682606442042,1,VNQ,350958.7161841302
2019-11-27,11.563297970362328,28560.52032470703,28572.083622677394,1,VNQ,352523.234866244
2019-11-28,11.563297970362328,28560.52032470703,28572.083622677394,1,VNQ,352523.234866244
2019-11-29,11.563297970362328,28429.1841506958,28440.747448666163,1,VNQ,351215.75071419415
2019-12-02,11.563297970362328,27998.475875854492,28010.039173824855,1,VNQ,348232.22805972846
2019-12-03,11.563297970362328,28178.698844909668,28190.26214288003,1,VNQ,345896.86960585526
2019-12-04,11.563297970362328,28294.77108001709,28306.334377987452,1,VNQ,348031.1230373793
2019-12-05,11.563297970362328,28310.044059753418,28321.60735772378,1,VNQ,348656.8626711993
2019-12-06,11.563297970362328,28368.08017730713,28379.64347527749,1,VNQ,351841.5280363617
2019-12-09,11.563297970362328,28423.069534301758,28434.63283227212,1,VNQ,350735.29966005107
2019-12-10,11.563297970362328,28258.11954498291,28269.682842953272,1,VNQ,350344.1323011751
2019-12-11,11.563297970362328,27970.985717773438,27982.5490157438,1,VNQ,351338.6901037937
2019-12-12,11.563297970362328,27592.220039367676,27603.783337338038,1,VNQ,354366.94882676174
2019-12-13,11.563297970362328,27598.32260131836,27609.88589928872,1,VNQ,354579.24728832336
2019-12-16,0.0,27752.4287109375,27752.4287109375,1,SPY,357015.2713184137
2019-12-17,0.0,27758.5048828125,27758.5048828125,1,SPY,357093.4369511634
2019-12-18,0.0,27760.2392578125,27760.2392578125,1,SPY,357115.7484528933
2019-12-19,0.0,27874.0341796875,27874.0341796875,1,SPY,358579.63924713753
2019-12-20,0.0,27996.234375,27996.234375,1,SPY,360151.65791040723
2019-12-23,0.0,28039.0048828125,28039.0048828125,1,SPY,360701.87009580375
2019-12-24,0.0,28039.8779296875,28039.8779296875,1,SPY,360713.1012233637
2019-12-25,0.0,28039.8779296875,28039.8779296875,1,SPY,360713.1012233637
2019-12-26,0.0,28189.1396484375,28189.1396484375,1,SPY,362633.2471526453
2019-12-27,0.0,28182.1640625,28182.1640625,1,SPY,362543.511197208
2019-12-30,0.0,28026.7939453125,28026.7939453125,1,SPY,360544.78506335407
2019-12-31,0.0,28094.876953125,28094.876953125,1,SPY,361420.624571295
2020-01-01,0.0,28094.876953125,28094.876953125,1,SPY,361420.624571295
2020-01-02,0.0,28357.6171875,28357.6171875,1,SPY,364800.590953289
2020-01-03,0.0,28142.8828125,28142.8828125,1,SPY,362038.1858337039
2020-01-06,0.0,28250.244140625,28250.244140625,1,SPY,363419.31301680143
2020-01-07,0.0,28170.8115234375,28170.8115234375,1,SPY,362397.46885058074
2020-01-08,0.0,28320.9462890625,28320.9462890625,1,SPY,364328.8459074223
2020-01-09,0.0,28512.990234375,28512.990234375,1,SPY,366799.3547754905
2020-01-10,0.0,28430.9296875,28430.9296875,1,SPY,365743.7041615473
2020-01-13,0.0,28626.4599609375,28626.4599609375,1,SPY,368259.06216316036
2020-01-14,0.0,28582.8193359375,28582.8193359375,1,SPY,367697.6565385514
2020-01-15,0.0,28647.4072265625,28647.4072265625,1,SPY,368528.5338479049
2020-01-16,0.0,28885.7080078125,28885.7080078125,1,SPY,371594.10403491446
2020-01-17,0.0,28975.6201171875,28975.6201171875,1,SPY,372750.7594202024
2020-01-20,0.0,28975.6201171875,28975.6201171875,1,SPY,372750.7594202024
2020-01-21,0.0,28918.880859375,28918.880859375,1,SPY,372020.8491938462
2020-01-22,0.0,28922.373046875,28922.373046875,1,SPY,372065.77370408614
2020-01-23,0.0,28955.5458984375,28955.5458984375,1,SPY,372492.5188630179
2020-01-24,0.0,28698.03515625,28698.03515625,1,SPY,369179.8261813412
2020-01-27,0.0,28238.0244140625,28238.0244140625,1,SPY,363262.1149193092
2020-01-28,0.0,28533.9404296875,28533.9404296875,1,SPY,367068.8641485825
2020-01-29,0.0,28510.3623046875,28510.3623046875,1,SPY,366765.548327768
2020-01-30,0.0,28602.884765625,28602.884765625,1,SPY,367955.78403069335
2020-01-31,0.0,28083.515625,28083.515625,1,SPY,361274.4691596252
2020-02-03,0.0,28292.1416015625,28292.1416015625,1,SPY,363958.294074638
2020-02-04,0.0,28723.353515625,28723.353515625,1,SPY,369505.5288805807
2020-02-05,0.0,29055.0439453125,29055.0439453125,1,SPY,373772.49052138056
2020-02-06,0.0,29152.810546875,29152.810546875,1,SPY,375030.18836636085
2020-02-07,0.0,28997.4375,28997.4375,1,SPY,373031.4245441594
2020-02-10,0.0,29213.9150390625,29213.9150390625,1,SPY,375816.25423051696
2020-02-11,0.0,29264.5546875,29264.5546875,1,SPY,376467.6973173434
2020-02-12,0.0,29453.0888671875,29453.0888671875,1,SPY,378893.05554508656
2020-02-13,0.0,29421.6591796875,29421.6591796875,1,SPY,378488.7349529272
2020-02-14,0.0,29468.80078125,29468.80078125,1,SPY,379095.1781528187
2020-02-17,0.0,29468.80078125,29468.80078125,1,SPY,379095.1781528187
2020-02-18,0.0,29392.86328125,29392.86328125,1,SPY,378118.29618518543
2020-02-19,0.0,29533.3857421875,29533.3857421875,1,SPY,379926.0177738247
2020-02-20,0.0,29412.0673828125,29412.0673828125,1,SPY,378365.3433031575
2020-02-21,0.0,29109.1669921875,29109.1669921875,1,SPY,374468.74505340436
2020-02-24,0.0,28143.755859375,28143.755859375,1,SPY,362049.41696126387
2020-02-25,0.0,27290.9384765625,27290.9384765625,1,SPY,351078.5274408858
2020-02-26,0.0,27190.5556640625,27190.5556640625,1,SPY,349787.17390157306
2020-02-27,0.0,25969.3798828125,25969.3798828125,1,SPY,334077.6153828759
2020-02-28,0.0,25860.2666015625,25860.2666015625,1,SPY,332673.95056796336
2020-03-02,0.0,26980.1865234375,26980.1865234375,1,SPY,347080.9244197879
2020-03-03,0.0,26207.6748046875,26207.6748046875,1,SPY,337143.11019319046
2020-03-04,0.0,27309.2578125,27309.2578125,1,SPY,351314.1926779078
2020-03-05,0.0,26401.4560546875,26401.4560546875,1,SPY,339635.968251336
2020-03-06,0.0,25965.0146484375,25965.0146484375,1,SPY,334021.459745076
2020-03-09,0.0,23937.298828125,23937.298828125,1,SPY,307936.33684337477
2020-03-10,0.0,25175.923828125,25175.923828125,1,SPY,323870.36715988145
2020-03-11,0.0,23948.63232421875,23948.63232421875,1,SPY,308082.13421574316
2020-03-12,0.0,21657.298828125,21657.298828125,1,SPY,278605.7572719666
2020-03-13,0.0,23508.708984375,23508.708984375,1,SPY,302422.8331084595
2020-03-16,20925.225196241397,0.0,20925.225196241397,0,None,269330.5041947131
2020-03-17,20925.225196241397,0.0,20925.225196241397,0,None,283872.195044736
2020-03-18,20925.225196241397,0.0,20925.225196241397,0,None,269498.9145755915
2020-03-19,20925.225196241397,0.0,20925.225196241397,0,None,270071.6455486292
2020-03-20,20925.225196241397,0.0,20925.225196241397,0,None,258433.10695199255
2020-03-23,20925.225196241397,0.0,20925.225196241397,0,None,251825.4162677983
2020-03-24,20925.225196241397,0.0,20925.225196241397,0,None,274641.62150346354
2020-03-25,20925.225196241397,0.0,20925.225196241397,0,None,278753.118710757
2020-03-26,20925.225196241397,0.0,20925.225196241397,0,None,295029.41575523675
2020-03-27,20925.225196241397,0.0,20925.225196241397,0,None,286241.73682980693
2020-03-30,20925.225196241397,0.0,20925.225196241397,0,None,295537.69965402095
2020-03-31,20925.225196241397,0.0,20925.225196241397,0,None,291132.53484287724
2020-04-01,20925.225196241397,0.0,20925.225196241397,0,None,278030.1996728651
2020-04-02,20925.225196241397,0.0,20925.225196241397,0,None,284445.8305381142
2020-04-03,20925.225196241397,0.0,20925.225196241397,0,None,280334.35217499454
2020-04-06,20925.225196241397,0.0,20925.225196241397,0,None,299163.3752176502
2020-04-07,20925.225196241397,0.0,20925.225196241397,0,None,299468.3681699292
2020-04-08,20925.225196241397,0.0,20925.225196241397,0,None,309521.1318564526
2020-04-09,20925.225196241397,0.0,20925.225196241397,0,None,314231.1388664852
2020-04-10,20925.225196241397,0.0,20925.225196241397,0,None,314231.1388664852
2020-04-13,20925.225196241397,0.0,20925.225196241397,0,None,311362.15110012284
2020-04-14,20925.225196241397,0.0,20925.225196241397,0,None,320545.0865701342
2020-04-15,20925.225196241397,0.0,20925.225196241397,0,None,313734.1991603036
2020-04-16,20925.225196241397,0.0,20925.225196241397,0,None,315247.6501315323
2020-04-17,20925.225196241397,0.0,20925.225196241397,0,None,323764.23677327443
2020-04-20,20925.225196241397,0.0,20925.225196241397,0,None,318060.2938183572
2020-04-21,20925.225196241397,0.0,20925.225196241397,0,None,308402.8432089366
2020-04-22,20925.225196241397,0.0,20925.225196241397,0,None,315247.6501315323
2020-04-23,20925.225196241397,0.0,20925.225196241397,0,None,315225.03712302225
2020-04-24,20925.225196241397,0.0,20925.225196241397,0,None,319618.9331182585
2020-04-27,20925.225196241397,0.0,20925.225196241397,0,None,324227.3511875598
2020-04-28,20925.225196241397,0.0,20925.225196241397,0,None,322736.40015979856
2020-04-29,20925.225196241397,0.0,20925.225196241397,0,None,331185.14777601056
2020-04-30,20925.225196241397,0.0,20925.225196241397,0,None,328101.7133122781
2020-05-01,20925.225196241397,0.0,20925.225196241397,0,None,319415.60448340577
2020-05-04,20925.225196241397,0.0,20925.225196241397,0,None,320296.644983304
2020-05-05,20925.225196241397,0.0,20925.225196241397,0,None,323256.047095359
2020-05-06,20925.225196241397,0.0,20925.225196241397,0,None,321064.69581734715
2020-05-07,20925.225196241397,0.0,20925.225196241397,0,None,324938.9825653704
2020-05-08,20925.225196241397,0.0,20925.225196241397,0,None,330315.41378036735
2020-05-11,20925.225196241397,0.0,20925.225196241397,0,None,330383.25280589744
2020-05-12,20925.225196241397,0.0,20925.225196241397,0,None,323798.11859769194
2020-05-13,20925.225196241397,0.0,20925.225196241397,0,None,318071.5249459172
2020-05-14,20925.225196241397,0.0,20925.225196241397,0,None,321878.0480451054
2020-05-15,229.99316404535057,20684.889587402344,20914.882751447694,1,SPY,323357.6548802641
2020-05-18,229.99316404535057,21314.94400024414,21544.93716428949,1,SPY,333207.01455523976
2020-05-19,229.99316404535057,21096.013610839844,21326.006774885194,1,SPY,329784.57340559445
2020-05-20,229.99316404535057,21454.394622802734,21684.387786848085,1,SPY,335386.9839523016
2020-05-21,229.99316404535057,21306.274444580078,21536.26760862543,1,SPY,333071.4872575697
2020-05-22,229.99316404535057,21346.736389160156,21576.729553205507,1,SPY,333704.0107939427
2020-05-25,229.99316404535057,21346.736389160156,21576.729553205507,1,SPY,333704.0107939427
2020-05-26,229.99316404535057,21609.742645263672,21839.735809309022,1,SPY,337815.4703128886
2020-05-27,229.99316404535057,21931.275634765625,22161.268798810976,1,SPY,342841.85215615033
2020-05-28,229.99316404535057,21890.811279296875,22120.804443342226,1,SPY,342209.2909314298
2020-05-29,229.99316404535057,21988.34619140625,22218.3393554516,1,SPY,343734.010718566
2020-06-01,229.99316404535057,22077.226013183594,22307.219177228944,1,SPY,345123.4293381172
2020-06-02,229.99316404535057,22260.026824951172,22490.019988996522,1,SPY,347981.07291187707
2020-06-03,229.99316404535057,22556.269592285156,22786.262756330507,1,SPY,352612.10398968845
2020-06-04,229.99316404535057,22497.00994873047,22727.00311277582,1,SPY,351685.7244077276
2020-06-05,229.99316404535057,23073.60531616211,23303.59848020746,1,SPY,360699.3826648676
2020-06-08,229.99316404535057,23352.506561279297,23582.499725324647,1,SPY,365059.32145899127
2020-06-09,229.99316404535057,23178.377716064453,23408.370880109804,1,SPY,362337.24287124904
2020-06-10,229.99316404535057,23049.03594970703,23279.02911375238,1,SPY,360315.3007153248
2020-06-11,229.99316404535057,21720.286712646484,21950.279876691835,1,SPY,339543.55642322503
2020-06-12,229.99316404535057,21980.39990234375,22210.3930663891,1,SPY,343609.7899251509
2020-06-15,229.99316404535057,22185.60028076172,22415.59344480707,1,SPY,346817.5959356886
2020-06-16,229.99316404535057,22612.626525878906,22842.619689924257,1,SPY,353493.1068012392
2020-06-17,229.99316404535057,22518.693481445312,22748.686645490663,1,SPY,352024.6934052929
2020-06-18,229.99316404535057,22527.36785888672,22757.36102293207,1,SPY,352160.2960796581
2020-06-19,229.99316404535057,22398.626403808594,22628.619567853944,1,SPY,350147.7383222655
2020-06-22,229.99316404535057,22542.320190429688,22772.313354475038,1,SPY,352394.0392109567
2020-06-23,229.99316404535057,22646.094482421875,22876.087646467226,1,SPY,354016.2964414662
2020-06-24,229.99316404535057,22068.421447753906,22298.414611799257,1,SPY,344985.79149298614
2020-06-25,229.99316404535057,22305.009185791016,22535.002349836366,1,SPY,348684.26209984394
2020-06-26,229.99316404535057,21775.230865478516,22005.224029523866,1,SPY,340402.47386313096
2020-06-29,229.99316404535057,22095.269104003906,22325.262268049257,1,SPY,345405.4889309323
2020-06-30,229.99316404535057,22378.300201416016,22608.293365461366,1,SPY,349829.98786435206
2020-07-01,229.99316404535057,22535.05859375,22765.05175779535,1,SPY,352280.5219082364
2020-07-02,229.99316404535057,22659.159088134766,22889.152252180116,1,SPY,354220.5295966593
2020-07-03,229.99316404535057,22659.159088134766,22889.152252180116,1,SPY,354220.5295966593
2020-07-06,229.99316404535057,23008.95733642578,23238.95050047113,1,SPY,359688.76962620695
2020-07-07,229.99316404535057,22771.643920898438,23001.637084943788,1,SPY,355978.95482674666
2020-07-08,229.99316404535057,22945.813751220703,23175.806915266054,1,SPY,358701.67411639664
2020-07-09,229.99316404535057,22815.1845703125,23045.17773435785,1,SPY,356659.6063828985
2020-07-10,229.99316404535057,23048.143920898438,23278.137084943788,1,SPY,360301.3560267436
2020-07-13,229.99316404535057,22848.570556640625,23078.563720685976,1,SPY,357181.51461931
2020-07-14,229.99316404535057,23144.668670654297,23374.661834699647,1,SPY,361810.28439627035
2020-07-15,229.99316404535057,23357.306640625,23587.29980467035,1,SPY,365134.35895889706
2020-07-16,229.99316404535057,23280.372772216797,23510.365936262147,1,SPY,363931.68610129115
2020-07-17,229.99316404535057,23347.863189697266,23577.856353742616,1,SPY,364986.7337016741
2020-07-20,229.99316404535057,23536.556213378906,23766.549377424257,1,SPY,367936.4875967648
2020-07-21,229.99316404535057,23586.635192871094,23816.628356916444,1,SPY,368719.349951382
2020-07-22,229.99316404535057,23720.88070678711,23950.87387083246,1,SPY,370817.95020615525
2020-07-23,229.99316404535057,23437.856842041016,23667.850006086366,1,SPY,366393.564337778
2020-07-24,229.99316404535057,23286.901458740234,23516.894622785585,1,SPY,364033.74614636647
2020-07-27,229.99316404535057,23456.729278564453,23686.722442609804,1,SPY,366688.58872213884
2020-07-28,229.99316404535057,23307.953338623047,23537.946502668397,1,SPY,364362.8407968824
2020-07-29,229.99316404535057,23594.610412597656,23824.603576643007,1,SPY,368844.0230049673
2020-07-30,229.99316404535057,23510.43182373047,23740.42498777582,1,SPY,367528.0966630737
2020-07-31,229.99316404535057,23696.20526123047,23926.19842527582,1,SPY,370432.2099693217
2020-08-03,229.99316404535057,23860.948516845703,24090.941680891054,1,SPY,373007.5678201813
2020-08-04,229.99316404535057,23953.116790771484,24183.109954816835,1,SPY,374448.39334574534
2020-08-05,229.99316404535057,24101.887908935547,24331.881072980897,1,SPY,376774.06589430675
2020-08-06,229.99316404535057,24262.993133544922,24492.986297590272,1,SPY,379292.5520287637
2020-08-07,229.99316404535057,24280.416625976562,24510.409790021913,1,SPY,379564.925716267
2020-08-10,229.99316404535057,24352.989196777344,24582.982360822694,1,SPY,380699.4203532152
2020-08-11,229.99316404535057,24151.964477539062,24381.957641584413,1,SPY,377556.89056057646
2020-08-12,229.99316404535057,24488.705352783203,24718.698516828554,1,SPY,382821.0104999736
2020-08-13,229.99316404535057,24444.42938232422,24674.42254636957,1,SPY,382128.86399782915
2020-08-14,229.99316404535057,24445.159881591797,24675.153045637147,1,SPY,382140.28356712667
2020-08-17,229.99316404535057,24522.809783935547,24752.802947980897,1,SPY,383354.14986394503
2020-08-18,229.99316404535057,24575.786651611328,24805.77981565668,1,SPY,384182.3136122773
2020-08-19,229.99316404535057,24473.456481933594,24703.449645978944,1,SPY,382582.63170193037
2020-08-20,229.99316404535057,24549.657440185547,24779.650604230897,1,SPY,383773.8473018912
2020-08-21,229.99316404535057,24636.75079345703,24866.74395750238,1,SPY,385135.33885593247
2020-08-24,229.99316404535057,24886.398315429688,25116.391479475038,1,SPY,389037.9672412883
2020-08-25,229.99316404535057,24973.479614257812,25203.472778303163,1,SPY,390399.27035359206
2020-08-26,229.99316404535057,25223.852813720703,25453.845977766054,1,SPY,394313.24293155037
2020-08-27,229.99316404535057,25279.004302978516,25508.997467023866,1,SPY,395175.40156934276
2020-08-28,229.99316404535057,25442.29379272461,25672.28695676996,1,SPY,397728.03334664984
2020-08-31,229.99316404535057,25350.123107910156,25580.116271955507,1,SPY,396287.1701327383
2020-09-01,229.99316404535057,25588.885467529297,25818.878631574647,1,SPY,400019.6356290562
2020-09-02,229.99316404535057,25959.000274658203,26188.993438703554,1,SPY,405805.4753631272
2020-09-03,229.99316404535057,25065.64306640625,25295.6362304516,1,SPY,391840.020502461
2020-09-04,229.99316404535057,24860.99237060547,25090.98553465082,1,SPY,388640.8074351572
2020-09-07,229.99316404535057,24860.99237060547,25090.98553465082,1,SPY,388640.8074351572
2020-09-08,229.99316404535057,24181.717254638672,24411.710418684022,1,SPY,378022.00245728024
2020-09-09,229.99316404535057,24659.23956298828,24889.23272703363,1,SPY,385486.8957615684
2020-09-10,229.99316404535057,24231.072967529297,24461.066131574647,1,SPY,378793.5583076424
2020-09-11,229.99316404535057,24243.404663085938,24473.397827131288,1,SPY,378986.3342051904
2020-09-14,229.99316404535057,24562.72445678711,24792.71762083246,1,SPY,383978.11814543174
2020-09-15,229.99316404535057,24686.82012939453,24916.81329343988,1,SPY,385918.05045715964
2020-09-16,229.99316404535057,24588.848846435547,24818.842010480897,1,SPY,384386.50907912286
2020-09-17,229.99316404535057,24372.587310791016,24602.580474836366,1,SPY,381005.78893017856
2020-09-18,229.99316404535057,24091.988800048828,24321.98196409418,1,SPY,376619.31753940316
2020-09-21,229.99316404535057,23823.852172851562,24053.845336896913,1,SPY,372427.65721694165
2020-09-22,229.99316404535057,24066.484008789062,24296.477172834413,1,SPY,376220.6125110238
2020-09-23,229.99316404535057,23508.360870361328,23738.35403440668,1,SPY,367495.7223725568
2020-09-24,229.99316404535057,23571.024688720703,23801.017852766054,1,SPY,368475.31790121127
2020-09-25,229.99316404535057,23952.099395751953,24182.092559797304,1,SPY,374432.48886309325
2020-09-28,229.99316404535057,24349.917724609375,24579.910888654726,1,SPY,380651.40539847885
2020-09-29,229.99316404535057,24217.309204101562,24447.302368146913,1,SPY,378578.3955316695
2020-09-30,229.99316404535057,24400.93212890625,24630.9252929516,1,SPY,381448.89083193254
2020-10-01,229.99316404535057,24557.584442138672,24787.577606184022,1,SPY,383897.76658852614
2020-10-02,229.99316404535057,24324.422576904297,24554.415740949647,1,SPY,380252.8511234896
2020-10-05,229.99316404535057,24755.769134521484,24985.762298566835,1,SPY,386995.89950779016
2020-10-06,229.99316404535057,24403.83966064453,24633.83282468988,1,SPY,381494.3429790377
2020-10-07,229.99316404535057,24828.626190185547,25058.619354230897,1,SPY,388134.84136974526
2020-10-08,229.99316404535057,25048.665588378906,25278.658752424257,1,SPY,391574.6191592483
2020-10-09,229.99316404535057,25272.357482910156,25502.350646955507,1,SPY,395071.4947952392
2020-10-12,229.99316404535057,25678.929748535156,25908.922912580507,1,SPY,401427.257720458
2020-10-13,229.99316404535057,25511.35610961914,25741.34927366449,1,SPY,398807.6537496137
2020-10-14,229.99316404535057,25351.056121826172,25581.049285871522,1,SPY,396301.7555232273
2020-10-15,229.99316404535057,25319.724212646484,25549.717376691835,1,SPY,395811.95775890007
2020-10-16,229.99316404535057,25304.422302246094,25534.415466291444,1,SPY,395572.7498172115
2020-10-19,229.99316404535057,24919.70474243164,25149.69790647699,1,SPY,389558.6317622317
2020-10-20,229.99316404535057,25019.52276611328,25249.51593015863,1,SPY,391119.04241446627
2020-10-21,229.99316404535057,24972.168090820312,25202.161254865663,1,SPY,390378.76789254294
2020-10-22,229.99316404535057,25109.149963378906,25339.143127424257,1,SPY,392520.14442174765
2020-10-23,229.99316404535057,25194.394165039062,25424.387329084413,1,SPY,393852.72901324363
2020-10-26,229.99316404535057,24728.803344726562,24958.796508771913,1,SPY,386574.3553408157
2020-10-27,229.99316404535057,24643.559143066406,24873.552307111757,1,SPY,385241.7707493197
2020-10-28,229.99316404535057,23801.27178955078,24031.26495359613,1,SPY,372074.6681541001
2020-10-29,229.99316404535057,24043.17071533203,24273.16387937738,1,SPY,375856.16619053716
2020-10-30,229.99316404535057,23792.522674560547,24022.515838605897,1,SPY,371937.89714096196
2020-11-02,229.99316404535057,24059.200714111328,24289.19387815668,1,SPY,376106.7560131758
2020-11-03,229.99316404535057,24483.992065429688,24713.985229475038,1,SPY,382747.32978057844
2020-11-04,229.99316404535057,25031.186645507812,25261.179809553163,1,SPY,391301.3786397521
2020-11-05,229.99316404535057,25519.36508178711,25749.35824583246,1,SPY,398932.85444006417
2020-11-06,229.99316404535057,25513.533142089844,25743.526306135194,1,SPY,398841.6863274213
2020-11-09,229.99316404535057,25834.13311767578,26064.12628172113,1,SPY,403853.48278019397
2020-11-10,229.99316404535057,25796.241180419922,26026.234344465272,1,SPY,403261.13502227375
2020-11-11,229.99316404535057,25987.868255615234,26217.861419660585,1,SPY,406256.75563629234
2020-11-12,229.99316404535057,25735.759216308594,25965.752380353944,1,SPY,402315.647448122
2020-11-13,229.99316404535057,26092.066864013672,26322.060028059022,1,SPY,407885.64601596474
2020-11-16,229.99316404535057,26417.75863647461,26647.75180051996,1,SPY,412977.0402586928
2020-11-17,229.99316404535057,26275.677734375,26505.67089842035,1,SPY,410755.95287449023
2020-11-18,229.99316404535057,25959.46075439453,26189.45391843988,1,SPY,405812.6738375029
2020-11-19,229.99316404535057,26068.743927001953,26298.737091047304,1,SPY,407521.04894208803
2020-11-20,229.99316404535057,25890.227264404297,26120.220428449647,1,SPY,404730.3775618654
2020-11-23,229.99316404535057,26045.435455322266,26275.428619367616,1,SPY,407156.67799829645
2020-11-24,229.99316404535057,26465.118133544922,26695.111297590272,1,SPY,413717.3901573111
2020-11-25,229.99316404535057,26424.31866455078,26654.31182859613,1,SPY,413079.59025228577
2020-11-26,229.99316404535057,26424.31866455078,26654.31182859613,1,SPY,413079.59025228577
2020-11-27,229.99316404535057,26497.913452148438,26727.906616193788,1,SPY,414230.064748581
2020-11-30,229.99316404535057,26380.597198486328,26610.59036253168,1,SPY,412396.1120700701
2020-12-01,229.99316404535057,26669.132354736328,26899.12551878168,1,SPY,416906.65350087057
2020-12-02,229.99316404535057,26725.23614501953,26955.22930906488,1,SPY,417783.699035932
2020-12-03,229.99316404535057,26717.950439453125,26947.943603498476,1,SPY,417669.8048497365
2020-12-04,229.99316404535057,26948.202362060547,27178.195526105897,1,SPY,421269.2304793204
2020-12-07,229.99316404535057,26892.829071044922,27122.822235090272,1,SPY,420403.60451355646
2020-12-08,229.99316404535057,26971.515655517578,27201.50881956293,1,SPY,421633.676799807
2020-12-09,229.99316404535057,26729.60708618164,26959.60025022699,1,SPY,417852.02800997987
2020-12-10,229.99316404535057,26720.86279296875,26950.8559570141,1,SPY,417715.3323735367
2020-12-11,229.99316404535057,26689.54052734375,26919.5336913891,1,SPY,417225.68536259956
2020-12-14,229.99316404535057,26570.03759765625,26800.0307617016,1,SPY,415357.54935289104
2020-12-15,229.99316404535057,26929.257598876953,27159.250762922304,1,SPY,420973.075444534
2020-12-16,229.99316404535057,26971.515655517578,27201.50881956293,1,SPY,421633.676799807
2020-12-17,229.99316404535057,27122.34326171875,27352.3364257641,1,SPY,423991.4975088002
2020-12-18,229.99316404535057,27014.046142578125,27244.039306623476,1,SPY,422298.53693834937
2020-12-21,229.99316404535057,26917.456298828125,27147.449462873476,1,SPY,420788.5909834397
2020-12-22,229.99316404535057,26872.090606689453,27102.083770734804,1,SPY,420079.4093482177
2020-12-23,229.99316404535057,26896.238067626953,27126.231231672304,1,SPY,420456.8958369451
2020-12-24,229.99316404535057,27000.873046875,27230.86621092035,1,SPY,422092.60780751804
2020-12-25,229.99316404535057,27000.873046875,27230.86621092035,1,SPY,422092.60780751804
2020-12-28,229.99316404535057,27232.83187866211,27462.82504270746,1,SPY,425718.7167871437
2020-12-29,229.99316404535057,27180.877227783203,27410.870391828554,1,SPY,424906.53289815853
2020-12-30,229.99316404535057,27219.663604736328,27449.65676878168,1,SPY,425512.8630330074
2020-12-31,229.99316404535057,27357.957000732422,27587.950164777772,1,SPY,427674.7420232612
2021-01-01,229.99316404535057,27357.957000732422,27587.950164777772,1,SPY,427674.7420232612
2021-01-04,229.99316404535057,26985.510864257812,27215.504028303163,1,SPY,421852.45765714155
2021-01-05,229.99316404535057,27171.368682861328,27401.36184690668,1,SPY,424757.8900555526
2021-01-06,229.99316404535057,27333.804718017578,27563.79788206293,1,SPY,427297.18015783874
2021-01-07,229.99316404535057,27739.926147460938,27969.919311506288,1,SPY,433645.8953620719
2021-01-08,229.99316404535057,27897.971954345703,28127.965118391054,1,SPY,436116.55498353014
2021-01-11,229.99316404535057,27709.925048828125,27939.918212873476,1,SPY,433176.90156557393
2021-01-12,229.99316404535057,27715.78109741211,27945.77426145746,1,SPY,433268.44656169205
2021-01-13,-3.637978807091713e-12,27991.724542214237,27991.724542214233,1,EEM,434435.0516707244
2021-01-14,-3.637978807091713e-12,28253.08880928469,28253.088809284687,1,EEM,432913.68614651717
2021-01-15,-3.637978807091713e-12,27853.3515869562,27853.351586956196,1,EEM,429756.68402843206
2021-01-18,-3.637978807091713e-12,27853.3515869562,27853.351586956196,1,EEM,429756.68402843206
2021-01-19,-3.637978807091713e-12,28314.5844651909,28314.584465190896,1,EEM,433131.1479116886
2021-01-20,-3.637978807091713e-12,28811.688705161014,28811.68870516101,1,EEM,439125.10270074697
2021-01-21,-3.637978807091713e-12,28862.941710342056,28862.941710342053,1,EEM,439525.4283280695
2021-01-22,-3.637978807091713e-12,28611.826719255972,28611.82671925597,1,EEM,437969.7287192745
2021-01-25,-3.637978807091713e-12,28827.0681401869,28827.068140186897,1,EEM,439696.98568596557
2021-01-26,-3.637978807091713e-12,28616.94583619882,28616.945836198818,1,EEM,439010.6431893387
2021-01-27,-3.637978807091713e-12,27822.60596742283,27822.605967422827,1,EEM,428281.0344697626
2021-01-28,-3.637978807091713e-12,28017.34662796529,28017.346627965286,1,EEM,431964.3166725711
2021-01-29,-3.637978807091713e-12,27320.37377683093,27320.373776830926,1,EEM,423316.57458147086
2021-02-01,-3.637978807091713e-12,28058.34373190276,28058.343731902758,1,EEM,430362.8634098909
2021-02-02,-3.637978807091713e-12,28422.20959249583,28422.209592495827,1,EEM,436448.3255067198
2021-02-03,-3.637978807091713e-12,28565.70387311645,28565.703873116447,1,EEM,436791.4779108595
2021-02-04,-3.637978807091713e-12,28575.950940681083,28575.95094068108,1,EEM,441755.97548749874
2021-02-05,-3.637978807091713e-12,28821.946814824318,28821.946814824314,1,EEM,443494.6143351398
2021-02-08,-3.637978807091713e-12,28873.18877790669,28873.188777906686,1,EEM,446697.6339255429
2021-02-09,-3.637978807091713e-12,29180.675891116665,29180.67589111666,1,EEM,446400.0844218984
2021-02-10,-3.637978807091713e-12,29283.173067799813,29283.17306779981,1,EEM,446205.6125487122
2021-02-11,-3.637978807091713e-12,29595.790340051306,29595.790340051302,1,EEM,446926.25144157925
2021-02-12,47.25169616063453,29574.1378326416,29621.389528802236,1,EEM,449133.9971507609
2021-02-15,47.25169616063453,29574.1378326416,29621.389528802236,1,EEM,449133.9971507609
2021-02-16,47.25169616063453,29645.766052246094,29693.017748406728,1,EEM,448745.01571604086
2021-02-17,47.25169616063453,29656.001174926758,29703.252871087392,1,EEM,448848.05565815157
2021-02-18,47.25169616063453,29246.67123413086,29293.922930291494,1,EEM,446937.6333225293
2021-02-19,47.25169616063453,29435.985725402832,29483.237421563466,1,EEM,446148.4393255293
2021-02-22,47.25169616063453,28571.272201538086,28618.52389769872,1,EEM,442716.8399074374
2021-02-23,47.25169616063453,28699.19139099121,28746.443087151845,1,EEM,443254.5018731108
2021-02-24,47.25169616063453,28514.99666595459,28562.248362115224,1,EEM,448138.760957887
2021-02-25,47.25169616063453,27865.178825378418,27912.430521539052,1,EEM,437340.44638078794
2021-02-26,47.25169616063453,27491.665199279785,27538.91689544042,1,EEM,435087.02239441604
2021-03-01,47.25169616063453,28228.461738586426,28275.71343474706,1,EEM,445633.6541867985
2021-03-02,47.25169616063453,27952.161933898926,27999.41363005956,1,EEM,442156.2634264738
2021-03-03,47.25169616063453,27895.88198852539,27943.133684686025,1,EEM,436299.7203524614
2021-03-04,47.25169616063453,27246.06635284424,27293.318049004873,1,EEM,430900.48768721684
2021-03-05,47.25169616063453,27542.834197998047,27590.08589415868,1,EEM,438827.6285737975
2021-03-08,47.25169616063453,26800.922302246094,26848.173998406728,1,EEM,436642.75969155855
2021-03-09,47.25169616063453,27389.33602142334,27436.587717583974,1,EEM,442877.01538438344
2021-03-10,47.25169616063453,27266.536598205566,27313.7882943662,1,EEM,445633.6541867985
2021-03-11,47.25169616063453,28126.12815093994,28173.379847100576,1,EEM,450151.9971055349
2021-03-12,47.25169616063453,27624.699745178223,27671.951441338857,1,EEM,450758.3272403838
2021-03-15,47.25169616063453,27691.214813232422,27738.466509393056,1,EEM,453446.3355619709
2021-03-16,47.25169616063453,27808.896675109863,27856.148371270498,1,EEM,452874.4525767523
2021-03-17,47.25169616063453,27844.71298980713,27891.964685967763,1,EEM,454418.84568129224
2021-03-18,47.25169616063453,27333.051666259766,27380.3033624204,1,EEM,447807.1034997399
2021-03-19,47.25169616063453,27670.751182556152,27718.002878716787,1,EEM,446978.60055628
2021-03-22,47.25169616063453,27588.885635375977,27636.13733153661,1,EEM,450547.5740010703
2021-03-23,47.25169616063453,27061.869422912598,27109.121119073232,1,EEM,447001.4396948751
2021-03-24,47.25169616063453,26442.756950378418,26490.008646539052,1,EEM,444729.13384639734
2021-03-25,47.25169616063453,26565.554168701172,26612.805864861806,1,EEM,447230.9994195994
2021-03-26,47.25169616063453,27256.301475524902,27303.553171685537,1,EEM,454438.1421152208
2021-03-29,47.25169616063453,27066.98918914795,27114.240885308584,1,EEM,454208.58239049645
2021-03-30,47.25169616063453,27153.967887878418,27201.219584039052,1,EEM,453003.57285534457
2021-03-31,47.25169616063453,27292.117790222168,27339.369486382802,1,EEM,454839.71145801136
2021-04-01,47.25169616063453,27558.184677124023,27605.436373284658,1,EEM,459751.5961015173
2021-04-02,47.25169616063453,27558.184677124023,27605.436373284658,1,EEM,459751.5961015173
2021-04-05,47.25169616063453,27665.62700653076,27712.878702691396,1,EEM,466350.4865565664
2021-04-06,47.25169616063453,27819.131797790527,27866.38349395116,1,EEM,466075.02242456673
2021-04-07,47.25169616063453,27409.80185699463,27457.053553155263,1,EEM,466614.3049891834
2021-04-08,47.25169616063453,27634.928253173828,27682.179949334462,1,EEM,468829.32454943575
2021-04-09,47.25169616063453,27399.564529418945,27446.81622557958,1,EEM,472237.7833221524
2021-04-12,47.25169616063453,27235.835639953613,27283.087336114248,1,EEM,472410.0190703038
2021-04-13,47.25169616063453,27348.402145385742,27395.653841546376,1,EEM,473809.9904271597
2021-04-14,47.25169616063453,27486.549842834473,27533.801538995107,1,EEM,472191.84122652956
2021-04-15,47.25169616063453,27737.26845550537,27784.520151666005,1,EEM,477264.42898384674
2021-04-16,47.25169616063453,27808.896675109863,27856.148371270498,1,EEM,478859.6636691867
2021-04-19,47.25169616063453,27706.567497253418,27753.819193414052,1,EEM,476506.96857545583
2021-04-20,47.25169616063453,27481.43228149414,27528.683977654775,1,EEM,473018.19593418104
2021-04-21,47.25169616063453,27650.283142089844,27697.534838250478,1,EEM,477493.8756435285
2021-04-22,47.25169616063453,27553.06711578369,27600.318811944326,1,EEM,473132.9569523694
2021-04-23,47.25169616063453,27952.161933898926,27999.41363005956,1,EEM,478262.86868625955
2021-04-26,47.25169616063453,27987.98045349121,28035.232149651845,1,EEM,479261.23301197734
2021-04-27,47.25169616063453,27972.629974365234,28019.88167052587,1,EEM,479157.9669397815
2021-04-28,47.25169616063453,28182.410301208496,28229.66199736913,1,EEM,479020.40447134554
2021-04-29,47.25169616063453,28115.897438049316,28163.14913420995,1,EEM,482073.0852435044
2021-04-30,47.25169616063453,27619.58438873291,27666.836084893544,1,EEM,478905.49269976706
2021-05-03,47.25169616063453,27619.58438873291,27666.836084893544,1,EEM,479938.41724015767
2021-05-04,47.25169616063453,27307.466064453125,27354.71776061376,1,EEM,476977.507594202
2021-05-05,47.25169616063453,27435.38304901123,27482.634745171865,1,EEM,477126.67807367316
2021-05-06,47.25169616063453,27696.334579467773,27743.586275628408,1,EEM,480936.9323192655
2021-05-07,47.25169616063453,27982.86068725586,28030.112383416494,1,EEM,484437.0868414903
2021-05-10,47.25169616063453,27481.43228149414,27528.683977654775,1,EEM,479639.96321617276
2021-05-11,47.25169616063453,27404.679885864258,27451.931582024892,1,EEM,475359.3207052243
2021-05-12,47.25169616063453,26647.419715881348,26694.671412041982,1,EEM,465260.3134162979
2021-05-13,47.25169616063453,26611.6056060791,26658.857302239736,1,EEM,470849.15615789907
2021-05-14,13.651310417808418,27098.226623535156,27111.877933952965,1,SPY,478079.2133688106
2021-05-17,13.651310417808418,27029.275512695312,27042.92682311312,1,SPY,476862.74657601357
2021-05-18,13.651310417808418,26796.39862060547,26810.049931023277,1,SPY,472754.22674817394
2021-05-19,13.651310417808418,26726.146545410156,26739.797855827965,1,SPY,471514.8077517393
2021-05-20,13.651310417808418,27013.663940429688,27027.315250847496,1,SPY,476587.32013236143
2021-05-21,13.651310417808418,26991.551818847656,27005.203129265465,1,SPY,476197.20804721594
2021-05-24,13.651310417808418,27266.708984375,27280.36029479281,1,SPY,481051.65564910637
2021-05-25,13.651310417808418,27206.21307373047,27219.864384148277,1,SPY,479984.35933578055
2021-05-26,13.651310417808418,27260.206298828125,27273.857609245933,1,SPY,480936.9323192655
2021-05-27,13.651310417808418,27274.510498046875,27288.161808464683,1,SPY,481189.2934942374
2021-05-28,13.651310417808418,27323.299865722656,27336.951176140465,1,SPY,482050.05766317167
2021-05-31,13.651310417808418,27323.299865722656,27336.951176140465,1,SPY,482050.05766317167
2021-06-01,13.651310417808418,27299.226684570312,27312.87799498812,1,SPY,481625.3476750058
2021-06-02,13.651310417808418,27342.16278076172,27355.814091179527,1,SPY,482382.84577174427
2021-06-03,13.651310417808418,27240.685424804688,27254.336735222496,1,SPY,480592.53619965777
2021-06-04,13.651310417808418,27489.823303222656,27503.474613640465,1,SPY,484987.9397287946
2021-06-07,13.651310417808418,27463.15460205078,27476.80591246859,1,SPY,484517.43839839596
2021-06-08,13.651310417808418,27469.010009765625,27482.661320183433,1,SPY,484620.74215893925
2021-06-09,13.651310417808418,27428.026428222656,27441.677738640465,1,SPY,483897.6912118311
2021-06-10,13.651310417808418,27555.523071289062,27569.17438170687,1,SPY,486147.0448566712
2021-06-11,13.651310417808418,27601.05682373047,27614.708134148277,1,SPY,486950.37198398996
2021-06-14,13.651310417808418,27662.855834960938,27676.507145378746,1,SPY,488040.658189301
2021-06-15,13.651310417808418,27612.116088867188,27625.767399284996,1,SPY,487145.484559084
2021-06-16,13.651310417808418,27457.950744628906,27471.602055046715,1,SPY,484425.6295838452
2021-06-17,13.651310417808418,27448.843994140625,27462.495304558433,1,SPY,484264.96415838145
2021-06-18,13.651310417808418,27078.54766845703,27092.19897887484,1,SPY,477732.0283114866
2021-06-21,13.651310417808418,27466.207275390625,27479.858585808433,1,SPY,484571.2950469973
2021-06-22,13.651310417808418,27613.041076660156,27626.692387077965,1,SPY,487161.8036135587
2021-06-23,13.651310417808418,27579.7607421875,27593.41205260531,1,SPY,486574.6568475958
2021-06-24,13.651310417808418,27742.921752929688,27756.573063347496,1,SPY,489453.21745422744
2021-06-25,13.651310417808418,27841.463928222656,27855.115238640465,1,SPY,491191.743236826
2021-06-28,13.651310417808418,27897.586975097656,27911.238285515465,1,SPY,492181.89150278515
2021-06-29,13.651310417808418,27912.596130371094,27926.247440788902,1,SPY,492446.68983243755
2021-06-30,13.651310417808418,27936.08612060547,27949.737431023277,1,SPY,492861.11090173136
2021-07-01,13.651310417808418,28090.76629638672,28104.417606804527,1,SPY,495590.04876872164
2021-07-02,13.651310417808418,28305.476684570312,28319.12799498812,1,SPY,499378.0668892791
2021-07-05,13.651310417808418,28305.476684570312,28319.12799498812,1,SPY,499378.0668892791
2021-07-06,13.651310417808418,28253.910217285156,28267.561527702965,1,SPY,498468.3078685732
2021-07-07,13.651310417808418,28353.768310546875,28367.419620964683,1,SPY,500230.04967324197
2021-07-08,13.651310417808418,28122.74139404297,28136.392704460777,1,SPY,496154.1679543518
2021-07-09,13.651310417808418,28422.943725585938,28436.595036003746,1,SPY,501450.47374252824
2021-07-12,13.651310417808418,28524.756469726562,28538.40778014437,1,SPY,503246.7003851749
2021-07-13,13.651310417808418,28427.513122558594,28441.164432976402,1,SPY,501531.0891178665
2021-07-14,0.0,28454.323015582562,28454.323015582562,1,VNQ,502279.5420112009
2021-07-15,0.0,28500.305697325515,28500.305697325515,1,VNQ,500564.0061205876
2021-07-16,0.0,28481.369004256867,28481.369004256867,1,VNQ,496637.70945299126
2021-07-19,0.0,27962.106526250456,27962.106526250456,1,VNQ,489303.44396119606
2021-07-20,0.0,28622.00764525251,28622.00764525251,1,VNQ,496315.3233283333
2021-07-21,0.0,28619.304546717292,28619.304546717292,1,VNQ,500333.5795638704
2021-07-22,0.0,28392.1217426283,28392.1217426283,1,VNQ,501381.3156248351
2021-07-23,0.0,28627.416342876633,28627.416342876633,1,VNQ,506539.6066844053
2021-07-26,0.0,28640.946838874846,28640.946838874846,1,VNQ,507783.0960223718
2021-07-27,0.0,28803.207767598553,28803.207767598553,1,VNQ,505468.8807314554
2021-07-28,0.0,28703.145611275424,28703.145611275424,1,VNQ,505261.5194434184
2021-07-29,0.0,28708.556809453235,28708.556809453235,1,VNQ,507357.1800070854
2021-07-30,0.0,28746.420193375787,28746.420193375787,1,VNQ,504893.2289114851
2021-08-02,0.0,28684.21391931415,28684.21391931415,1,VNQ,503833.8848394853
2021-08-03,0.0,28719.374204701482,28719.374204701482,1,VNQ,507932.8695154032
2021-08-04,0.0,28630.12194196554,28630.12194196554,1,VNQ,505434.3582051301
2021-08-05,0.0,28965.486200198065,28965.486200198065,1,VNQ,508635.2295597247
2021-08-06,0.0,28914.104823045735,28914.104823045735,1,VNQ,509475.75508604245
2021-08-09,0.0,28759.93568605188,28759.93568605188,1,VNQ,509061.1832633586
2021-08-10,0.0,28486.78020243468,28486.78020243468,1,VNQ,509694.4605666819
2021-08-11,0.0,28654.462331550938,28654.462331550938,1,VNQ,510961.0151733287
2021-08-12,0.0,28716.671106166265,28716.671106166265,1,VNQ,512492.21735623776
2021-08-13,66.26318258788228,28807.23754119873,28873.500723786612,1,VNQ,513424.96626892895
2021-08-16,66.26318258788228,28772.15549468994,28838.418677277823,1,VNQ,514633.706950485
2021-08-17,66.26318258788228,28742.47222137451,28808.735403962393,1,VNQ,511260.449094349
2021-08-18,66.26318258788228,28480.741493225098,28547.00467581298,1,VNQ,505664.63400845724
2021-08-19,66.26318258788228,28618.35033416748,28684.613516755362,1,VNQ,506447.4963630744
2021-08-20,66.26318258788228,28761.362937927246,28827.626120515128,1,VNQ,510477.36060964665
2021-08-23,66.26318258788228,28707.397659301758,28773.66084188964,1,VNQ,514967.81415122066
2021-08-24,66.26318258788228,28580.56890106201,28646.832083649893,1,VNQ,515785.1990321632
2021-08-25,66.26318258788228,28561.6831741333,28627.946356721182,1,VNQ,516867.60837284324
2021-08-26,66.26318258788228,28572.48072052002,28638.7439031079,1,VNQ,513816.4351345851
2021-08-27,66.26318258788228,28871.992881774902,28938.256064362784,1,VNQ,518410.4939434825
2021-08-30,66.26318258788228,29160.717475891113,29226.980658478995,1,VNQ,520690.1113313785
2021-08-31,66.26318258788228,29298.326316833496,29364.589499421378,1,VNQ,519918.7439227539
2021-09-01,66.26318258788228,29767.832473754883,29834.095656342764,1,VNQ,520195.03719839896
2021-09-02,66.26318258788228,29924.33203125,29990.59521383788,1,VNQ,521795.51056404377
2021-09-03,66.26318258788228,29929.740783691406,29996.003966279288,1,VNQ,521668.8777163876
2021-09-06,66.26318258788228,29929.740783691406,29996.003966279288,1,VNQ,521668.8777163876
2021-09-07,66.26318258788228,29592.44219970703,29658.705382294913,1,VNQ,519803.56833274284
2021-09-08,66.26318258788228,29740.84609222412,29807.109274812003,1,VNQ,519170.40409446205
2021-09-09,66.26318258788228,29136.432975769043,29202.696158356925,1,VNQ,516948.11068313895
2021-09-10,66.26318258788228,28710.092056274414,28776.355238862296,1,VNQ,512872.3043409438
2021-09-13,66.26318258788228,28904.37055206299,28970.63373465087,1,VNQ,514184.8387315609
2021-09-14,66.26318258788228,28853.102165222168,28919.36534781005,1,VNQ,511410.0341456428
2021-09-15,66.26318258788228,28944.8438873291,29011.107069916983,1,VNQ,515681.63145318726
2021-09-16,66.26318258788228,28969.13836669922,29035.4015492871,1,VNQ,514864.1711955497
2021-09-17,66.26318258788228,28710.092056274414,28776.355238862296,1,VNQ,509848.7943497629
2021-09-20,66.26318258788228,28534.704277038574,28600.967459626456,1,VNQ,501347.62224215514
2021-09-21,66.26318258788228,28548.193725585938,28614.45690817382,1,VNQ,500873.9174022175
2021-09-22,66.26318258788228,28826.12326812744,28892.386450715323,1,VNQ,505759.87246263196
2021-09-23,66.26318258788228,28769.458602905273,28835.721785493155,1,VNQ,511904.7313951472
2021-09-24,66.26318258788228,28461.840797424316,28528.103980012198,1,VNQ,512748.0835475287
2021-09-27,66.26318258788228,28079.02187347412,28145.285056062003,1,VNQ,511281.2153738307
2021-09-28,66.26318258788228,27888.967094421387,27955.23027700927,1,VNQ,500977.8995530162
2021-09-29,66.26318258788228,28098.02236175537,28164.285544343253,1,VNQ,501821.17632870266
2021-09-30,66.26318258788228,27633.752815246582,27700.015997834464,1,VNQ,495687.62390044244
2021-10-01,66.26318258788228,28024.71979522705,28090.982977814932,1,VNQ,501578.463370695
2021-10-04,66.26318258788228,28030.153495788574,28096.416678376456,1,VNQ,495110.16303979134
2021-10-05,66.26318258788228,27837.379371643066,27903.642554230948,1,VNQ,500261.8586385461
2021-10-06,66.26318258788228,28103.453567504883,28169.716750092764,1,VNQ,502340.8609526106
2021-10-07,66.26318258788228,28179.48046875,28245.74365133788,1,VNQ,506683.9907437418
2021-10-08,66.26318258788228,27913.40128326416,27979.66446585204,1,VNQ,505759.87246263196
2021-10-11,66.26318258788228,27983.98949432373,28050.252676911612,1,VNQ,502098.3364363406
2021-10-12,66.26318258788228,28350.524780273438,28416.78796286132,1,VNQ,500862.3470795299
2021-10-13,66.26318258788228,28556.870681762695,28623.133864350577,1,VNQ,502664.2646626516
2021-10-14,66.26318258788228,28904.393005371094,28970.656187958975,1,VNQ,511119.45698628895
2021-10-15,66.26318258788228,28882.67067718506,28948.93385977294,1,VNQ,515012.0225828578
2021-10-18,66.26318258788228,28955.978233337402,29022.241415925284,1,VNQ,516536.666993299
2021-10-19,66.26318258788228,28969.550010681152,29035.813193269034,1,VNQ,520521.68210632633
2021-10-20,66.26318258788228,29425.681480407715,29491.944662995596,1,VNQ,522566.12420571805
2021-10-21,66.26318258788228,29466.40679168701,29532.669974274893,1,VNQ,523929.16098200757
2021-10-22,66.26318258788228,29604.873847961426,29671.137030549307,1,VNQ,523386.2980243768
2021-10-25,66.26318258788228,29699.901237487793,29766.164420075675,1,VNQ,526193.1753940317
2021-10-26,66.26318258788228,29781.359344482422,29847.622527070303,1,VNQ,526666.6164155366
2021-10-27,66.26318258788228,29528.859420776367,29595.12260336425,1,VNQ,524333.3685091243
2021-10-28,66.26318258788228,29941.538749694824,30007.801932282706,1,VNQ,529392.6899681157
2021-10-29,66.26318258788228,29604.873847961426,29671.137030549307,1,VNQ,530466.883249037
2021-11-01,66.26318258788228,29751.491455078125,29817.754637666007,1,VNQ,531379.3935191117
2021-11-02,66.26318258788228,29892.670372009277,29958.93355459716,1,VNQ,533527.7800809545
2021-11-03,66.26318258788228,29993.128967285156,30059.392149873038,1,VNQ,536785.0708917816
2021-11-04,66.26318258788228,29708.051788330078,29774.31497091796,1,VNQ,539314.7881537986
2021-11-05,66.26318258788228,29860.090621948242,29926.353804536124,1,VNQ,541186.0146080034
2021-11-08,66.26318258788228,29835.65643310547,29901.91961569335,1,VNQ,541648.0360602109
2021-11-09,66.26318258788228,29887.241661071777,29953.50484365966,1,VNQ,539857.6887997768
2021-11-10,66.26318258788228,29748.77210998535,29815.035292573233,1,VNQ,535514.5590086457
2021-11-11,66.26318258788228,29797.6404876709,29863.90367025878,1,VNQ,535687.6992771374
2021-11-12,66.26318258788228,29775.9256439209,29842.18882650878,1,VNQ,539730.4529385604
2021-11-15,66.26318258788228,29984.980911254883,30051.244093842764,1,VNQ,539915.3142831299
2021-11-16,66.26318258788228,29786.780570983887,29853.04375357177,1,VNQ,542052.2812756752
2021-11-17,66.26318258788228,29879.098594665527,29945.36177725341,1,VNQ,540735.4881017887
2021-11-18,66.26318258788228,29884.527305603027,29950.79048819091,1,VNQ,542572.1166529732
2021-11-19,66.26318258788228,29708.051788330078,29774.31497091796,1,VNQ,541601.7547694603
2021-11-22,66.26318258788228,29561.431686401367,29627.69486898925,1,VNQ,540077.0726706716
2021-11-23,66.26318258788228,29800.35733795166,29866.62052053954,1,VNQ,540793.2643385318
2021-11-24,66.26318258788228,30161.463912963867,30227.72709555175,1,VNQ,542237.0295552021
2021-11-25,66.26318258788228,30161.463912963867,30227.72709555175,1,VNQ,542237.0295552021
2021-11-26,66.26318258788228,29322.51351928711,29388.77670187499,1,VNQ,530143.4795389961
2021-11-29,66.26318258788228,29539.716842651367,29605.98002523925,1,VNQ,536646.4908379627
2021-11-30,66.26318258788228,28980.412422180176,29046.675604768057,1,VNQ,526204.7457167193
2021-12-01,0.0,28502.5636138916,28502.5636138916,1,VNQ,520359.9614071321
2021-12-02,0.0,29357.805130004883,29357.805130004883,1,VNQ,528329.9539448393
2021-12-03,0.0,29260.058395385742,29260.058395385742,1,VNQ,523732.7670030979
2021-12-06,0.0,29773.203804016113,29773.203804016113,1,VNQ,529935.4398607038
2021-12-07,0.0,30202.186729431152,30202.186729431152,1,VNQ,540897.1334242878
2021-12-08,0.0,30419.39005279541,30419.39005279541,1,VNQ,542329.441383313
2021-12-09,0.0,29979.54970550537,29979.54970550537,1,VNQ,538667.9053570217
2021-12-10,0.0,30071.865234375,30071.865234375,1,VNQ,543738.6840736581
2021-12-13,0.0,30354.238037109375,30354.238037109375,1,VNQ,538922.0001959794
2021-12-14,0.0,29965.980422973633,29965.980422973633,1,VNQ,535214.220567285
2021-12-15,0.0,30386.807807922363,30386.807807922363,1,VNQ,543577.0010628114
2021-12-16,0.0,30375.94789123535,30375.94789123535,1,VNQ,538783.4201421604
2021-12-17,0.0,30337.934440612793,30337.934440612793,1,VNQ,533049.2134441873
2021-12-20,0.0,30101.72563934326,30101.72563934326,1,VNQ,527381.0367310635
2021-12-21,0.0,30441.112380981445,30441.112380981445,1,VNQ,536746.8549073997
2021-12-22,0.0,30753.34309387207,30753.34309387207,1,VNQ,542113.6379054324
2021-12-23,0.0,30720.760848999023,30720.760848999023,1,VNQ,545486.5942547882
2021-12-24,0.0,30720.760848999023,30720.760848999023,1,VNQ,545486.5942547882
2021-12-27,0.0,31242.29132080078,31242.29132080078,1,VNQ,553206.449230027
2021-12-28,0.0,31357.389472961426,31357.389472961426,1,VNQ,552754.377501564
2021-12-29,0.0,31568.410652160645,31568.410652160645,1,VNQ,553461.4485893251
2021-12-30,0.0,31705.445686340332,31705.445686340332,1,VNQ,551931.414745189
2021-12-31,0.0,31793.138328552246,31793.138328552246,1,VNQ,550540.3755266946
2022-01-03,0.0,31543.74444580078,31543.74444580078,1,VNQ,553728.0936480059
2022-01-04,0.0,31505.37922668457,31505.37922668457,1,VNQ,553542.6292898761
2022-01-05,0.0,30603.739196777344,30603.739196777344,1,VNQ,542913.3846397371
2022-01-06,0.0,30631.142211914062,30631.142211914062,1,VNQ,542403.3859211409
2022-01-07,0.0,30428.34393310547,30428.34393310547,1,VNQ,540258.9566357873
2022-01-10,0.0,30252.951164245605,30252.951164245605,1,VNQ,539586.6718927842
2022-01-11,0.0,30299.53928375244,30299.53928375244,1,VNQ,544501.4208507013
2022-01-12,0.0,30335.167694091797,30335.167694091797,1,VNQ,545973.5277047042
2022-01-13,0.0,30274.873077392578,30274.873077392578,1,VNQ,538450.7074102828
2022-01-14,0.0,30000.81548309326,30000.81548309326,1,VNQ,538670.8827364754
2022-01-17,0.0,30000.81548309326,30000.81548309326,1,VNQ,538670.8827364754
2022-01-18,0.0,29685.648376464844,29685.648376464844,1,VNQ,529131.3212780872
2022-01-19,0.0,29285.537910461426,29285.537910461426,1,VNQ,523637.0386004055
2022-01-20,0.0,28910.073692321777,28910.073692321777,1,VNQ,517841.32451928506
2022-01-21,0.0,28838.829345703125,28838.829345703125,1,VNQ,507675.7972969917
2022-01-24,0.0,28893.637870788574,28893.637870788574,1,VNQ,509831.8345933804
2022-01-25,0.0,28778.532234191895,28778.532234191895,1,VNQ,503607.2648058673
2022-01-26,0.0,28329.081871032715,28329.081871032715,1,VNQ,502343.87602041196
2022-01-27,0.0,27860.443908691406,27860.443908691406,1,VNQ,499863.37974025187
2022-01-28,0.0,28762.088928222656,28762.088928222656,1,VNQ,512277.58221713005
2022-01-31,0.0,29115.618759155273,29115.618759155273,1,VNQ,521504.2550144346
2022-02-01,0.0,29011.48281097412,29011.48281097412,1,VNQ,525028.0401305524
2022-02-02,0.0,29381.45844268799,29381.45844268799,1,VNQ,530128.1780699043
2022-02-03,0.0,29069.03313446045,29069.03313446045,1,VNQ,517667.505860538
2022-02-04,0.0,28781.26904296875,28781.26904296875,1,VNQ,520101.7208499476
2022-02-07,0.0,28740.167015075684,28740.167015075684,1,VNQ,518432.61700347485
2022-02-08,0.0,28605.876274108887,28605.876274108887,1,VNQ,522698.2218637641
2022-02-09,0.0,29252.63882446289,29252.63882446289,1,VNQ,530348.3910844445
2022-02-10,0.0,28562.027458190918,28562.027458190918,1,VNQ,520820.47532543883
2022-02-11,0.0,28301.678855895996,28301.678855895996,1,VNQ,510550.4383154816
2022-02-14,0.0,28044.06706237793,28044.06706237793,1,VNQ,508881.33446900884
2022-02-15,0.0,28296.19775390625,28296.19775390625,1,VNQ,517087.9721407735
2022-02-16,0.0,28427.741706848145,28427.741706848145,1,VNQ,517667.505860538
2022-02-17,0.0,28126.28359222412,28126.28359222412,1,VNQ,506609.40550400625
2022-02-18,0.0,27956.374420166016,27956.374420166016,1,VNQ,503329.08711284644
2022-02-21,0.0,27956.374420166016,27956.374420166016,1,VNQ,503329.08711284644
2022-02-22,0.0,27854.967796325684,27854.967796325684,1,VNQ,497927.5177700558
2022-02-23,0.0,27394.552734375,27394.552734375,1,VNQ,489095.0273994286
2022-02-24,0.0,27854.967796325684,27854.967796325684,1,VNQ,496455.3355393579
2022-02-25,0.0,28526.399047851562,28526.399047851562,1,VNQ,507409.2653033535
2022-02-28,0.0,28101.61988067627,28101.61988067627,1,VNQ,506110.9771080977
2022-03-01,0.0,27953.627632141113,27953.627632141113,1,VNQ,498402.8055205891
2022-03-02,0.0,28477.069129943848,28477.069129943848,1,VNQ,507571.62670445547
2022-03-03,0.0,28710.019706726074,28710.019706726074,1,VNQ,505044.62300345977
2022-03-04,0.0,28841.56615447998,28841.56615447998,1,VNQ,500941.3418559249
2022-03-07,0.0,28271.5340423584,28271.5340423584,1,VNQ,486173.9920251456
2022-03-08,0.0,28134.501502990723,28134.501502990723,1,VNQ,482487.92088462086
2022-03-09,0.0,28567.511054992676,28567.511054992676,1,VNQ,495423.80546782544
2022-03-10,0.0,28638.762886047363,28638.762886047363,1,VNQ,493186.70053592825
2022-03-11,0.0,28411.298400878906,28411.298400878906,1,VNQ,486915.84945766465
2022-03-14,0.0,28189.310028076172,28189.310028076172,1,VNQ,483357.2779967889
2022-03-15,0.0,28378.41178894043,28378.41178894043,1,VNQ,493986.48495858046
2022-03-16,0.0,28715.50080871582,28715.50080871582,1,VNQ,504940.263969186
2022-03-17,0.0,29159.470069885254,29159.470069885254,1,VNQ,511257.47171489516
2022-03-18,0.0,29159.470069885254,29159.470069885254,1,VNQ,516857.28176562366
2022-03-21,0.0,28981.33550262451,28981.33550262451,1,VNQ,516706.0761153866
2022-03-22,0.0,29055.326637268066,29055.326637268066,1,VNQ,522752.2669541031
2022-03-23,0.0,28729.339530944824,28729.339530944824,1,VNQ,516020.0351255399
2022-03-24,0.0,28911.216316223145,28911.216316223145,1,VNQ,523798.7592995997
2022-03-25,0.0,29272.18817138672,29272.18817138672,1,VNQ,526356.7051339067
2022-03-28,0.0,29583.568153381348,29583.568153381348,1,VNQ,530100.7032645646
2022-03-29,0.0,30451.565643310547,30451.565643310547,1,VNQ,536658.551109168
2022-03-30,0.0,30231.116569519043,30231.116569519043,1,VNQ,533344.7654654133
2022-03-31,0.0,29861.879402160645,29861.879402160645,1,VNQ,525135.9041811452
2022-04-01,0.0,30443.29783630371,30443.29783630371,1,VNQ,526624.1793362328
2022-04-04,0.0,30294.49976348877,30294.49976348877,1,VNQ,531135.512222331
2022-04-05,0.0,30145.699195861816,30145.699195861816,1,VNQ,524426.5717925332
2022-04-06,0.0,30503.916778564453,30503.916778564453,1,VNQ,519182.7281841
2022-04-07,0.0,30200.807098388672,30200.807098388672,1,VNQ,521798.78945027775
2022-04-08,0.0,30250.411445617676,30250.411445617676,1,VNQ,520403.642201904
2022-04-11,0.0,29925.257606506348,29925.257606506348,1,VNQ,511508.7399277891
2022-04-12,0.0,29881.166793823242,29881.166793823242,1,VNQ,509613.430619521
2022-04-13,0.0,30093.343070983887,30093.343070983887,1,VNQ,515450.3003761297
2022-04-14,0.0,29963.832389831543,29963.832389831543,1,VNQ,509032.0501707282
2022-04-15,0.0,29963.832389831543,29963.832389831543,1,VNQ,509032.0501707282
2022-04-18,0.0,29842.58452606201,29842.58452606201,1,VNQ,509241.3335644885
2022-04-19,0.0,30492.89469909668,30492.89469909668,1,VNQ,517461.9159248343
2022-04-20,0.0,30999.917839050293,30999.917839050293,1,VNQ,517078.1354820716
2022-04-21,0.0,30784.98728942871,30784.98728942871,1,VNQ,509345.9941055424
2022-04-22,0.0,30244.9029006958,30244.9029006958,1,VNQ,495370.02419591905
2022-04-25,0.0,30167.743354797363,30167.743354797363,1,VNQ,498241.95165338775
2022-04-26,0.0,29671.7373046875,29671.7373046875,1,VNQ,483812.40248140076
2022-04-27,0.0,29476.096641540527,29476.096641540527,1,VNQ,485172.7633850166
2022-04-28,0.0,30018.94278717041,30018.94278717041,1,VNQ,497428.0341004168
2022-04-29,0.0,28641.16788482666,28641.16788482666,1,VNQ,479045.2034040115
2022-05-02,0.0,27949.526161193848,27949.526161193848,1,VNQ,481928.7765608629
2022-05-03,0.0,28296.729148864746,28296.729148864746,1,VNQ,484137.99211559765
2022-05-04,0.0,28621.880493164062,28621.880493164062,1,VNQ,498881.40984570386
2022-05-05,0.0,27858.595252990723,27858.595252990723,1,VNQ,481149.7584176924
2022-05-06,0.0,27527.927879333496,27527.927879333496,1,VNQ,478277.8309602237
2022-05-09,0.0,26315.484169006348,26315.484169006348,1,VNQ,462964.6407923598
2022-05-10,0.0,25836.026206970215,25836.026206970215,1,VNQ,464034.3114715792
2022-05-11,0.0,25780.908325195312,25780.908325195312,1,VNQ,456662.6591390474
2022-05-12,0.0,25982.065017700195,25982.065017700195,1,VNQ,456185.9769196559
2022-05-13,26654.06132960517,0.0,26654.06132960517,0,None,467092.3063007379
2022-05-16,26654.06132960517,0.0,26654.06132960517,0,None,465197.07236916485
2022-05-17,26654.06132960517,0.0,26654.06132960517,0,None,474766.33224539633
2022-05-18,26654.06132960517,0.0,26654.06132960517,0,None,455627.8501812809
2022-05-19,26654.06132960517,0.0,26654.06132960517,0,None,452837.2164894058
2022-05-20,26654.06132960517,0.0,26654.06132960517,0,None,453035.0049371735
2022-05-23,26654.06132960517,0.0,26654.06132960517,0,None,461511.1896703777
2022-05-24,26654.06132960517,0.0,26654.06132960517,0,None,457988.23369790526
2022-05-25,26654.06132960517,0.0,26654.06132960517,0,None,462034.49237564724
2022-05-26,26654.06132960517,0.0,26654.06132960517,0,None,471266.5922949942
2022-05-27,26654.06132960517,0.0,26654.06132960517,0,None,482835.7089555051
2022-05-30,26654.06132960517,0.0,26654.06132960517,0,None,482835.7089555051
2022-05-31,26654.06132960517,0.0,26654.06132960517,0,None,480126.55747096107
2022-06-01,26654.06132960517,0.0,26654.06132960517,0,None,476243.07476614375
2022-06-02,26654.06132960517,0.0,26654.06132960517,0,None,485312.4364009135
2022-06-03,26654.06132960517,0.0,26654.06132960517,0,None,477347.68254351115
2022-06-06,26654.06132960517,0.0,26654.06132960517,0,None,478801.1336654933
2022-06-07,26654.06132960517,0.0,26654.06132960517,0,None,483393.8356938801
2022-06-08,26654.06132960517,0.0,26654.06132960517,0,None,478138.3086977168
2022-06-09,26654.06132960517,0.0,26654.06132960517,0,None,466766.792043236
2022-06-10,26654.06132960517,0.0,26654.06132960517,0,None,453232.5295665086
2022-06-13,26654.06132960517,0.0,26654.06132960517,0,None,436024.10546707164
2022-06-14,26654.06132960517,0.0,26654.06132960517,0,None,434710.289672639
2022-06-15,26654.06132960517,0.0,26654.06132960517,0,None,440907.64847324503
2022-06-16,26654.06132960517,0.0,26654.06132960517,0,None,426315.39870502835
2022-06-17,26654.06132960517,0.0,26654.06132960517,0,None,427234.42905922345
2022-06-20,26654.06132960517,0.0,26654.06132960517,0,None,427234.42905922345
2022-06-21,26654.06132960517,0.0,26654.06132960517,0,None,437989.4397250258
2022-06-22,26654.06132960517,0.0,26654.06132960517,0,None,437195.3839311961
2022-06-23,26654.06132960517,0.0,26654.06132960517,0,None,441481.0389923643
2022-06-24,26654.06132960517,0.0,26654.06132960517,0,None,455517.34794636193
2022-06-27,26654.06132960517,0.0,26654.06132960517,0,None,453777.5030716003
2022-06-28,26654.06132960517,0.0,26654.06132960517,0,None,444505.5665689282
2022-06-29,26654.06132960517,0.0,26654.06132960517,0,None,444143.4946143351
2022-06-30,26654.06132960517,0.0,26654.06132960517,0,None,440535.1368463898
2022-07-01,26654.06132960517,0.0,26654.06132960517,0,None,445194.47187318624
2022-07-04,26654.06132960517,0.0,26654.06132960517,0,None,445194.47187318624
2022-07-05,26654.06132960517,0.0,26654.06132960517,0,None,446035.2235295891
2022-07-06,26654.06132960517,0.0,26654.06132960517,0,None,447541.7021565272
2022-07-07,26654.06132960517,0.0,26654.06132960517,0,None,454244.4993856799
2022-07-08,26654.06132960517,0.0,26654.06132960517,0,None,453870.8571083992
2022-07-11,26654.06132960517,0.0,26654.06132960517,0,None,448686.07114052476
2022-07-12,26654.06132960517,0.0,26654.06132960517,0,None,444715.6791063339
2022-07-13,26654.06132960517,0.0,26654.06132960517,0,None,442380.2075874181
2022-07-14,26654.06132960517,0.0,26654.06132960517,0,None,441305.8635531066
2022-07-15,26654.06132960517,0.0,26654.06132960517,0,None,449737.01071102836
2022-07-18,26654.06132960517,0.0,26654.06132960517,0,None,446023.61551855394
2022-07-19,26654.06132960517,0.0,26654.06132960517,0,None,458074.7661438036
2022-07-20,26654.06132960517,0.0,26654.06132960517,0,None,460994.14323079586
2022-07-21,26654.06132960517,0.0,26654.06132960517,0,None,465688.56610913033
2022-07-22,26654.06132960517,0.0,26654.06132960517,0,None,461367.89857311914
2022-07-25,26654.06132960517,0.0,26654.06132960517,0,None,461928.28661234514
2022-07-26,26654.06132960517,0.0,26654.06132960517,0,None,456463.28778068395
2022-07-27,26654.06132960517,0.0,26654.06132960517,0,None,468315.93387956306
2022-07-28,26654.06132960517,0.0,26654.06132960517,0,None,474189.7759050856
2022-07-29,26654.06132960517,0.0,26654.06132960517,0,None,481102.8741133816
2022-08-01,26654.06132960517,0.0,26654.06132960517,0,None,479678.29226559727
2022-08-02,26654.06132960517,0.0,26654.06132960517,0,None,476513.52634792373
2022-08-03,26654.06132960517,0.0,26654.06132960517,0,None,483975.59302614816
2022-08-04,26654.06132960517,0.0,26654.06132960517,0,None,483648.6089230931
2022-08-05,26654.06132960517,0.0,26654.06132960517,0,None,482831.1863538031
2022-08-08,26654.06132960517,0.0,26654.06132960517,0,None,482270.6098728395
2022-08-09,26654.06132960517,0.0,26654.06132960517,0,None,480355.5518704727
2022-08-10,26654.06132960517,0.0,26654.06132960517,0,None,490444.8732540873
2022-08-11,26654.06132960517,0.0,26654.06132960517,0,None,490444.8732540873
2022-08-12,26654.06132960517,0.0,26654.06132960517,0,None,498747.65390036703
2022-08-15,26654.06132960517,0.0,26654.06132960517,0,None,500802.837178801
2022-08-16,26654.06132960517,0.0,26654.06132960517,0,None,501783.78948796605
2022-08-17,26654.06132960517,0.0,26654.06132960517,0,None,498222.2406476365
2022-08-18,26654.06132960517,0.0,26654.06132960517,0,None,499670.2269592287
2022-08-19,26654.06132960517,0.0,26654.06132960517,0,None,492955.5955889558
2022-08-22,26654.06132960517,0.0,26654.06132960517,0,None,482691.02338938846
2022-08-23,26654.06132960517,0.0,26654.06132960517,0,None,481523.28762993054
2022-08-24,26654.06132960517,0.0,26654.06132960517,0,None,483064.74104336416
2022-08-25,26654.06132960517,0.0,26654.06132960517,0,None,489884.3721498187
2022-08-26,26654.06132960517,0.0,26654.06132960517,0,None,473302.25300941453
2022-08-29,26654.06132960517,0.0,26654.06132960517,0,None,470172.7256966691
2022-08-30,26654.06132960517,0.0,26654.06132960517,0,None,465011.19343921245
2022-08-31,26654.06132960517,0.0,26654.06132960517,0,None,461472.9359976482
2022-09-01,26654.06132960517,0.0,26654.06132960517,0,None,462920.9223092404
2022-09-02,26654.06132960517,0.0,26654.06132960517,0,None,458039.7159806131
2022-09-05,26654.06132960517,0.0,26654.06132960517,0,None,458039.7159806131
2022-09-06,26654.06132960517,0.0,26654.06132960517,0,None,456311.4791168866
2022-09-07,26654.06132960517,0.0,26654.06132960517,0,None,464509.14696194226
2022-09-08,26654.06132960517,0.0,26654.06132960517,0,None,467545.24486119376
2022-09-09,26654.06132960517,0.0,26654.06132960517,0,None,474808.6562596576
2022-09-12,26654.06132960517,0.0,26654.06132960517,0,None,479911.7715784633
2022-09-13,26654.06132960517,0.0,26654.06132960517,0,None,459043.99737689097
2022-09-14,26654.06132960517,0.0,26654.06132960517,0,None,460795.6010160778
2022-09-15,26654.06132960517,0.0,26654.06132960517,0,None,455564.0438089351
2022-09-16,26654.06132960517,0.0,26654.06132960517,0,None,452088.7259077238
2022-09-19,26654.06132960517,0.0,26654.06132960517,0,None,455594.60905877117
2022-09-20,26654.06132960517,0.0,26654.06132960517,0,None,450364.9739573518
2022-09-21,26654.06132960517,0.0,26654.06132960517,0,None,442508.8379174926
2022-09-22,26654.06132960517,0.0,26654.06132960517,0,None,438791.9000203517
2022-09-23,26654.06132960517,0.0,26654.06132960517,0,None,431440.0340702661
2022-09-26,26654.06132960517,0.0,26654.06132960517,0,None,427171.97946738824
2022-09-27,26654.06132960517,0.0,26654.06132960517,0,None,426081.5048203396
2022-09-28,26654.06132960517,0.0,26654.06132960517,0,None,434465.2400370853
2022-09-29,26654.06132960517,0.0,26654.06132960517,0,None,425389.6598249753
2022-09-30,26654.06132960517,0.0,26654.06132960517,0,None,418811.6487144504
2022-10-03,26654.06132960517,0.0,26654.06132960517,0,None,429868.80686229427
2022-10-04,26654.06132960517,0.0,26654.06132960517,0,None,443189.0372134743
2022-10-05,26654.06132960517,0.0,26654.06132960517,0,None,442157.13025846664
2022-10-06,26654.06132960517,0.0,26654.06132960517,0,None,437595.9356886038
2022-10-07,26654.06132960517,0.0,26654.06132960517,0,None,425389.6598249753
2022-10-10,26654.06132960517,0.0,26654.06132960517,0,None,422141.6780359848
2022-10-11,26654.06132960517,0.0,26654.06132960517,0,None,419468.3304815817
2022-10-12,26654.06132960517,0.0,26654.06132960517,0,None,418084.640490853
2022-10-13,26654.06132960517,0.0,26654.06132960517,0,None,429118.4318632365
2022-10-14,26654.06132960517,0.0,26654.06132960517,0,None,419339.2478913369
2022-10-17,26654.06132960517,0.0,26654.06132960517,0,None,430115.06252496847
2022-10-18,26654.06132960517,0.0,26654.06132960517,0,None,435168.69304348476
2022-10-19,26654.06132960517,0.0,26654.06132960517,0,None,432084.95707297215
2022-10-20,26654.06132960517,0.0,26654.06132960517,0,None,428461.7877844528
2022-10-21,26654.06132960517,0.0,26654.06132960517,0,None,438874.0229295906
2022-10-24,26654.06132960517,0.0,26654.06132960517,0,None,444244.34863228985
2022-10-25,26654.06132960517,0.0,26654.06132960517,0,None,451338.20015527593
2022-10-26,26654.06132960517,0.0,26654.06132960517,0,None,447937.80668892787
2022-10-27,26654.06132960517,0.0,26654.06132960517,0,None,445545.7649603895
2022-10-28,26654.06132960517,0.0,26654.06132960517,0,None,456145.72576450807
2022-10-31,26654.06132960517,0.0,26654.06132960517,0,None,452850.74660616426
2022-11-01,26654.06132960517,0.0,26654.06132960517,0,None,450869.24404712545
2022-11-02,26654.06132960517,0.0,26654.06132960517,0,None,439554.14684887725
2022-11-03,26654.06132960517,0.0,26654.06132960517,0,None,435028.00244220486
2022-11-04,26654.06132960517,0.0,26654.06132960517,0,None,441289.4691219368
2022-11-07,26654.06132960517,0.0,26654.06132960517,0,None,445510.67710885144
2022-11-08,26654.06132960517,0.0,26654.06132960517,0,None,447914.40222512
2022-11-09,26654.06132960517,0.0,26654.06132960517,0,None,438686.4480239999
2022-11-10,26654.06132960517,0.0,26654.06132960517,0,None,462794.0256431516
2022-11-11,26654.06132960517,0.0,26654.06132960517,0,None,467273.24805716565
2022-11-14,26654.06132960517,0.0,26654.06132960517,0,None,463298.29573292524
2022-11-15,26654.06132960517,0.0,26654.06132960517,0,None,467249.76821666275
2022-11-16,26654.06132960517,0.0,26654.06132960517,0,None,463685.24199687934
2022-11-17,26654.06132960517,0.0,26654.06132960517,0,None,462266.3887779176
2022-11-18,26654.06132960517,0.0,26654.06132960517,0,None,464365.25285112346
2022-11-21,26654.06132960517,0.0,26654.06132960517,0,None,462676.8148823746
2022-11-22,26654.06132960517,0.0,26654.06132960517,0,None,468903.080645526
2022-11-23,26654.06132960517,0.0,26654.06132960517,0,None,471857.92246753146
2022-11-24,26654.06132960517,0.0,26654.06132960517,0,None,471857.92246753146
2022-11-25,26654.06132960517,0.0,26654.06132960517,0,None,471752.3197177896
2022-11-28,26654.06132960517,0.0,26654.06132960517,0,None,464224.59993819107
2022-11-29,26654.06132960517,0.0,26654.06132960517,0,None,463427.1898814324
2022-11-30,26654.06132960517,0.0,26654.06132960517,0,None,478025.4697852518
2022-12-01,26654.06132960517,0.0,26654.06132960517,0,None,477673.6867495307
2022-12-02,26654.06132960517,0.0,26654.06132960517,0,None,477122.60773214133
2022-12-05,26654.06132960517,0.0,26654.06132960517,0,None,468539.5011570322
2022-12-06,26654.06132960517,0.0,26654.06132960517,0,None,461785.6362169944
2022-12-07,26654.06132960517,0.0,26654.06132960517,0,None,461000.060301356
2022-12-08,26654.06132960517,0.0,26654.06132960517,0,None,464611.47082545015
2022-12-09,26654.06132960517,0.0,26654.06132960517,0,None,461140.67552594084
2022-12-12,26654.06132960517,0.0,26654.06132960517,0,None,467789.1261579744
2022-12-13,26654.06132960517,0.0,26654.06132960517,0,None,471330.24791394995
2022-12-14,26654.06132960517,0.0,26654.06132960517,0,None,468316.7630232084
2022-12-15,26654.06132960517,0.0,26654.06132960517,0,None,456860.9375353328
2022-12-16,26654.06132960517,0.0,26654.06132960517,0,None,451467.2073688257
2022-12-19,26654.06132960517,0.0,26654.06132960517,0,None,447638.90040477284
2022-12-20,26654.06132960517,0.0,26654.06132960517,0,None,448251.33605191944
2022-12-21,26654.06132960517,0.0,26654.06132960517,0,None,454953.907150987
2022-12-22,26654.06132960517,0.0,26654.06132960517,0,None,448463.483760091
2022-12-23,26654.06132960517,0.0,26654.06132960517,0,None,451043.1757709151
2022-12-26,26654.06132960517,0.0,26654.06132960517,0,None,451043.1757709151
2022-12-27,26654.06132960517,0.0,26654.06132960517,0,None,449264.3611448212
2022-12-28,26654.06132960517,0.0,26654.06132960517,0,None,443681.05859030504
2022-12-29,26654.06132960517,0.0,26654.06132960517,0,None,451667.37018248695
2022-12-30,26654.06132960517,0.0,26654.06132960517,0,None,450477.7374931218
2023-01-02,26654.06132960517,0.0,26654.06132960517,0,None,450477.7374931218
2023-01-03,26654.06132960517,0.0,26654.06132960517,0,None,448581.2221577332
2023-01-04,26654.06132960517,0.0,26654.06132960517,0,None,452044.3290343491
2023-01-05,26654.06132960517,0.0,26654.06132960517,0,None,446885.020389396
2023-01-06,26654.06132960517,0.0,26654.06132960517,0,None,457132.9720277084
2023-01-09,26654.06132960517,0.0,26654.06132960517,0,None,456873.9400152261
2023-01-10,26654.06132960517,0.0,26654.06132960517,0,None,460077.90181431704
2023-01-11,26654.06132960517,0.0,26654.06132960517,0,None,465896.9072942027
2023-01-12,26654.06132960517,0.0,26654.06132960517,0,None,467593.10906254
2023-01-13,26654.06132960517,0.0,26654.06132960517,0,None,469407.1246052145
2023-01-16,26654.06132960517,0.0,26654.06132960517,0,None,469407.1246052145
2023-01-17,26654.06132960517,0.0,26654.06132960517,0,None,468547.2649566207
2023-01-18,26654.06132960517,0.0,26654.06132960517,0,None,461149.7961060399
2023-01-19,26654.06132960517,0.0,26654.06132960517,0,None,457792.70655098854
2023-01-20,26654.06132960517,0.0,26654.06132960517,0,None,466320.9765804608
2023-01-23,26654.06132960517,0.0,26654.06132960517,0,None,471916.2263411398
2023-01-24,26654.06132960517,0.0,26654.06132960517,0,None,471409.61957382015
2023-01-25,26654.06132960517,0.0,26654.06132960517,0,None,471586.26485863095
2023-01-26,26654.06132960517,0.0,26654.06132960517,0,None,476769.24178582465
2023-01-27,26654.06132960517,0.0,26654.06132960517,0,None,477864.6912947454
2023-01-30,26654.06132960517,0.0,26654.06132960517,0,None,471869.0782183964
2023-01-31,26654.06132960517,0.0,26654.06132960517,0,None,478807.0507360534
2023-02-01,26654.06132960517,0.0,26654.06132960517,0,None,483895.61835271766
2023-02-02,26654.06132960517,0.0,26654.06132960517,0,None,490939.79663367674
2023-02-03,26654.06132960517,0.0,26654.06132960517,0,None,485721.50572485995
2023-02-06,26654.06132960517,0.0,26654.06132960517,0,None,482753.1714744435
2023-02-07,26654.06132960517,0.0,26654.06132960517,0,None,489066.94958052866
2023-02-08,26654.06132960517,0.0,26654.06132960517,0,None,483719.01075625437
2023-02-09,26654.06132960517,0.0,26654.06132960517,0,None,479525.61676980706
2023-02-10,26654.06132960517,0.0,26654.06132960517,0,None,480644.5838075783
2023-02-13,26654.06132960517,0.0,26654.06132960517,0,None,486286.9063143057
2023-02-14,26654.06132960517,0.0,26654.06132960517,0,None,486063.15059509897
2023-02-15,26654.06132960517,0.0,26654.06132960517,0,None,487641.5762774465
2023-02-16,26654.06132960517,0.0,26654.06132960517,0,None,480927.35947899625
2023-02-17,26654.06132960517,0.0,26654.06132960517,0,None,479725.89264851087
2023-02-20,26654.06132960517,0.0,26654.06132960517,0,None,479725.89264851087
2023-02-21,26654.06132960517,0.0,26654.06132960517,0,None,470102.06004507525
2023-02-22,26654.06132960517,0.0,26654.06132960517,0,None,469454.2350396104
2023-02-23,26654.06132960517,0.0,26654.06132960517,0,None,471951.50263441546
2023-02-24,26654.06132960517,0.0,26654.06132960517,0,None,466909.894698757
2023-02-27,26654.06132960517,0.0,26654.06132960517,0,None,468500.1545222248
2023-02-28,26654.06132960517,0.0,26654.06132960517,0,None,466768.63877226436
2023-03-01,26654.06132960517,0.0,26654.06132960517,0,None,464978.0276933977
2023-03-02,26654.06132960517,0.0,26654.06132960517,0,None,468594.337702669
2023-03-03,26654.06132960517,0.0,26654.06132960517,0,None,476109.62032758706
2023-03-06,26654.06132960517,0.0,26654.06132960517,0,None,476439.3933683583
2023-03-07,26654.06132960517,0.0,26654.06132960517,0,None,469136.2207632644
2023-03-08,26654.06132960517,0.0,26654.06132960517,0,None,469901.8595430664
2023-03-09,26654.06132960517,0.0,26654.06132960517,0,None,461232.22052205895
2023-03-10,26654.06132960517,0.0,26654.06132960517,0,None,454576.9106107773
2023-03-13,26654.06132960517,0.0,26654.06132960517,0,None,453929.047916965
2023-03-14,26654.06132960517,0.0,26654.06132960517,0,None,461432.53408911027
2023-03-15,26654.06132960517,0.0,26654.06132960517,0,None,458546.6619430604
2023-03-16,26654.06132960517,0.0,26654.06132960517,0,None,466591.80504571594
2023-03-17,26654.06132960517,0.0,26654.06132960517,0,None,461136.1152358913
2023-03-20,26654.06132960517,0.0,26654.06132960517,0,None,465570.2623862754
2023-03-21,26654.06132960517,0.0,26654.06132960517,0,None,471683.38773018157
2023-03-22,26654.06132960517,0.0,26654.06132960517,0,None,463642.8802942706
2023-03-23,26654.06132960517,0.0,26654.06132960517,0,None,464896.281667634
2023-03-24,26654.06132960517,0.0,26654.06132960517,0,None,467947.00264572195
2023-03-27,26654.06132960517,0.0,26654.06132960517,0,None,468821.899944975
2023-03-28,26654.06132960517,0.0,26654.06132960517,0,None,467769.6412823083
2023-03-29,26654.06132960517,0.0,26654.06132960517,0,None,474568.5061092811
2023-03-30,26654.06132960517,0.0,26654.06132960517,0,None,477347.305660036
2023-03-31,26654.06132960517,0.0,26654.06132960517,0,None,484075.27870532987
2023-04-03,26654.06132960517,0.0,26654.06132960517,0,None,485919.8218094929
2023-04-04,26654.06132960517,0.0,26654.06132960517,0,None,483223.93662327476
2023-04-05,26654.06132960517,0.0,26654.06132960517,0,None,481958.8141738337
2023-04-06,26654.06132960517,0.0,26654.06132960517,0,None,483838.82201301
2023-04-07,26654.06132960517,0.0,26654.06132960517,0,None,483838.82201301
2023-04-10,26654.06132960517,0.0,26654.06132960517,0,None,484335.4036798902
2023-04-11,26654.06132960517,0.0,26654.06132960517,0,None,484465.4661671704
2023-04-12,26654.06132960517,0.0,26654.06132960517,0,None,482490.8605757272
2023-04-13,26654.06132960517,0.0,26654.06132960517,0,None,488899.651005902
2023-04-14,26654.06132960517,0.0,26654.06132960517,0,None,487705.3826497923
2023-04-17,26654.06132960517,0.0,26654.06132960517,0,None,489455.3656900359
2023-04-18,26654.06132960517,0.0,26654.06132960517,0,None,489774.62368185003
2023-04-19,26654.06132960517,0.0,26654.06132960517,0,None,489691.8600707033
2023-04-20,26654.06132960517,0.0,26654.06132960517,0,None,487019.4924133356
2023-04-21,26654.06132960517,0.0,26654.06132960517,0,None,487397.95879909844
2023-04-24,26654.06132960517,0.0,26654.06132960517,0,None,487906.37460709893
2023-04-25,26654.06132960517,0.0,26654.06132960517,0,None,480161.45688076154
2023-04-26,26654.06132960517,0.0,26654.06132960517,0,None,478127.68058371707
2023-04-27,26654.06132960517,0.0,26654.06132960517,0,None,487646.2496325386
2023-04-28,26654.06132960517,0.0,26654.06132960517,0,None,491808.3999788945
2023-05-01,26654.06132960517,0.0,26654.06132960517,0,None,491311.7806236667
2023-05-02,26654.06132960517,0.0,26654.06132960517,0,None,485789.83469890774
2023-05-03,26654.06132960517,0.0,26654.06132960517,0,None,482455.3204640189
2023-05-04,26654.06132960517,0.0,26654.06132960517,0,None,479038.1556830259
2023-05-05,26654.06132960517,0.0,26654.06132960517,0,None,487906.37460709893
2023-05-08,26654.06132960517,0.0,26654.06132960517,0,None,488036.4370943791
2023-05-09,26654.06132960517,0.0,26654.06132960517,0,None,485896.19121559995
2023-05-10,26654.06132960517,0.0,26654.06132960517,0,None,488166.57495835435
2023-05-11,26654.06132960517,0.0,26654.06132960517,0,None,487315.19518795173
2023-05-12,34.72626249320456,26606.032051086426,26640.75831357963,1,EFA,486676.60382762854
2023-05-15,34.72626249320456,26809.743202209473,26844.469464702677,1,EFA,488355.7327745407
2023-05-16,34.72626249320456,26555.104263305664,26589.83052579887,1,EFA,485092.22338637337
2023-05-17,34.72626249320456,26678.782928466797,26713.50919096,1,EFA,490980.6884907324
2023-05-18,34.72626249320456,26638.77289581299,26673.499158306193,1,EFA,495710.42535069
2023-05-19,34.72626249320456,26795.195510864258,26829.921773357462,1,EFA,494989.14575591515
2023-05-22,34.72626249320456,26802.467803955078,26837.194066448283,1,EFA,495190.2130899168
2023-05-23,34.72626249320456,26409.596298217773,26444.322560710978,1,EFA,489632.72705344955
2023-05-24,34.72626249320456,26024.003295898438,26058.729558391642,1,EFA,486085.42440848134
2023-05-25,34.72626249320456,25987.627857208252,26022.354119701457,1,EFA,490294.8359426232
2023-05-26,34.72626249320456,26242.2621383667,26276.988400859904,1,EFA,496644.5687322393
2023-05-29,34.72626249320456,26242.2621383667,26276.988400859904,1,EFA,496644.5687322393
2023-05-30,34.72626249320456,25976.71475982666,26011.441022319865,1,EFA,496833.76423677325
2023-05-31,34.72626249320456,25707.5203666687,25742.246629161906,1,EFA,494078.6706566063
2023-06-01,34.72626249320456,26089.478775024414,26124.20503751762,1,EFA,498772.90509320324
2023-06-02,34.72626249320456,26427.783241271973,26462.509503765177,1,EFA,505985.77641764714
2023-06-05,34.72626249320456,26275.00298309326,26309.729245586466,1,EFA,505016.1683010846
2023-06-06,34.72626249320456,26493.271141052246,26527.99740354545,1,EFA,506115.8389049273
2023-06-07,34.72626249320456,26260.25966644287,26294.985928936076,1,EFA,504365.8181763362
2023-06-08,34.72626249320456,26538.08486175537,26572.811124248576,1,EFA,507416.5014660767
2023-06-09,34.72626249320456,26493.637550354004,26528.36381284721,1,EFA,508326.97656538547
2023-06-12,34.72626249320456,26608.47270965576,26643.198972148966,1,EFA,512938.37201414065
2023-06-13,34.72626249320456,26860.37289428711,26895.099156780314,1,EFA,516320.22281351045
2023-06-14,34.72626249320456,26960.38710784912,26995.113370342326,1,EFA,516934.99513820314
2023-06-15,34.72626249320456,27245.621223449707,27280.34748594291,1,EFA,523343.82325672545
2023-06-16,34.72626249320456,27186.34986114502,27221.076123638224,1,EFA,521561.20210753236
2023-06-19,34.72626249320456,27186.34986114502,27221.076123638224,1,EFA,521561.20210753236
2023-06-20,34.72626249320456,26827.02964782715,26861.755910320353,1,EFA,518855.21644417976
2023-06-21,34.72626249320456,26867.77870941162,26902.504971904826,1,EFA,516196.7557870457
2023-06-22,34.72626249320456,26701.078002929688,26735.804265422892,1,EFA,518060.1430649671
2023-06-23,34.72626249320456,26286.190887451172,26320.917149944376,1,EFA,514143.56999103015
2023-06-26,34.72626249320456,26319.53102874756,26354.257291240763,1,EFA,512042.8968771435
2023-06-27,34.72626249320456,26549.1982421875,26583.924504680705,1,EFA,517656.5762397582
2023-06-28,34.72626249320456,26567.720542907715,26602.44680540092,1,EFA,517917.64342300646
2023-06-29,34.72626249320456,26530.682151794434,26565.408414287638,1,EFA,519958.99507790175
2023-06-30,34.72626249320456,26856.662223815918,26891.388486309123,1,EFA,526094.884183708
2023-07-03,34.72626249320456,26827.02964782715,26861.755910320353,1,EFA,526700.1590448265
2023-07-04,34.72626249320456,26827.02964782715,26861.755910320353,1,EFA,526700.1590448265
2023-07-05,34.72626249320456,26526.97769165039,26561.703954143595,1,EFA,525916.844430039
2023-07-06,34.72626249320456,26067.63705444336,26102.363316936564,1,EFA,521798.5633201926
2023-07-07,34.72626249320456,26263.96723175049,26298.693494243693,1,EFA,520481.16713274585
2023-07-10,34.72626249320456,26338.0502243042,26372.776486797404,1,EFA,521798.5633201926
2023-07-11,34.72626249320456,26575.126358032227,26609.85262052543,1,EFA,525121.5826090889
2023-07-12,34.72626249320456,27082.631187438965,27117.35744993217,1,EFA,529346.7101841453
2023-07-13,34.72626249320456,27516.03749847412,27550.763760967326,1,EFA,533548.094100266
2023-07-14,34.72626249320456,27360.45327758789,27395.179540081095,1,EFA,533215.8713169062
2023-07-17,34.72626249320456,27327.116241455078,27361.842503948283,1,EFA,535067.2360119697
2023-07-18,34.72626249320456,27504.927223205566,27539.65348569877,1,EFA,539043.0928565506
2023-07-19,34.72626249320456,27490.10627746582,27524.832539959025,1,EFA,540241.8838143622
2023-07-20,34.72626249320456,27349.34610748291,27384.072369976115,1,EFA,536657.6089004801
2023-07-21,34.72626249320456,27404.91611480713,27439.642377300333,1,EFA,536657.6089004801
2023-07-24,34.72626249320456,27338.229621887207,27372.95588438041,1,EFA,539054.9646860183
2023-07-25,34.72626249320456,27367.862197875977,27402.58846036918,1,EFA,540526.619279851
2023-07-26,34.72626249320456,27441.957611083984,27476.68387357719,1,EFA,540609.7974628204
2023-07-27,34.72626249320456,27378.981788635254,27413.70805112846,1,EFA,537025.4848605908
2023-07-28,34.72626249320456,27575.30886077881,27610.035123272013,1,EFA,542283.1977809101
2023-07-31,34.72626249320456,27582.717781066895,27617.4440435601,1,EFA,543315.7454378254
2023-08-01,34.72626249320456,27238.215408325195,27272.9416708184,1,EFA,541760.950349371
2023-08-02,34.72626249320456,26730.71368408203,26765.439946575236,1,EFA,534224.5999381911
2023-08-03,34.72626249320456,26656.627586364746,26691.35384885795,1,EFA,532693.5861970196
2023-08-04,34.72626249320456,26730.71368408203,26765.439946575236,1,EFA,530284.3585820135
2023-08-07,34.72626249320456,26956.682647705078,26991.408910198283,1,EFA,534912.9022288888
2023-08-08,34.72626249320456,26793.68950653076,26828.415769023966,1,EFA,532586.7774201572
2023-08-09,34.72626249320456,26786.280586242676,26821.00684873588,1,EFA,529026.3215419056
2023-08-10,34.72626249320456,26901.118850708008,26935.845113201212,1,EFA,529216.1577483474
2023-08-11,34.72626249320456,26719.603408813477,26754.32967130668,1,EFA,528907.5655588805
2023-08-14,34.72626249320456,26601.063789367676,26635.79005186088,1,EFA,531827.2064643053
2023-08-15,34.72626249320456,26271.373046875,26306.099309368205,1,EFA,525632.0335878553
2023-08-16,34.72626249320456,26056.520568847656,26091.24683134086,1,EFA,521774.8573496046
2023-08-17,34.72626249320456,25871.300666809082,25906.026929302287,1,EFA,517799.0381933713
2023-08-18,34.72626249320456,25871.300666809082,25906.026929302287,1,EFA,518048.27123549936
2023-08-21,34.72626249320456,25967.6166305542,26002.342893047404,1,EFA,521418.8155306142
2023-08-22,34.72626249320456,25919.457096099854,25954.183358593058,1,EFA,520006.52008412033
2023-08-23,34.72626249320456,26200.991409301758,26235.717671794962,1,EFA,525798.1638237089
2023-08-24,34.72626249320456,25841.66498565674,25876.391248149943,1,EFA,518511.0841430046
2023-08-25,34.72626249320456,26015.771507263184,26050.497769756388,1,EFA,522166.51465699833
2023-08-28,34.72626249320456,26289.895347595215,26324.62161008842,1,EFA,525477.6998047744
2023-08-29,34.72626249320456,26615.878524780273,26650.604787273478,1,EFA,533073.4470516405
2023-08-30,34.72626249320456,26601.063789367676,26635.79005186088,1,EFA,535269.0194245742
2023-08-31,34.72626249320456,26497.342010498047,26532.06827299125,1,EFA,534485.8178748294
2023-09-01,34.72626249320456,26482.5210647583,26517.247327251505,1,EFA,535482.6746666465
2023-09-04,34.72626249320456,26482.5210647583,26517.247327251505,1,EFA,535482.6746666465
2023-09-05,34.72626249320456,26252.85385131836,26287.580113811564,1,EFA,533168.3463106876
2023-09-06,34.72626249320456,26197.286949157715,26232.01321165092,1,EFA,529584.184461848
2023-09-07,34.72626249320456,26112.084365844727,26146.81062833793,1,EFA,527958.1960849344
2023-09-08,34.72626249320456,26075.04286956787,26109.769132061076,1,EFA,528753.3071524946
2023-09-11,34.72626249320456,26345.46224975586,26380.188512249064,1,EFA,532230.8109778619
2023-09-12,34.72626249320456,26238.036010742188,26272.762273235392,1,EFA,529311.1700724369
2023-09-13,34.72626249320456,26156.537887573242,26191.264150066447,1,EFA,529928.2790746756
2023-09-14,34.72626249320456,26501.043365478516,26535.76962797172,1,EFA,534497.6143276022
2023-09-15,34.72626249320456,26441.775108337402,26476.501370830607,1,EFA,528057.7686990736
2023-09-18,34.72626249320456,26349.166709899902,26383.892972393107,1,EFA,528367.491538966
2023-09-19,34.72626249320456,26371.39347076416,26406.119733257365,1,EFA,527271.7028349175
2023-09-20,34.72626249320456,26308.414543151855,26343.14080564506,1,EFA,522424.37833070767
2023-09-21,34.72626249320456,25871.300666809082,25906.026929302287,1,EFA,513789.45027776307
2023-09-22,34.72626249320456,25893.52742767334,25928.253690166544,1,EFA,512634.2270496807
2023-09-25,34.72626249320456,25778.692268371582,25813.418530864787,1,EFA,514789.96283928934
2023-09-26,34.72626249320456,25445.300170898438,25480.026433391642,1,EFA,507227.0421431101
2023-09-27,34.72626249320456,25397.139083862305,25431.86534635551,1,EFA,507429.5039459699
2023-09-28,34.72626249320456,25604.58885192871,25639.315114421915,1,EFA,510371.2302230396
2023-09-29,34.72626249320456,25530.49964904785,25565.225911541056,1,EFA,509132.7157469453
2023-10-02,34.72626249320456,25156.363147735596,25191.0894102288,1,EFA,508930.1785673905
2023-10-03,34.72626249320456,24841.484035491943,24876.210297985148,1,EFA,502117.5574935741
2023-10-04,34.72626249320456,24885.93755722046,24920.663819713664,1,EFA,505773.9679046032
2023-10-05,34.72626249320456,25104.496047973633,25139.222310466837,1,EFA,505583.49099625373
2023-10-06,34.72626249320456,25382.325901031494,25417.0521635247,1,EFA,511586.18948193593
2023-10-09,34.72626249320456,25345.285957336426,25380.01221982963,1,EFA,514861.3822578335
2023-10-10,34.72626249320456,25693.489685058594,25728.2159475518,1,EFA,517541.0991429669
2023-10-11,34.72626249320456,25800.91902923584,25835.645291729044,1,EFA,519661.1817558247
2023-10-12,34.72626249320456,25586.063446044922,25620.789708538126,1,EFA,516493.0615752221
2023-10-13,34.72626249320456,25348.987312316895,25383.7135748101,1,EFA,513920.5303504262
2023-10-16,34.72626249320456,25534.204109191895,25568.9303716851,1,EFA,519327.6775686493
2023-10-17,34.72626249320456,25549.02039718628,25583.746659679484,1,EFA,519303.89622136625
2023-10-18,34.72626249320456,25104.496047973633,25139.222310466837,1,EFA,512384.1271755598
2023-10-19,34.72626249320456,24882.234649658203,24916.960912151408,1,EFA,507882.0656229507
2023-10-20,34.72626249320456,24659.973251342773,24694.699513835978,1,EFA,501641.2521576579
2023-10-23,34.72626249320456,24678.497104644775,24713.22336713798,1,EFA,500771.7442920997
2023-10-24,34.72626249320456,24819.26037979126,24853.986642284464,1,EFA,504547.2875696292
2023-10-25,34.72626249320456,24641.45095062256,24676.177213115763,1,EFA,497305.8861661151
2023-10-26,34.72626249320456,24463.643074035645,24498.36933652885,1,EFA,491350.90112838906
2023-10-27,34.72626249320456,24389.553871154785,24424.28013364799,1,EFA,489123.74592023634
2023-10-30,34.72626249320456,24700.72076034546,24735.447022838664,1,EFA,494971.54529762483
2023-10-31,34.72626249320456,24789.629356384277,24824.355618877482,1,EFA,498080.1555774985
2023-11-01,34.72626249320456,25023.00102996826,25057.727292461466,1,EFA,503391.98896485183
2023-11-02,34.72626249320456,25534.204109191895,25568.9303716851,1,EFA,513039.1506554003
2023-11-03,34.72626249320456,25804.626594543457,25839.35285703666,1,EFA,517719.77959854365
2023-11-06,34.72626249320456,25674.97204208374,25709.698304576945,1,EFA,518910.8067567669
2023-11-07,34.72626249320456,25519.384716033936,25554.11097852714,1,EFA,520387.62465420936
2023-11-08,34.72626249320456,25486.052337646484,25520.77860013969,1,EFA,520768.8422893409
2023-11-09,34.72626249320456,25482.344772338867,25517.07103483207,1,EFA,516707.5082725922
2023-11-10,110.06430007622475,25495.512084960938,25605.576385037162,1,SPY,524770.6287170133
2023-11-13,110.06430007622475,25471.20849609375,25581.272796169975,1,SPY,524270.39128042385
2023-11-14,110.06430007622475,25965.3662109375,26075.430511013725,1,SPY,534441.5717548447
2023-11-15,110.06430007622475,26020.339965820312,26130.404265896537,1,SPY,535573.0890123391
2023-11-16,110.06430007622475,26052.163696289062,26162.227996365287,1,SPY,536228.1124921796
2023-11-17,110.06430007622475,26084.56787109375,26194.632171169975,1,SPY,536895.083178183
2023-11-20,110.06430007622475,26285.357666015625,26395.42196609185,1,SPY,541027.9119901708
2023-11-21,110.06430007622475,26228.069458007812,26338.133758084037,1,SPY,539848.7566614153
2023-11-22,110.06430007622475,26329.3359375,26439.400237576225,1,SPY,541933.1107208272
2023-11-23,110.06430007622475,26329.3359375,26439.400237576225,1,SPY,541933.1107208272
2023-11-24,110.06430007622475,26345.537109375,26455.601409451225,1,SPY,542266.5772196552
2023-11-27,110.06430007622475,26298.08349609375,26408.147796169975,1,SPY,541289.846005412
2023-11-28,110.06430007622475,26324.126586914062,26434.190886990287,1,SPY,541825.8873721423
2023-11-29,110.06430007622475,26305.60546875,26415.669768826225,1,SPY,541444.6697370106
2023-11-30,110.06430007622475,26409.182739257812,26519.247039334037,1,SPY,543576.5864909886
2023-12-01,110.06430007622475,26565.419311523438,26675.483611599662,1,SPY,546792.3824311999
2023-12-04,110.06430007622475,26425.966186523438,26536.030486599662,1,SPY,543922.0378843269
2023-12-05,110.06430007622475,26420.7568359375,26530.821136013725,1,SPY,543814.8145356418
2023-12-06,110.06430007622475,26314.286499023438,26424.350799099662,1,SPY,541623.3501925874
2023-12-07,110.06430007622475,26515.078125,26625.142425076225,1,SPY,545756.2166929229
2023-12-08,110.06430007622475,26629.068603515625,26739.13290359185,1,SPY,548102.4670792284
2023-12-11,110.06430007622475,26732.645874023438,26842.710174099662,1,SPY,550234.3838332064
2023-12-12,110.06430007622475,26854.73876953125,26964.803069607475,1,SPY,552747.4051572734
2023-12-13,110.06430007622475,27225.071411132812,27335.135711209037,1,SPY,560369.9111308765
2023-12-14,110.06430007622475,27312.447509765625,27422.51180984185,1,SPY,562168.3613860266
2023-12-15,110.06430007622475,27267.474975585938,27377.539275662162,1,SPY,561242.6978826686
2023-12-18,110.06430007622475,27420.858764648438,27530.923064724662,1,SPY,564399.7753774488
2023-12-19,110.06430007622475,27587.598266601562,27697.662566677787,1,SPY,567831.7516790158
2023-12-20,110.06430007622475,27205.310668945312,27315.374969021537,1,SPY,559963.1784844762
2023-12-21,110.06430007622475,27463.269653320312,27573.333953396537,1,SPY,565272.7128826309
2023-12-22,110.06430007622475,27518.461303710938,27628.525603787162,1,SPY,566408.7150534798
2023-12-25,110.06430007622475,27518.461303710938,27628.525603787162,1,SPY,566408.7150534798
2023-12-26,110.06430007622475,27634.660034179688,27744.724334255912,1,SPY,568800.4175868904
2023-12-27,110.06430007622475,27684.627685546875,27794.6919856231,1,SPY,569828.894902274
2023-12-28,110.06430007622475,27695.081176757812,27805.145476834037,1,SPY,570044.057678247
2023-12-29,110.06430007622475,27614.90478515625,27724.969085232475,1,SPY,568393.7980055326
2024-01-01,110.06430007622475,27614.90478515625,27724.969085232475,1,SPY,568393.7980055326
2024-01-02,110.06430007622475,27460.36376953125,27570.428069607475,1,SPY,565212.9014751218
2024-01-03,110.06430007622475,27236.105346679688,27346.169646755912,1,SPY,560597.0211130122
2024-01-04,110.06430007622475,27148.3740234375,27258.438323513725,1,SPY,558791.2593184438
2024-01-05,110.06430007622475,27185.55908203125,27295.623382107475,1,SPY,559556.6342798133
2024-01-08,110.06430007622475,27573.656616210938,27683.720916287162,1,SPY,567544.7926010236
2024-01-09,110.06430007622475,27531.824340820312,27641.888640896537,1,SPY,566683.7646136567
2024-01-10,110.06430007622475,27687.526245117188,27797.590545193412,1,SPY,569888.555556393
2024-01-11,110.06430007622475,27675.327758789062,27785.392058865287,1,SPY,569637.4757852367
2024-01-12,110.06430007622475,27694.498901367188,27804.563201443412,1,SPY,570032.0727837366
2024-01-15,110.06430007622475,27694.498901367188,27804.563201443412,1,SPY,570032.0727837366
2024-01-16,110.06430007622475,27592.827758789062,27702.892058865287,1,SPY,567939.3895995236
2024-01-17,110.06430007622475,27439.451293945312,27549.515594021537,1,SPY,564782.4628581335
2024-01-18,110.06430007622475,27683.461303710938,27793.525603787162,1,SPY,569804.8874249059
2024-01-19,110.06430007622475,28028.571166992188,28138.635467068412,1,SPY,576908.2364114663
2024-01-22,110.06430007622475,28087.82958984375,28197.893889919975,1,SPY,578127.9444021496
2024-01-23,110.06430007622475,28169.747314453125,28279.81161452935,1,SPY,579814.0456933525
2024-01-24,110.06430007622475,28200.5419921875,28310.606292263725,1,SPY,580447.8883218886
2024-01-25,110.06430007622475,28353.920288085938,28463.984588162162,1,SPY,583604.8527516262
2024-01-26,110.06430007622475,28317.901611328125,28427.96591140435,1,SPY,582863.485267625
2024-01-29,110.06430007622475,28542.160034179688,28652.224334255912,1,SPY,587479.3656297346
2024-01-30,110.06430007622475,28520.084838867188,28630.149138943412,1,SPY,587024.994912073
2024-01-31,110.06430007622475,28054.713134765625,28164.77743484185,1,SPY,577446.3129489624
2024-02-01,110.06430007622475,28421.898193359375,28531.9624934356,1,SPY,585004.0326531843
2024-02-02,110.06430007622475,28721.107177734375,28831.1714778106,1,SPY,591162.6101441956
2024-02-05,110.06430007622475,28616.5283203125,28726.592620388725,1,SPY,589010.077864126
2024-02-06,110.06430007622475,28699.610595703125,28809.67489577935,1,SPY,590720.1489443494
2024-02-07,110.06430007622475,28938.975219726562,29049.039519802787,1,SPY,595646.9581734719
2024-02-08,110.06430007622475,28951.761474609375,29061.8257746856,1,SPY,595910.135904181
2024-02-09,110.06430007622475,29119.085083007812,29229.149383084037,1,SPY,599354.134788606
2024-02-12,110.06430007622475,29106.298828125,29216.363128201225,1,SPY,599090.9570578968
2024-02-13,110.06430007622475,28705.418701171875,28815.4830012481,1,SPY,590839.6963826724
2024-02-14,110.06430007622475,28966.287231445312,29076.351531521537,1,SPY,596209.1175650312
2024-02-15,110.06430007622475,29166.143188476562,29276.207488552787,1,SPY,600322.7253197855
2024-02-16,110.06430007622475,29020.896606445312,29130.960906521537,1,SPY,597333.1348413697
2024-02-19,110.06430007622475,29020.896606445312,29130.960906521537,1,SPY,597333.1348413697
2024-02-20,110.06430007622475,28861.122436523438,28971.186736599662,1,SPY,594044.5250137562
2024-02-21,110.06430007622475,28887.269897460938,28997.334197537162,1,SPY,594582.7146162948
2024-02-22,110.06430007622475,29485.103759765625,29595.16805984185,1,SPY,606887.8470154597
2024-02-23,110.06430007622475,29505.437622070312,29615.501922146537,1,SPY,607306.3761146328
2024-02-26,110.06430007622475,29397.374267578125,29507.43856765435,1,SPY,605082.1229092389
2024-02-27,110.06430007622475,29451.985473632812,29562.049773709037,1,SPY,606206.1778739248
2024-02-28,110.06430007622475,29413.064575195312,29523.128875271537,1,SPY,605405.0743591096
2024-02-29,110.06430007622475,29518.796997070312,29628.861297146537,1,SPY,607581.3502981148
2024-03-01,110.06430007622475,29795.9326171875,29905.996917263725,1,SPY,613285.5947598121
2024-03-04,110.06430007622475,29763.975219726562,29874.039519802787,1,SPY,612627.8200306029
2024-03-05,110.06430007622475,29466.51123046875,29576.575530544975,1,SPY,606505.159534775
2024-03-06,110.06430007622475,29615.826416015625,29725.89071609185,1,SPY,609578.493521373
2024-03-07,110.06430007622475,29909.807739257812,30019.872039334037,1,SPY,615629.4707802241
2024-03-08,110.06430007622475,29730.280151367188,29840.344451443412,1,SPY,611934.2790596003
2024-03-11,110.06430007622475,29704.716796875,29814.781096951225,1,SPY,611408.1120399195
2024-03-12,110.06430007622475,30024.263305664062,30134.327605740287,1,SPY,617985.2940067989
2024-03-13,110.06430007622475,29977.196044921875,30087.2603449981,1,SPY,617016.5150338818
2024-03-14,110.06430007622475,29917.939453125,30028.003753201225,1,SPY,615796.8447315459
2024-03-15,110.06430007622475,29712.504272460938,29822.568572537162,1,SPY,611568.4005819081
2024-03-18,110.06430007622475,29889.091186523438,29999.155486599662,1,SPY,615203.06481642
2024-03-19,110.06430007622475,30055.18798828125,30165.252288357475,1,SPY,618621.8125080087
2024-03-20,110.06430007622475,30333.176879882812,30443.241179959037,1,SPY,624343.6197396489
2024-03-21,110.06430007622475,30433.423461914062,30543.487761990287,1,SPY,626406.9813894939
2024-03-22,110.06430007622475,30375.726928710938,30485.791228787162,1,SPY,625219.4215592423
2024-03-25,110.06430007622475,30291.80419921875,30401.868499294975,1,SPY,623492.0515275087
2024-03-26,110.06430007622475,30235.852661132812,30345.916961209037,1,SPY,622340.4086924404
2024-03-27,110.06430007622475,30489.9462890625,30600.010589138725,1,SPY,627570.3829889874
2024-03-28,110.06430007622475,30484.118041992188,30594.182342068412,1,SPY,627450.4209788417
2024-03-29,110.06430007622475,30484.118041992188,30594.182342068412,1,SPY,627450.4209788417
2024-04-01,110.06430007622475,30431.090698242188,30541.154998318412,1,SPY,626358.9664347577
2024-04-02,110.06430007622475,30237.603149414062,30347.667449490287,1,SPY,622376.4387526663
2024-04-03,110.06430007622475,30270.818481445312,30380.882781521537,1,SPY,623060.1053766196
2024-04-04,110.06430007622475,29901.331787109375,30011.3960871856,1,SPY,615455.0114195693
2024-04-05,110.06430007622475,30213.7060546875,30323.770354763725,1,SPY,621884.5681292258
2024-04-08,110.06430007622475,30230.606689453125,30340.67098952935,1,SPY,622232.4315768051
2024-04-09,110.06430007622475,30265.576171875,30375.640471951225,1,SPY,622952.2036376792
2024-04-10,110.06430007622475,29962.52197265625,30072.586272732475,1,SPY,616714.4806168828
2024-04-11,110.06430007622475,30188.648071289062,30298.712371365287,1,SPY,621368.8030934595
2024-04-12,110.06430007622475,29771.949462890625,29882.01376296685,1,SPY,612791.9527840381
2024-04-15,110.06430007622475,29398.965454101562,29509.029754177787,1,SPY,605114.8740832309
2024-04-16,110.06430007622475,29345.3466796875,29455.410979763725,1,SPY,604011.2462028989
2024-04-17,110.06430007622475,29171.676635742188,29281.740935818412,1,SPY,600436.6195059811
2024-04-18,110.06430007622475,29111.6455078125,29221.709807888725,1,SPY,599201.0070326456
2024-04-19,110.06430007622475,28857.551879882812,28967.616179959037,1,SPY,593971.0327360986
2024-04-22,110.06430007622475,29123.302001953125,29233.36630202935,1,SPY,599440.931052937
2024-04-23,110.06430007622475,29468.895263671875,29578.9595637481,1,SPY,606554.2297632417
2024-04-24,110.06430007622475,29454.90966796875,29564.973968044975,1,SPY,606266.3661649091
2024-04-25,110.06430007622475,29343.017578125,29453.081878201225,1,SPY,603963.3066248577
2024-04-26,110.06430007622475,29621.00830078125,29731.072600857475,1,SPY,609685.1515448453
2024-04-29,110.06430007622475,29725.909423828125,29835.97372390435,1,SPY,611844.316974078
2024-04-30,110.06430007622475,29255.011596679688,29365.075896755912,1,SPY,602151.8915781619
2024-05-01,110.06430007622475,29160.02197265625,29270.086272732475,1,SPY,600196.7331740372
2024-05-02,110.06430007622475,29432.764892578125,29542.82919265435,1,SPY,605810.563290042
2024-05-03,110.06430007622475,29797.593383789062,29907.657683865287,1,SPY,613319.7780910098
2024-05-06,110.06430007622475,30105.305786132812,30215.370086209037,1,SPY,619653.3802678888
2024-05-07,110.06430007622475,30138.526611328125,30248.59091140435,1,SPY,620337.1599568845
2024-05-08,110.06430007622475,30141.439819335938,30251.504119412162,1,SPY,620397.1221177835
2024-05-09,110.06430007622475,30315.113525390625,30425.17782546685,1,SPY,623971.8241913965
2024-05-10,110.06430007622475,30354.160766601562,30464.225066677787,1,SPY,624775.5282021904
2024-05-13,110.06430007622475,30358.238525390625,30468.30282546685,1,SPY,624859.4601521101
2024-05-14,110.06430007622475,30497.525024414062,30607.589324490287,1,SPY,627726.3750593591
2024-05-15,110.06430007622475,30875.181884765625,30985.24618484185,1,SPY,635499.634423029
2024-05-16,110.06430007622475,30811.64794921875,30921.712249294975,1,SPY,634191.9241408941
2024-05-17,110.06430007622475,30855.94482421875,30966.009124294975,1,SPY,635103.6806440185
2024-05-20,110.06430007622475,30891.49658203125,31001.560882107475,1,SPY,635835.437599403
2024-05-21,110.06430007622475,30967.2509765625,31077.315276638725,1,SPY,637394.6799128645
2024-05-22,110.06430007622475,30878.09326171875,30988.157561794975,1,SPY,635559.5588955806
2024-05-23,110.06430007622475,30652.55126953125,30762.615569607475,1,SPY,630917.2590018618
2024-05-24,110.06430007622475,30855.3662109375,30965.430511013725,1,SPY,635091.7711262031
2024-05-27,110.06430007622475,30855.3662109375,30965.430511013725,1,SPY,635091.7711262031
2024-05-28,110.06430007622475,30876.925048828125,30986.98934890435,1,SPY,635535.513729865
2024-05-29,110.06430007622475,30660.71044921875,30770.774749294975,1,SPY,631085.1982783963
2024-05-30,110.06430007622475,30457.313232421875,30567.3775324981,1,SPY,626898.7012595445
2024-05-31,110.06430007622475,30734.72900390625,30844.793303982475,1,SPY,632608.7120384119
2024-06-03,110.06430007622475,30759.781494140625,30869.84579421685,1,SPY,633124.3640091356
2024-06-04,110.06430007622475,30794.1650390625,30904.229339138725,1,SPY,633832.0757988045
2024-06-05,110.06430007622475,31160.15625,31270.220550076225,1,SPY,641365.2227004454
2024-06-06,110.06430007622475,31159.581298828125,31269.64559890435,1,SPY,641353.3885593251
2024-06-07,110.06430007622475,31121.69677734375,31231.761077419975,1,SPY,640573.6166492044
2024-06-10,110.06430007622475,31217.8564453125,31327.920745388725,1,SPY,642552.8579073921
2024-06-11,110.06430007622475,31293.03955078125,31403.103850857475,1,SPY,644100.3414564284
2024-06-12,110.06430007622475,31550.0537109375,31660.118011013725,1,SPY,649390.4286672646
2024-06-13,110.06430007622475,31613.57666015625,31723.640960232475,1,SPY,650697.9128193145
2024-06-14,110.06430007622475,31632.81005859375,31742.874358669975,1,SPY,651093.7912216301
2024-06-17,110.06430007622475,31884.57275390625,31994.637053982475,1,SPY,656275.7882517882
2024-06-18,110.06430007622475,31965.5859375,32075.650237576225,1,SPY,657943.2714993178
2024-06-19,110.06430007622475,31965.5859375,32075.650237576225,1,SPY,657943.2714993178
2024-06-20,110.06430007622475,31878.746337890625,31988.81063796685,1,SPY,656155.8639299901
2024-06-21,110.06430007622475,31836.005859375,31946.070159451225,1,SPY,655276.142522255
2024-06-24,110.06430007622475,31732.52197265625,31842.586272732475,1,SPY,653146.1478740002
2024-06-25,110.06430007622475,31854.715576171875,31964.7798762481,1,SPY,655661.2420571807
2024-06-26,110.06430007622475,31894.471435546875,32004.5357356231,1,SPY,656479.5314584636
2024-06-27,110.06430007622475,31944.752197265625,32054.81649734185,1,SPY,657514.4534812726
2024-06-28,110.06430007622475,31819.046630859375,31929.1109309356,1,SPY,654927.073047555
2024-07-01,110.06430007622475,31884.5361328125,31994.600432888725,1,SPY,656275.0344848379
2024-07-02,110.06430007622475,32099.102783203125,32209.16708327935,1,SPY,660691.4304235416
2024-07-03,110.06430007622475,32242.357177734375,32352.4214778106,1,SPY,663640.0159798593
2024-07-04,110.06430007622475,32242.357177734375,32352.4214778106,1,SPY,663640.0159798593
2024-07-05,110.06430007622475,32428.27880859375,32538.343108669975,1,SPY,667466.8154100114
2024-07-08,110.06430007622475,32465.701904296875,32575.7662043731,1,SPY,668237.0898565581
2024-07-09,110.06430007622475,32497.269287109375,32607.3335871856,1,SPY,668886.8369677463
2024-07-10,110.06430007622475,32818.83544921875,32928.89974929497,1,SPY,675505.5891819367
2024-07-11,110.06430007622475,32535.85693359375,32645.921233669975,1,SPY,669681.0812033135
2024-07-12,110.06430007622475,32741.077880859375,32851.142180935596,1,SPY,673905.1158162919
2024-07-15,110.06430007622475,32831.1181640625,32941.18246413872,1,SPY,675758.4026170787
2024-07-16,110.06430007622475,33025.814208984375,33135.878509060596,1,SPY,679765.8046085311
2024-07-17,110.06430007622475,32562.75146484375,32672.815764919975,1,SPY,670234.6476516391
2024-07-18,110.06430007622475,32312.515869140625,32422.58016921685,1,SPY,665084.0827033097
2024-07-19,110.06430007622475,32097.938232421875,32208.0025324981,1,SPY,660667.460634521
2024-07-22,110.06430007622475,32428.868408203125,32538.93270827935,1,SPY,667478.9510579119
2024-07-23,110.06430007622475,32377.998046875,32488.062346951225,1,SPY,666431.8933872025
2024-07-24,110.06430007622475,31644.228515625,31754.292815701225,1,SPY,651328.8157567442
2024-07-25,110.06430007622475,31479.35302734375,31589.417327419975,1,SPY,647935.2061929492
2024-07-26,110.06430007622475,31831.907958984375,31941.9722590606,1,SPY,655191.7960005125
2024-07-29,110.06430007622475,31850.625,31960.689300076225,1,SPY,655577.0462888284
2024-07-30,110.06430007622475,31689.25048828125,31799.314788357475,1,SPY,652255.4968454853
2024-07-31,110.06430007622475,32204.34814453125,32314.412444607475,1,SPY,662857.6812621073
2024-08-01,110.06430007622475,31748.3056640625,31858.369964138725,1,SPY,653471.0214295944
2024-08-02,110.06430007622475,31157.200927734375,31267.2652278106,1,SPY,641304.3937075534
2024-08-05,110.06430007622475,30249.790649414062,30359.854949490287,1,SPY,622627.2923937377
2024-08-06,110.06430007622475,30528.682250976562,30638.746551052787,1,SPY,628367.6799807035
2024-08-07,110.06430007622475,30324.625854492188,30434.690154568412,1,SPY,624167.6151567458
2024-08-08,110.06430007622475,31025.650634765625,31135.71493484185,1,SPY,638596.7120685626
2024-08-09,110.06430007622475,31162.459716796875,31272.5240168731,1,SPY,641412.6346416215
2024-08-12,110.06430007622475,31178.836669921875,31288.9009699981,1,SPY,641749.7192218109
2024-08-13,110.06430007622475,31691.5869140625,31801.651214138725,1,SPY,652303.5871769165
2024-08-14,110.06430007622475,31791.56982421875,31901.634124294975,1,SPY,654361.5217047193
2024-08-15,110.06430007622475,32336.484375,32446.548675076225,1,SPY,665577.4231723036
2024-08-16,110.06430007622475,32408.98681640625,32519.051116482475,1,SPY,667069.7309805753
2024-08-19,110.06430007622475,32718.85986328125,32828.92416335747,1,SPY,673447.805407524
2024-08-20,110.06430007622475,32665.660400390625,32775.724700466846,1,SPY,672352.8081587735
2024-08-21,110.06430007622475,32777.911376953125,32887.975677029346,1,SPY,674663.254614938
2024-08-22,110.06430007622475,32520.6591796875,32630.723479763725,1,SPY,669368.2679189248
2024-08-23,110.06430007622475,32866.201171875,32976.26547195122,1,SPY,676480.511355499
2024-08-26,110.06430007622475,32787.85400390625,32897.91830398247,1,SPY,674867.9023419538
2024-08-27,110.06430007622475,32832.8759765625,32942.94027663872,1,SPY,675794.5834306949
2024-08-28,110.06430007622475,32642.2705078125,32752.334807888725,1,SPY,671871.3772075949
2024-08-29,110.06430007622475,32645.189208984375,32755.2535090606,1,SPY,671931.4524335365
2024-08-30,110.06430007622475,32956.82373046875,33066.88803054497,1,SPY,678345.7830507962
2024-09-02,110.06430007622475,32956.82373046875,33066.88803054497,1,SPY,678345.7830507962
2024-09-03,110.06430007622475,32278.6083984375,32388.672698513725,1,SPY,664386.1698839952
2024-09-04,110.06430007622475,32212.53662109375,32322.600921169975,1,SPY,663026.2235522021
2024-09-05,110.06430007622475,32134.185791015625,32244.25009109185,1,SPY,661413.5391619619
2024-09-06,110.06430007622475,31593.372802734375,31703.4371028106,1,SPY,650282.059592815
2024-09-09,110.06430007622475,31947.095947265625,32057.16024734185,1,SPY,657562.694566094
2024-09-10,110.06430007622475,32086.248779296875,32196.3130793731,1,SPY,660426.8582239742
2024-09-11,110.06430007622475,32415.413818359375,32525.4781184356,1,SPY,667202.017080359
2024-09-12,110.06430007622475,32688.45703125,32798.52133132622,1,SPY,672822.0280853565
2024-09-13,110.06430007622475,32859.180908203125,32969.245208279346,1,SPY,676336.01423112
2024-09-16,110.06430007622475,32907.711181640625,33017.775481716846,1,SPY,677334.906193703
2024-09-17,110.06430007622475,32921.15478515625,33031.21908523247,1,SPY,677611.6140411707
2024-09-18,110.06430007622475,32823.515625,32933.57992507622,1,SPY,675601.9205981893
2024-09-19,110.06430007622475,33383.631591796875,33493.695891873096,1,SPY,687130.7107268574
2024-09-20,110.06430007622475,33325.924072265625,33435.988372341846,1,SPY,685942.9247665206
2024-09-23,110.06430007622475,33409.200439453125,33519.264739529346,1,SPY,687656.9908115808
2024-09-24,110.06430007622475,33504.796142578125,33614.860442654346,1,SPY,689624.6240587335
2024-09-25,110.06430007622475,33430.902099609375,33540.966399685596,1,SPY,688103.673106349
2024-09-26,110.06430007622475,33563.44482421875,33673.50912429497,1,SPY,690831.7818296938
2024-09-27,110.06430007622475,33514.76806640625,33624.83236648247,1,SPY,689829.8747993095
2024-09-30,110.06430007622475,33649.072265625,33759.13656570122,1,SPY,692594.2397129654
2024-10-01,110.06430007622475,33347.6220703125,33457.68637038872,1,SPY,686389.5316845936
2024-10-02,110.06430007622475,33361.702880859375,33471.767180935596,1,SPY,686679.3550769972
2024-10-03,110.06430007622475,33300.706787109375,33410.771087185596,1,SPY,685423.8808445204
2024-10-04,110.06430007622475,33603.3251953125,33713.38949538872,1,SPY,691652.6340386079
2024-10-07,110.06430007622475,33299.534912109375,33409.599212185596,1,SPY,685399.7603021098
2024-10-08,110.06430007622475,33614.461669921875,33724.525969998096,1,SPY,691881.8545682045
2024-10-09,110.06430007622475,33847.294921875,33957.35922195122,1,SPY,696674.229461735
2024-10-10,110.06430007622475,33788.060302734375,33898.124602810596,1,SPY,695455.0114195693
2024-10-11,110.06430007622475,33990.391845703125,34100.456145779346,1,SPY,699619.5738201662
2024-10-14,110.06430007622475,34268.37890625,34378.44320632622,1,SPY,705341.3433634589
2024-10-15,110.06430007622475,34002.12158203125,34112.18588210747,1,SPY,699861.0053743583
2024-10-16,110.06430007622475,34149.906005859375,34259.970305935596,1,SPY,702902.8319024324
2024-10-17,110.06430007622475,34152.843017578125,34262.907317654346,1,SPY,702963.2840118492
2024-10-18,110.06430007622475,34284.217529296875,34394.281829373096,1,SPY,705667.3475694784
2024-10-21,110.06430007622475,34227.91259765625,34337.97689773247,1,SPY,704508.4308833395
2024-10-22,110.06430007622475,34209.730224609375,34319.794524685596,1,SPY,704134.1855924984
2024-10-23,110.06430007622475,33897.139892578125,34007.204192654346,1,SPY,697700.181657835
2024-10-24,110.06430007622475,33970.455322265625,34080.519622341846,1,SPY,699209.2230924042
2024-10-25,110.06430007622475,33958.714599609375,34068.778899685596,1,SPY,698967.565408127
2024-10-28,110.06430007622475,34063.699951171875,34173.764251248096,1,SPY,701128.4645013454
2024-10-29,110.06430007622475,34118.829345703125,34228.893645779346,1,SPY,702263.1852683787
2024-10-30,110.06430007622475,34015.609130859375,34125.673430935596,1,SPY,700138.6177421664
2024-10-31,110.06430007622475,33348.7939453125,33458.85824538872,1,SPY,686413.6522270044
2024-11-01,110.06430007622475,33489.55078125,33599.61508132622,1,SPY,689310.8308773093
2024-11-04,110.06430007622475,33417.41455078125,33527.47885085747,1,SPY,687826.0607385408
2024-11-05,110.06430007622475,33821.49169921875,33931.55599929497,1,SPY,696143.1252685294
2024-11-06,110.06430007622475,34662.484130859375,34772.548430935596,1,SPY,713453.1571528714
2024-11-07,110.06430007622475,34930.5029296875,35040.56722976372,1,SPY,718969.751332283
2024-11-08,110.06430007622475,35081.806640625,35191.87094070122,1,SPY,722084.0148642842
2024-11-11,110.06430007622475,35115.238037109375,35225.302337185596,1,SPY,722772.1287132443
2024-11-12,110.06430007622475,35006.1474609375,35116.21176101372,1,SPY,720526.7323448935
2024-11-13,110.06430007622475,35023.16162109375,35133.22592116997,1,SPY,720876.9324700189
2024-11-14,110.06430007622475,34797.94921875,34908.01351882622,1,SPY,716241.416478853
2024-11-15,110.06430007622475,34352.2412109375,34462.30551101372,1,SPY,707067.4696797243
2024-11-18,110.06430007622475,34492.994384765625,34603.058684841846,1,SPY,709964.5729533342
2024-11-19,110.06430007622475,34619.0771484375,34729.14144851372,1,SPY,712559.7171866401
2024-11-20,110.06430007622475,34630.810546875,34740.87484695122,1,SPY,712801.2241175273
2024-11-21,110.06430007622475,34816.72119140625,34926.78549148247,1,SPY,716627.7974175944
2024-11-22,110.06430007622475,34924.62890625,35034.69320632622,1,SPY,718848.8471134494
2024-11-25,110.06430007622475,35043.101806640625,35153.166106716846,1,SPY,721287.3585744759
2024-11-26,110.06430007622475,35226.075439453125,35336.139739529346,1,SPY,725053.4797651261
2024-11-27,110.06430007622475,35119.3359375,35229.40023757622,1,SPY,722856.4752349867
2024-11-28,110.06430007622475,35119.3359375,35229.40023757622,1,SPY,722856.4752349867
2024-11-29,110.06430007622475,35337.498779296875,35447.563079373096,1,SPY,727346.8910882133
2024-12-02,110.06430007622475,35400.84228515625,35510.90658523247,1,SPY,728650.6817822065
2024-12-03,110.06430007622475,35417.26318359375,35527.32748366997,1,SPY,728988.6708827364
2024-12-04,110.06430007622475,35637.1875,35747.25180007622,1,SPY,733515.342926274
2024-12-05,110.06430007622475,35578.54248046875,35688.60678054497,1,SPY,732308.2605320086
2024-12-06,110.06430007622475,35645.98388671875,35756.04818679497,1,SPY,733696.3977477443
2024-12-09,110.06430007622475,35462.42431640625,35572.48861648247,1,SPY,729918.2162858887
2024-12-10,110.06430007622475,35352.169189453125,35462.233489529346,1,SPY,727648.8501285173
2024-12-11,110.06430007622475,35625.46142578125,35735.52572585747,1,SPY,733273.986748777
2024-12-12,110.06430007622475,35441.89453125,35551.95883132622,1,SPY,729495.6545335313
2024-12-13,110.06430007622475,35434.859619140625,35544.923919216846,1,SPY,729350.855902372
2024-12-16,110.06430007622475,35586.170654296875,35696.234954373096,1,SPY,732465.2701877633
2024-12-17,110.06430007622475,35439.55078125,35549.61508132622,1,SPY,729447.4134487099
2024-12-18,110.06430007622475,34383.33251953125,34493.39681960747,1,SPY,707707.4178205582
2024-12-19,110.06430007622475,34372.77099609375,34482.83529616997,1,SPY,707490.0314320818
2024-12-20,110.06430007622475,34785.62255859375,34895.68685866997,1,SPY,715987.6985233704
2024-12-23,110.06430007622475,34993.92333984375,35103.98763991997,1,SPY,720275.1249368719
2024-12-24,110.06430007622475,35382.88330078125,35492.94760085747,1,SPY,728281.0344697626
2024-12-25,110.06430007622475,35382.88330078125,35492.94760085747,1,SPY,728281.0344697626
2024-12-26,110.06430007622475,35385.24169921875,35495.30599929497,1,SPY,728329.5770613641
2024-12-27,110.06430007622475,35012.757568359375,35122.821868435596,1,SPY,720662.7872794289
2024-12-30,110.06430007622475,34613.199462890625,34723.263762966846,1,SPY,712438.7375911116
2024-12-31,110.06430007622475,34487.27783203125,34597.34213210747,1,SPY,709846.9099323871
2025-01-01,110.06430007622475,34487.27783203125,34597.34213210747,1,SPY,709846.9099323871
2025-01-02,110.06430007622475,34402.5439453125,34512.60824538872,1,SPY,708102.8439627036
2025-01-03,110.06430007622475,34832.6953125,34942.75961257622,1,SPY,716956.5905613302
2025-01-06,110.06430007622475,35033.349609375,35143.41390945122,1,SPY,721086.6304356018
2025-01-07,110.06430007622475,34637.3291015625,34747.39340163872,1,SPY,712935.3946346868
2025-01-08,110.06430007622475,34687.935791015625,34798.000091091846,1,SPY,713977.0251833538
2025-01-09,110.06430007622475,34687.935791015625,34798.000091091846,1,SPY,713977.0251833538
2025-01-10,110.06430007622475,34158.336181640625,34268.400481716846,1,SPY,703076.3490543993
2025-01-13,110.06430007622475,34211.297607421875,34321.361907498096,1,SPY,704166.4468179728
2025-01-14,110.06430007622475,34258.3740234375,34368.43832351372,1,SPY,705135.4142326275
2025-01-15,110.06430007622475,34881.529541015625,34991.593841091846,1,SPY,717961.738789601
2025-01-16,110.06430007622475,34814.454345703125,34924.518645779346,1,SPY,716581.1392433686
2025-01-17,110.06430007622475,35163.988037109375,35274.052337185596,1,SPY,723775.5432775294
2025-01-20,110.06430007622475,35163.988037109375,35274.052337185596,1,SPY,723775.5432775294
2025-01-21,110.06430007622475,35485.858154296875,35595.922454373096,1,SPY,730400.5517574076
2025-01-22,110.06430007622475,35685.340576171875,35795.404876248096,1,SPY,734506.4710892686
2025-01-23,110.06430007622475,35880.113525390625,35990.177825466846,1,SPY,738515.4559913166
2025-01-24,110.06430007622475,35775.37353515625,35885.43783523247,1,SPY,736359.6071366654
2025-01-27,110.06430007622475,35269.31396484375,35379.37826491997,1,SPY,725943.4524033859
2025-01-28,110.06430007622475,35572.36083984375,35682.42513991997,1,SPY,732181.0246707923
2025-01-29,110.06430007622475,35412.890625,35522.95492507622,1,SPY,728898.6711088665
2025-01-30,110.06430007622475,35602.957763671875,35713.022063748096,1,SPY,732810.7969577966
2025-01-31,110.06430007622475,35413.48388671875,35523.54818679497,1,SPY,728910.8821334619
2025-02-03,110.06430007622475,35175.1611328125,35285.22543288872,1,SPY,724005.5175740764
2025-02-04,110.06430007622475,35411.1328125,35521.19711257622,1,SPY,728862.4902952504
2025-02-05,110.06430007622475,35554.705810546875,35664.770110623096,1,SPY,731817.6336240361
2025-02-06,110.06430007622475,35678.280029296875,35788.344329373096,1,SPY,734361.1448212441
2025-02-07,110.06430007622475,35351.700439453125,35461.764739529346,1,SPY,727639.2019115529
2025-02-10,110.06430007622475,35591.77734375,35701.84164382622,1,SPY,732580.6719078595
2025-02-11,110.06430007622475,35618.843994140625,35728.908294216846,1,SPY,733137.7810608515
2025-02-12,110.06430007622475,35504.1064453125,35614.17074538872,1,SPY,730776.1538287592
2025-02-13,110.06430007622475,35878.93798828125,35989.00228835747,1,SPY,738491.2600722108
2025-02-14,110.06430007622475,35877.1728515625,35987.23715163872,1,SPY,738454.9285052047
2025-02-17,110.06430007622475,35877.1728515625,35987.23715163872,1,SPY,738454.9285052047
2025-02-18,110.06430007622475,35982.498779296875,36092.563079373096,1,SPY,740622.8376310612
2025-02-19,110.06430007622475,36067.239990234375,36177.304290310596,1,SPY,742367.0543541347
2025-02-20,110.06430007622475,35917.18505859375,36027.24935866997,1,SPY,739278.49427514
2025-02-21,110.06430007622475,35302.85888671875,35412.92318679497,1,SPY,726633.9029298921
2025-02-24,110.06430007622475,35142.213134765625,35252.277434841846,1,SPY,723327.3534488606
2025-02-25,110.06430007622475,34967.4462890625,35077.51058913872,1,SPY,719730.1514317803
2025-02-26,110.06430007622475,34985.093994140625,35095.158294216846,1,SPY,720093.3917251463
2025-02-27,110.06430007622475,34426.666259765625,34536.730559841846,1,SPY,708599.3502528887
2025-02-28,110.06430007622475,34963.916015625,35073.98031570122,1,SPY,719657.488297768
2025-03-03,110.06430007622475,34351.34765625,34461.41195632622,1,SPY,707049.0777661363
2025-03-04,110.06430007622475,33944.736328125,34054.80062820122,1,SPY,698679.8525631845
2025-03-05,110.06430007622475,34309.5703125,34419.63461257622,1,SPY,706189.1804291948
2025-03-06,110.06430007622475,33700.535888671875,33810.600188748096,1,SPY,693653.5084082703
2025-03-07,110.06430007622475,33889.427490234375,33999.491790310596,1,SPY,697541.4383380946
2025-03-10,110.06430007622475,32986.7578125,33096.82211257622,1,SPY,678961.9121559996
2025-03-11,110.06430007622475,32712.542724609375,32822.607024685596,1,SPY,673317.7806085914
2025-03-12,110.06430007622475,32886.1376953125,32996.20199538872,1,SPY,676890.862083261
2025-03-13,110.06430007622475,32447.742919921875,32557.8072199981,1,SPY,667867.4425441142
2025-03-14,110.06430007622475,33117.978515625,33228.04281570122,1,SPY,681662.8098924374
2025-03-17,110.06430007622475,33373.359375,33483.42367507622,1,SPY,686919.2790972886
2025-03-18,110.06430007622475,33012.64892578125,33122.71322585747,1,SPY,679494.8253898859
2025-03-19,110.06430007622475,33372.183837890625,33482.248137966846,1,SPY,686895.083178183
2025-03-20,110.06430007622475,33275.687255859375,33385.751555935596,1,SPY,684908.9072640521
2025-03-21,110.06430007622475,33286.658935546875,33396.723235623096,1,SPY,685134.7358423722
2025-03-24,110.06430007622475,33882.7734375,33992.83773757622,1,SPY,697404.4788832188
2025-03-25,110.06430007622475,33964.21875,34074.28305007622,1,SPY,699080.8565807623
2025-03-26,110.06430007622475,33558.75,33668.81430007622,1,SPY,690735.148906661
2025-03-27,110.06430007622475,33469.625244140625,33579.689544216846,1,SPY,688900.7062796324
2025-03-28,110.06430007622475,32795.599365234375,32905.663665310596,1,SPY,675027.3240519495
2025-03-31,110.06430007622475,33015.75439453125,33125.81869460747,1,SPY,679558.7448272742
2025-04-01,110.06430007622475,33109.002685546875,33219.066985623096,1,SPY,681478.0616129105
2025-04-02,110.06430007622475,33318.5302734375,33428.59457351372,1,SPY,685790.7392192482
2025-04-03,110.06430007622475,31676.56494140625,31786.629241482475,1,SPY,651994.3919738894
2025-04-04,110.06430007622475,29822.125854492188,29932.190154568412,1,SPY,613824.7265710387
2025-04-07,110.06430007622475,29769.0087890625,29879.073089138725,1,SPY,612731.4252979263
2025-04-08,110.06430007622475,29302.74169921875,29412.805999294975,1,SPY,603134.31373288
2025-04-09,110.06430007622475,32380.10009765625,32490.164397732475,1,SPY,666475.1596101517
2025-04-10,110.06430007622475,30961.234130859375,31071.2984309356,1,SPY,637270.8360029246
2025-04-11,110.06430007622475,31513.6669921875,31623.731292263725,1,SPY,648641.4858254124
2025-04-14,110.06430007622475,31819.398193359375,31929.4624934356,1,SPY,654934.3092102783
2025-04-15,110.06430007622475,31730.277099609375,31840.3413996856,1,SPY,653099.9419599448
2025-04-16,110.06430007622475,31024.97314453125,31135.037444607475,1,SPY,638582.7673799813
2025-04-17,110.06430007622475,31069.237060546875,31179.3013606231,1,SPY,639493.8454928505
2025-04-18,110.06430007622475,31069.237060546875,31179.3013606231,1,SPY,639493.8454928505
2025-04-21,110.06430007622475,30329.70703125,30439.771331326225,1,SPY,624272.2003211047
2025-04-22,110.06430007622475,31118.814697265625,31228.87899734185,1,SPY,640514.295190213
2025-04-23,110.06430007622475,31601.019287109375,31711.0835871856,1,SPY,650439.4461320449
2025-04-24,110.06430007622475,32266.190185546875,32376.2544856231,1,SPY,664130.5675111369
2025-04-25,110.06430007622475,32499.32373046875,32609.388030544975,1,SPY,668929.12329366
2025-04-28,110.06430007622475,32511.705322265625,32621.76962234185,1,SPY,669183.971899568
2025-04-29,110.06430007622475,32716.519775390625,32826.584075466846,1,SPY,673399.6396993977
2025-04-30,110.06430007622475,32729.498291015625,32839.562591091846,1,SPY,673666.7747065962
2025-05-01,110.06430007622475,32961.448974609375,33071.513274685596,1,SPY,678440.9838166236
2025-05-02,110.06430007622475,33450.732421875,33560.79672195122,1,SPY,688511.837909955
2025-05-05,110.06430007622475,33258.91845703125,33368.98275710747,1,SPY,684563.757377494
2025-05-06,110.06430007622475,32980.931396484375,33090.995696560596,1,SPY,678841.9878342013
2025-05-07,110.06430007622475,33119.630126953125,33229.694427029346,1,SPY,681696.8047818975
2025-05-08,110.06430007622475,33350.401611328125,33460.465911404346,1,SPY,686446.7425961241
2025-05-09,0.0,33383.68953937945,33383.68953937945,1,VNQ,685572.0714269562
2025-05-12,0.0,33548.43249906218,33548.43249906218,1,VNQ,708228.4215366292
2025-05-13,0.0,33121.58702629526,33121.58702629526,1,VNQ,712905.5454634535
2025-05-14,0.0,32795.8376378633,32795.8376378633,1,VNQ,713816.6989530176
2025-05-15,0.0,33394.92010709299,33394.92010709299,1,VNQ,717303.2479817889
2025-05-16,0.0,33810.53201573023,33810.53201573023,1,VNQ,721846.653651624
2025-05-19,0.0,33818.01406684568,33818.01406684568,1,VNQ,722636.2245320991
2025-05-20,0.0,33619.57041477386,33619.57041477386,1,VNQ,720206.6075210866
2025-05-21,0.0,32724.699722151618,32724.699722151618,1,VNQ,708070.5827372293
2025-05-22,0.0,32574.926857532086,32574.926857532086,1,VNQ,708349.9287690232
2025-05-23,0.0,32608.624553505022,32608.624553505022,1,VNQ,703514.9660427988
2025-05-26,0.0,32608.624553505022,32608.624553505022,1,VNQ,703514.9660427988
2025-05-27,0.0,33177.75484694373,33177.75484694373,1,VNQ,718141.5122072557
2025-05-28,0.0,33144.05415455465,33144.05415455465,1,VNQ,713986.673400318
2025-05-29,0.0,33443.59389096143,33443.59389096143,1,VNQ,716805.083404313
2025-05-30,0.0,33443.59389096143,33443.59389096143,1,VNQ,716003.3768759375
2025-06-02,0.0,33488.52515106406,33488.52515106406,1,VNQ,720036.5576970911
2025-06-03,0.0,33421.126762702035,33421.126762702035,1,VNQ,724142.6277823421
2025-06-04,0.0,33514.734803089246,33514.734803089246,1,VNQ,723948.155909156
2025-06-05,0.0,33488.52515106406,33488.52515106406,1,VNQ,720449.5466091793
2025-06-06,0.0,33649.52558698099,33649.52558698099,1,VNQ,727847.8446034055
2025-06-09,0.0,33659.77829608598,33659.77829608598,1,EEM,728503.8479802815
2025-06-10,0.0,33851.834223354934,33851.834223354934,1,EEM,732634.2647380283
2025-06-11,0.0,33994.103046181684,33994.103046181684,1,EEM,730544.6719983115
2025-06-12,0.0,34051.004988474655,34051.004988474655,1,EEM,733448.1822909992
2025-06-13,0.0,33510.403015665055,33510.403015665055,1,EEM,725248.1023917025
2025-06-16,0.0,33921.21716113955,33921.21716113955,1,EEM,732148.2358084527
2025-06-17,0.0,33475.9266400254,33475.9266400254,1,EEM,725892.0454973731
2025-06-18,0.0,33468.74196670298,33468.74196670298,1,EEM,725782.6739128795
2025-06-19,0.0,33468.74196670298,33468.74196670298,1,EEM,725782.6739128795
2025-06-20,0.0,33274.82841588838,33274.82841588838,1,EEM,724078.1807080886
2025-06-23,0.0,33547.745439060855,33547.745439060855,1,EEM,731230.1476629456
2025-06-24,0.0,34416.7836349974,34416.7836349974,1,EEM,739308.2680696781
2025-06-25,0.0,34445.51394803045,34445.51394803045,1,EEM,739722.4630088869
2025-06-26,0.0,34675.342485200505,34675.342485200505,1,EEM,745509.9610302486
2025-06-27,0.0,34538.88118019541,34538.88118019541,1,EEM,749213.8964474963
2025-06-30,0.0,34646.61496558633,34646.61496558633,1,EEM,752796.0231255699
2025-07-01,0.0,34711.2546781371,34711.2546781371,1,EEM,752552.405647222
2025-07-02,0.0,34862.07974294929,34862.07974294929,1,EEM,755964.03024113
2025-07-03,0.0,35020.08389424616,35020.08389424616,1,EEM,761921.9549699624
2025-07-04,0.0,35020.08389424616,35020.08389424616,1,EEM,761921.9549699624
2025-07-07,0.0,34524.517420388314,34524.517420388314,1,EEM,756244.0546631792
2025-07-08,0.0,34739.982197751284,34739.982197751284,1,EEM,755829.9351006655
2025-07-09,0.0,34646.77725600059,34646.77725600059,1,EFA,760362.3357730256
2025-07-10,0.0,34623.643016360555,34623.643016360555,1,EFA,762506.7273700316
2025-07-11,0.0,34292.094835873046,34292.094835873046,1,EFA,759826.3320946429
2025-07-14,0.0,34292.094835873046,34292.094835873046,1,EFA,761276.202823611
2025-07-15,0.0,33933.561272105224,33933.561272105224,1,EFA,758023.1707960533
2025-07-16,0.0,34072.34845807986,34072.34845807986,1,EFA,760557.3352830771
2025-07-17,0.0,34161.01906311175,34161.01906311175,1,EFA,765211.6200713062
2025-07-18,0.0,34064.64008684411,34064.64008684411,1,EFA,764651.2697204278
2025-07-21,0.0,34245.83548252576,34245.83548252576,1,EFA,766101.1404493958
2025-07-22,0.0,34434.739249443155,34434.739249443155,1,EFA,766210.8135406694
2025-07-23,0.0,35290.59660493104,35290.59660493104,1,EFA,772729.3147504653
2025-07-24,0.0,35028.445059408456,35028.445059408456,1,EFA,772985.0678767138
2025-07-25,0.0,34986.03380772385,34986.03380772385,1,EFA,776250.461682257
2025-07-28,0.0,34423.173650611934,34423.173650611934,1,EFA,776055.5375489006
2025-07-29,0.0,34353.780057624615,34353.780057624615,1,EFA,774008.6833952678
2025-07-30,0.0,34107.048296551126,34107.048296551126,1,EFA,773033.9873517905
2025-07-31,0.0,33740.80027759235,33740.80027759235,1,EFA,770134.0951404644
2025-08-01,0.0,33652.132714538064,33652.132714538064,1,EFA,757511.2122833862
2025-08-04,0.0,34099.336883337775,34099.336883337775,1,EFA,769025.3039565226
2025-08-05,0.0,34095.482697719905,34095.482697719905,1,EFA,765126.3690292235
2025-08-06,0.0,34319.08326113096,34319.08326113096,1,EFA,770986.9070680726
2025-08-07,0.0,34627.50024395603,34627.50024395603,1,EFA,770341.1549217212
2025-08-08,0.0,34803.682398092795,34803.682398092795,1,EEM,776347.9237489352
2025-08-11,0.0,34705.12902446573,34705.12902446573,1,EEM,774812.7266011894
2025-08-12,0.0,35127.50531939427,35127.50531939427,1,EEM,783061.3490920876
2025-08-13,0.0,35549.87887634883,35549.87887634883,1,EEM,785741.9704975615
2025-08-14,0.0,35113.42665715812,35113.42665715812,1,EEM,785815.0858917439
2025-08-15,0.0,35155.66264386658,35155.66264386658,1,EEM,783975.2161426729
2025-08-18,0.0,35359.811460212775,35359.811460212775,1,EEM,783804.6386818123
2025-08-19,0.0,35071.18793247567,35071.18793247567,1,EEM,779552.4131848915
2025-08-20,0.0,35021.91261464913,35021.91261464913,1,EEM,777481.0616053728
2025-08-21,0.0,34944.477234376296,34944.477234376296,1,EEM,774362.0493415846
2025-08-22,0.0,35641.3956568318,35641.3956568318,1,EEM,786253.7028801434
2025-08-25,0.0,35437.246840485604,35437.246840485604,1,EEM,782793.3095645488
2025-08-26,0.0,35345.73279797662,35345.73279797662,1,EEM,786070.8390179924
2025-08-27,0.0,35134.54465051235,35134.54465051235,1,EEM,787862.0154220718
2025-08-28,0.0,35268.2946797298,35268.2946797298,1,EEM,790652.0837887342
2025-08-29,0.0,35099.34799492196,35099.34799492196,1,EEM,785936.8192542229
2025-09-01,0.0,35099.34799492196,35099.34799492196,1,EEM,785936.8192542229
2025-09-02,0.0,35071.18793247567,35071.18793247567,1,EEM,780112.91428916
2025-09-03,0.0,35204.93796169312,35204.93796169312,1,EEM,784340.7177368901
2025-09-04,0.0,35092.305925829896,35092.305925829896,1,EEM,790895.8520204723
2025-09-05,0.0,35514.68222075844,35514.68222075844,1,EEM,788605.1542584064
2025-09-08,37.10250009486103,35801.38018798828,35838.48268808314,1,EEM,790542.4106974605
2025-09-09,37.10250009486103,35998.28276824951,36035.38526834437,1,EEM,792370.0694219361
2025-09-10,37.10250009486103,36244.41509628296,36281.51759637782,1,EEM,794660.6164306119
2025-09-11,37.10250009486103,36771.837215423584,36808.93971551844,1,EEM,801264.5194358807
2025-09-12,37.10250009486103,36750.73836135864,36787.8408614535,1,EEM,800996.4045316469
2025-09-15,37.10250009486103,37017.96407318115,37055.06657327601,1,EEM,805260.8410531632
2025-09-16,37.10250009486103,37292.224559783936,37329.32705987879,1,EEM,804152.0498692214
2025-09-17,37.10250009486103,37453.966941833496,37491.06944192835,1,EEM,803153.0825299433
2025-09-18,37.10250009486103,37362.550426483154,37399.65292657801,1,EEM,806905.7866688777
2025-09-19,37.10250009486103,37278.16048049927,37315.262980594125,1,EEM,810902.2590395501
2025-09-22,37.10250009486103,37460.99898147583,37498.10148157069,1,EEM,814738.6313099716
2025-09-23,37.10250009486103,37482.09510040283,37519.19760049769,1,EEM,810303.6173275945
2025-09-24,37.10250009486103,37355.51565170288,37392.61815179774,1,EEM,807725.5082273663
2025-09-25,37.10250009486103,37137.51421737671,37174.61671747157,1,EEM,803999.1105549985
2025-09-26,37.10250009486103,37067.19108581543,37104.29358591029,1,EEM,808605.3050117964
2025-09-29,37.10250009486103,37404.73992919922,37441.842429294076,1,EEM,810877.8369903592
2025-09-30,37.10250009486103,37552.42096710205,37589.52346719691,1,EEM,813932.2514265039
2025-10-01,37.10250009486103,37847.7748374939,37884.877337588754,1,EEM,816705.812296954
2025-10-02,37.10250009486103,38023.581298828125,38060.68379892298,1,EEM,817646.3626975811
2025-10-03,37.10250009486103,38136.09940338135,38173.201903476205,1,EEM,817634.3024263758
2025-10-06,37.10250009486103,38311.905864715576,38349.008364810434,1,EEM,820566.6066165662
2025-10-07,37.10250009486103,38016.55199432373,38053.65449441859,1,EEM,817524.327828322
2025-10-08,37.10250009486103,38318.94063949585,38356.04313959071,1,EEM,822399.240202914
2025-10-09,37.10250009486103,37925.13000869751,37962.23250879237,1,EEM,820016.8090029923
2025-10-10,37.10250009486103,36525.70488739014,36562.807387484994,1,EEM,797853.4978555329
2025-10-13,37.10250009486103,37587.58116531372,37624.68366540858,1,EEM,810095.8037793874
2025-10-14,37.10250009486103,37250.03232192993,37287.13482202479,1,EEM,809106.1831502935
2025-10-15,37.10250009486103,37861.841651916504,37898.94415201136,1,EEM,812698.1841754166
2025-10-16,37.10250009486103,38107.96850967407,38145.07100976893,1,EEM,807163.574965892
2025-10-17,37.10250009486103,38100.93647003174,38138.038970126596,1,EEM,811745.2719968039
2025-10-20,37.10250009486103,38621.32654953003,38658.42904962489,1,EEM,820187.7633473282
2025-10-21,37.10250009486103,38192.3611907959,38229.463690890756,1,EEM,820175.5523227328
2025-10-22,37.10250009486103,38157.19552230835,38194.29802240321,1,EEM,815911.4926846917
2025-10-23,37.10250009486103,38494.74710083008,38531.849600924936,1,EEM,820749.8473621925
2025-10-24,37.10250009486103,38747.90873336792,38785.01123346278,1,EEM,827457.4686998273
2025-10-27,37.10250009486103,39176.87956237793,39213.98206247279,1,EEM,837219.5044736068
2025-10-28,37.10250009486103,39162.81274795532,39199.91524805018,1,EEM,839443.267730483
2025-10-29,37.10250009486103,39387.84622192383,39424.948722018686,1,EEM,839846.4576722168
2025-10-30,37.10250009486103,38979.97424697876,39017.07674707362,1,EEM,830609.7220861254
2025-10-31,37.10250009486103,38888.55499649048,38925.657496585336,1,EEM,833334.2881048037
2025-11-03,37.10250009486103,39134.687324523926,39171.78982461878,1,EEM,834898.2037733573
2025-11-04,37.10250009486103,38417.391929626465,38454.49442972132,1,EEM,825001.6959756382
2025-11-05,37.10250009486103,38761.97281265259,38799.075312747445,1,EEM,827860.7340182562
2025-11-06,37.10250009486103,38473.64824676514,38510.750746859994,1,EEM,818978.2688988218
2025-11-07,37.10250009486103,38361.13287734985,38398.23537744471,1,EEM,819784.5734055944
2025-11-10,37.10250009486103,39036.23056411743,39073.33306421229,1,EEM,832576.7523197178
2025-11-11,37.10250009486103,39078.425537109375,39115.52803720423,1,EEM,834482.727430333
2025-11-12,37.10250009486103,39085.45757675171,39122.56007684657,1,EEM,834947.0478717389
2025-11-13,37.10250009486103,38628.3613243103,38665.46382440516,1,EEM,821091.9068042542
2025-11-14,37.10250009486103,38649.457443237305,38686.55994333216,1,EEM,820957.5855337046
2025-11-17,37.10250009486103,38192.3611907959,38229.463690890756,1,EEM,813309.1122886626
2025-11-18,37.10250009486103,38002.48517990112,38039.58767999598,1,EEM,806479.3807050736
2025-11-19,37.10250009486103,37868.8709564209,37905.973456515756,1,EEM,809594.9256408903
2025-11-20,37.10250009486103,37348.48361206055,37385.586112155404,1,EEM,797254.8561435775
2025-11-21,37.10250009486103,37341.45157241821,37378.55407251307,1,EEM,805196.4693556046
2025-11-24,37.10250009486103,37735.25946807861,37772.36196817347,1,EEM,817047.7963623207
2025-11-25,37.10250009486103,37868.8709564209,37905.973456515756,1,EEM,824732.902681149
2025-11-26,37.10250009486103,38143.13417816162,38180.23667825648,1,EEM,830426.405963804
2025-11-27,37.10250009486103,38143.13417816162,38180.23667825648,1,EEM,830426.405963804
2025-11-28,37.10250009486103,38199.39049530029,38236.49299539515,1,EEM,834959.2588963343
2025-12-01,0.0,38171.26233673096,38171.26233673096,1,EEM,831147.3086751038
2025-12-02,0.0,38185.326416015625,38185.326416015625,1,EEM,832686.7269177715
2025-12-03,0.0,38213.4573097229,38213.4573097229,1,EEM,835570.1870095803
2025-12-04,0.0,38206.42527008057,38206.42527008057,1,EEM,836181.1151228263
2025-12-05,0.0,38494.74710083008,38494.74710083008,1,EEM,837769.3020871807
2025-12-08,0.0,38410.35715484619,38410.35715484619,1,EEM,835252.5496167095
2025-12-09,0.0,38347.068798065186,38347.068798065186,1,EEM,834531.5715287147
2025-12-10,0.0,38776.036891937256,38776.036891937256,1,EEM,840066.3314916294
2025-12-11,0.0,38593.19839096069,38593.19839096069,1,EEM,842021.1507006263
2025-12-12,0.0,38143.13417816162,38143.13417816162,1,EEM,832967.7312368561
2025-12-15,0.0,38030.6160736084,38030.6160736084,1,EEM,831709.241936578
2025-12-16,0.0,37790.23574066162,37790.23574066162,1,EEM,829436.7853347101
2025-12-17,0.0,37519.18357086182,37519.18357086182,1,EEM,820310.0243466725
2025-12-18,0.0,37947.161544799805,37947.161544799805,1,EEM,826504.3303911296
2025-12-19,0.0,38318.07360076904,38318.07360076904,1,EEM,833995.4170969418
2025-12-22,0.0,38524.926612854004,38524.926612854004,1,EEM,839191.0573089012
2025-12-23,0.0,38738.915599823,38738.915599823,1,EEM,843026.6004356772
2025-12-24,0.0,38817.37576675415,38817.37576675415,1,EEM,845992.0703716824
2025-12-25,0.0,38817.37576675415,38817.37576675415,1,EEM,845992.0703716824
2025-12-26,0.0,39088.427936553955,39088.427936553955,1,EEM,845906.2916927343
2025-12-29,0.0,38988.56805038452,38988.56805038452,1,EEM,842891.7515282624
2025-12-30,0.0,39145.491119384766,39145.491119384766,1,EEM,841862.4073808859
2025-12-31,0.0,39145.491119384766,39145.491119384766,1,EEM,841862.4073808859
